,accuracy,time,cweights_time,fsubsequence_time,tdataset_time,tclassifier_time,dataset_name,classifier_name,range_q,method,len_method
0,0.7389558232931727,153.542138338089,0.22266292572021484,152.59053707122803,0.6851646900177002,0.03905057907104492,InsectEPGRegularTrain,ACF&PACF: p=0 q=0,0,Rsastmf,ACF&PACF
1,0.9959839357429718,142.04397535324097,0.21145367622375488,141.1262288093567,0.6695339679718018,0.033135175704956055,InsectEPGRegularTrain,ACF&PACF: p=0 q=0,0,DictRsast,ACF&PACF
2,0.7389558232931727,170.72239661216736,0.26852869987487793,169.68576908111572,0.7299478054046631,0.033614397048950195,InsectEPGRegularTrain,ACF&PACF: p=0 q=0.1,0.1,Rsastmf,ACF&PACF
3,1.0,159.93904614448547,0.25069117546081543,158.9355766773224,0.7166459560394287,0.032473087310791016,InsectEPGRegularTrain,ACF&PACF: p=0 q=0.1,0.1,DictRsast,ACF&PACF
4,0.7389558232931727,174.44354248046875,0.16204118728637695,173.49424505233765,0.7461967468261719,0.03537726402282715,InsectEPGRegularTrain,ACF&PACF: p=0.1 q=0.1,0.1,Rsastmf,ACF&PACF
5,1.0,177.41738295555115,0.272017240524292,176.31521821022034,0.7809863090515137,0.04207944869995117,InsectEPGRegularTrain,ACF&PACF: p=0.1 q=0.1,0.1,DictRsast,ACF&PACF
