,accuracy,time,cweights_time,fsubsequence_time,tdataset_time,tclassifier_time,dataset_name,classifier_name,range_q,method,len_method
0,0.8289473684210527,8.916383028030396,0.07394146919250488,8.784574270248413,0.0480046272277832,0.007942676544189453,ToeSegmentation1,ACF&PACF: p=0 q=0,0,Rsastmf,ACF&PACF
1,0.8596491228070176,10.117929220199585,0.07465362548828125,9.98884391784668,0.04679083824157715,0.0059051513671875,ToeSegmentation1,ACF&PACF: p=0 q=0,0,DictRsast,ACF&PACF
2,0.8289473684210527,5.660917282104492,0.07341432571411133,5.534109592437744,0.043946266174316406,0.007818937301635742,ToeSegmentation1,ACF&PACF: p=0 q=0.1,0.1,Rsastmf,ACF&PACF
3,0.8377192982456141,4.994163990020752,0.07687854766845703,4.8683881759643555,0.04136180877685547,0.004635810852050781,ToeSegmentation1,ACF&PACF: p=0 q=0.1,0.1,DictRsast,ACF&PACF
4,0.8377192982456141,6.1294474601745605,0.07213759422302246,6.00563907623291,0.04356980323791504,0.005865335464477539,ToeSegmentation1,ACF&PACF: p=0.1 q=0.1,0.1,Rsastmf,ACF&PACF
5,0.8903508771929824,5.154371976852417,0.07297825813293457,5.030463457107544,0.045890092849731445,0.003666400909423828,ToeSegmentation1,ACF&PACF: p=0.1 q=0.1,0.1,DictRsast,ACF&PACF
