,accuracy,time,cweights_time,fsubsequence_time,tdataset_time,tclassifier_time,dataset_name,classifier_name,range_q,method,len_method
0,0.570446735395189,0.3936753273010254,0.035836219787597656,0.14920759201049805,0.0702822208404541,0.1371784210205078,ProximalPhalanxOutlineCorrect,ACF&PACF: p=0 q=0,0,Rsastmf,ACF&PACF
1,0.7697594501718213,0.36354994773864746,0.03527188301086426,0.15013670921325684,0.06465935707092285,0.11246633529663086,ProximalPhalanxOutlineCorrect,ACF&PACF: p=0 q=0,0,DictRsast,ACF&PACF
2,0.6013745704467354,0.37255096435546875,0.03830099105834961,0.12288022041320801,0.07300186157226562,0.13709735870361328,ProximalPhalanxOutlineCorrect,ACF&PACF: p=0 q=0.1,0.1,Rsastmf,ACF&PACF
3,0.7663230240549829,0.34566569328308105,0.038784027099609375,0.12530255317687988,0.07526493072509766,0.10514330863952637,ProximalPhalanxOutlineCorrect,ACF&PACF: p=0 q=0.1,0.1,DictRsast,ACF&PACF
4,0.6323024054982818,0.4790036678314209,0.0469355583190918,0.16521000862121582,0.06966829299926758,0.19535088539123535,ProximalPhalanxOutlineCorrect,ACF&PACF: p=0.1 q=0.1,0.1,Rsastmf,ACF&PACF
5,0.8041237113402062,0.4580042362213135,0.04732489585876465,0.1424405574798584,0.07908201217651367,0.18732523918151855,ProximalPhalanxOutlineCorrect,ACF&PACF: p=0.1 q=0.1,0.1,DictRsast,ACF&PACF
