,accuracy,time,cweights_time,fsubsequence_time,tdataset_time,tclassifier_time,dataset_name,classifier_name,range_q,method,len_method
0,0.5760869565217391,0.3273334503173828,0.03517413139343262,0.12319517135620117,0.0610203742980957,0.10590982437133789,DistalPhalanxOutlineCorrect,ACF&PACF: p=0 q=0,0,Rsastmf,ACF&PACF
1,0.7536231884057971,0.36198949813842773,0.04175138473510742,0.13418817520141602,0.07041478157043457,0.11191558837890625,DistalPhalanxOutlineCorrect,ACF&PACF: p=0 q=0,0,DictRsast,ACF&PACF
2,0.5652173913043478,0.41515159606933594,0.04701113700866699,0.1671154499053955,0.07428908348083496,0.12537336349487305,DistalPhalanxOutlineCorrect,ACF&PACF: p=0 q=0.1,0.1,Rsastmf,ACF&PACF
3,0.7608695652173914,0.3275442123413086,0.0298917293548584,0.12099838256835938,0.0708303451538086,0.1049509048461914,DistalPhalanxOutlineCorrect,ACF&PACF: p=0 q=0.1,0.1,DictRsast,ACF&PACF
4,0.5579710144927537,0.4115417003631592,0.04715895652770996,0.1590585708618164,0.07486128807067871,0.12913131713867188,DistalPhalanxOutlineCorrect,ACF&PACF: p=0.1 q=0.1,0.1,Rsastmf,ACF&PACF
5,0.7536231884057971,0.40422844886779785,0.04668021202087402,0.15118980407714844,0.0774681568145752,0.12742185592651367,DistalPhalanxOutlineCorrect,ACF&PACF: p=0.1 q=0.1,0.1,DictRsast,ACF&PACF
