,accuracy,time,cweights_time,fsubsequence_time,tdataset_time,tclassifier_time,dataset_name,classifier_name,range_q,method,len_method
0,0.7050359712230215,0.3562455177307129,0.030214548110961914,0.18310546875,0.06512165069580078,0.07628774642944336,DistalPhalanxOutlineAgeGroup,ACF&PACF: p=0 q=0,0,Rsastmf,ACF&PACF
1,0.7697841726618705,0.3354170322418213,0.03023982048034668,0.18309426307678223,0.05364251136779785,0.06664013862609863,DistalPhalanxOutlineAgeGroup,ACF&PACF: p=0 q=0,0,DictRsast,ACF&PACF
2,0.697841726618705,0.352100133895874,0.03873300552368164,0.1815781593322754,0.06191873550415039,0.06838750839233398,DistalPhalanxOutlineAgeGroup,ACF&PACF: p=0 q=0.1,0.1,Rsastmf,ACF&PACF
3,0.7266187050359713,0.364687442779541,0.03966856002807617,0.19528508186340332,0.058876752853393555,0.06948971748352051,DistalPhalanxOutlineAgeGroup,ACF&PACF: p=0 q=0.1,0.1,DictRsast,ACF&PACF
4,0.7482014388489209,0.36096882820129395,0.039905548095703125,0.19177889823913574,0.0641181468963623,0.0633399486541748,DistalPhalanxOutlineAgeGroup,ACF&PACF: p=0.1 q=0.1,0.1,Rsastmf,ACF&PACF
5,0.8057553956834532,0.3557915687561035,0.039778947830200195,0.19301962852478027,0.06073713302612305,0.06076931953430176,DistalPhalanxOutlineAgeGroup,ACF&PACF: p=0.1 q=0.1,0.1,DictRsast,ACF&PACF
