,accuracy,time,cweights_time,fsubsequence_time,tdataset_time,tclassifier_time,dataset_name,classifier_name,range_q,method,len_method
0,0.8354430379746836,0.9754338264465332,0.05967092514038086,0.810805082321167,0.07826566696166992,0.025003433227539062,GunPointAgeSpan,ACF&PACF: p=0 q=0,0,Rsastmf,ACF&PACF
1,0.8227848101265823,0.9881041049957275,0.06281566619873047,0.8276429176330566,0.07294130325317383,0.02288198471069336,GunPointAgeSpan,ACF&PACF: p=0 q=0,0,DictRsast,ACF&PACF
2,0.8006329113924051,0.8728635311126709,0.05770468711853027,0.7155020236968994,0.08141660690307617,0.016614437103271484,GunPointAgeSpan,ACF&PACF: p=0 q=0.1,0.1,Rsastmf,ACF&PACF
3,0.9556962025316456,0.6288752555847168,0.03885602951049805,0.48073458671569824,0.08313226699829102,0.025083303451538086,GunPointAgeSpan,ACF&PACF: p=0 q=0.1,0.1,DictRsast,ACF&PACF
4,0.8291139240506329,0.6384773254394531,0.05704689025878906,0.47516560554504395,0.07963180541992188,0.025307416915893555,GunPointAgeSpan,ACF&PACF: p=0.1 q=0.1,0.1,Rsastmf,ACF&PACF
5,0.9493670886075949,0.6324846744537354,0.057943105697631836,0.47121620178222656,0.07508301734924316,0.026984691619873047,GunPointAgeSpan,ACF&PACF: p=0.1 q=0.1,0.1,DictRsast,ACF&PACF
