,accuracy,time,cweights_time,fsubsequence_time,tdataset_time,tclassifier_time,dataset_name,classifier_name,range_q,method,len_method
0,0.7272727272727273,16.942222118377686,0.08736467361450195,16.795051097869873,0.05051231384277344,0.0060214996337890625,FaceFour,ACF&PACF: p=0 q=0,0,Rsastmf,ACF&PACF
1,0.9431818181818182,20.396442890167236,0.09959769248962402,20.247705698013306,0.04024028778076172,0.007140398025512695,FaceFour,ACF&PACF: p=0 q=0,0,DictRsast,ACF&PACF
2,0.7045454545454546,20.49423623085022,0.08786725997924805,20.33837080001831,0.05943608283996582,0.006219625473022461,FaceFour,ACF&PACF: p=0 q=0.1,0.1,Rsastmf,ACF&PACF
3,0.9431818181818182,20.816224098205566,0.13148736953735352,20.63250160217285,0.044569969177246094,0.00602412223815918,FaceFour,ACF&PACF: p=0 q=0.1,0.1,DictRsast,ACF&PACF
4,0.6818181818181818,24.41789150238037,0.1322338581085205,24.23626136779785,0.04305005073547363,0.004745960235595703,FaceFour,ACF&PACF: p=0.1 q=0.1,0.1,Rsastmf,ACF&PACF
5,0.9659090909090909,24.610018730163574,0.0873863697052002,24.460779190063477,0.05509471893310547,0.00560307502746582,FaceFour,ACF&PACF: p=0.1 q=0.1,0.1,DictRsast,ACF&PACF
