,accuracy,time,cweights_time,fsubsequence_time,tdataset_time,tclassifier_time,dataset_name,classifier_name,range_q,method,len_method
0,0.7581699346405228,8.495426416397095,0.08008909225463867,8.379334211349487,0.02925252914428711,0.003449678421020508,DiatomSizeReduction,ACF&PACF: p=0 q=0,0,Rsastmf,ACF&PACF
1,0.8823529411764706,16.986879348754883,0.13193774223327637,16.806528329849243,0.040357351303100586,0.005769252777099609,DiatomSizeReduction,ACF&PACF: p=0 q=0,0,DictRsast,ACF&PACF
2,0.7483660130718954,13.221492290496826,0.13292264938354492,13.04326844215393,0.03717803955078125,0.005294322967529297,DiatomSizeReduction,ACF&PACF: p=0 q=0.1,0.1,Rsastmf,ACF&PACF
3,0.8823529411764706,16.023313522338867,0.09770512580871582,15.886677265167236,0.03152346611022949,0.004694223403930664,DiatomSizeReduction,ACF&PACF: p=0 q=0.1,0.1,DictRsast,ACF&PACF
4,0.7647058823529411,13.102298259735107,0.09856390953063965,12.959694147109985,0.03571510314941406,0.005620002746582031,DiatomSizeReduction,ACF&PACF: p=0.1 q=0.1,0.1,Rsastmf,ACF&PACF
5,0.8202614379084967,13.125378131866455,0.09797000885009766,12.984660387039185,0.034996986389160156,0.005281209945678711,DiatomSizeReduction,ACF&PACF: p=0.1 q=0.1,0.1,DictRsast,ACF&PACF
