,accuracy,time,cweights_time,fsubsequence_time,tdataset_time,tclassifier_time,dataset_name,classifier_name,range_q,method,len_method
0,0.7142857142857143,29.33882236480713,0.10445785522460938,29.027491331100464,0.18698954582214355,0.017367839813232422,Ham,ACF&PACF: p=0 q=0,0,Rsastmf,ACF&PACF
1,0.7142857142857143,28.48664689064026,0.15025997161865234,28.167251348495483,0.15217876434326172,0.015602827072143555,Ham,ACF&PACF: p=0 q=0,0,DictRsast,ACF&PACF
2,0.6857142857142857,29.633384943008423,0.11480545997619629,29.3484787940979,0.15263867378234863,0.016073226928710938,Ham,ACF&PACF: p=0 q=0.1,0.1,Rsastmf,ACF&PACF
3,0.6952380952380952,38.32869362831116,0.13185381889343262,38.03399181365967,0.14805078506469727,0.013399600982666016,Ham,ACF&PACF: p=0 q=0.1,0.1,DictRsast,ACF&PACF
4,0.6857142857142857,32.24754786491394,0.13487482070922852,31.954524517059326,0.13653182983398438,0.018457412719726562,Ham,ACF&PACF: p=0.1 q=0.1,0.1,Rsastmf,ACF&PACF
5,0.7333333333333333,40.15965485572815,0.12835144996643066,39.85209345817566,0.16025209426879883,0.016971826553344727,Ham,ACF&PACF: p=0.1 q=0.1,0.1,DictRsast,ACF&PACF
