,accuracy,time,cweights_time,fsubsequence_time,tdataset_time,tclassifier_time,dataset_name,classifier_name,range_q,method,len_method
0,0.589041095890411,41.756664752960205,0.1806938648223877,41.23515343666077,0.3100168704986572,0.029665708541870117,Lightning7,ACF&PACF: p=0 q=0,0,Rsastmf,ACF&PACF
1,0.589041095890411,44.64578604698181,0.1004939079284668,44.25506067276001,0.2566182613372803,0.031595706939697266,Lightning7,ACF&PACF: p=0 q=0,0,DictRsast,ACF&PACF
2,0.5616438356164384,45.17312788963318,0.13654541969299316,44.69612526893616,0.3028445243835449,0.03211236000061035,Lightning7,ACF&PACF: p=0 q=0.1,0.1,Rsastmf,ACF&PACF
3,0.5205479452054794,50.64095759391785,0.1377420425415039,50.20866870880127,0.2624845504760742,0.027786731719970703,Lightning7,ACF&PACF: p=0 q=0.1,0.1,DictRsast,ACF&PACF
4,0.589041095890411,39.51910042762756,0.10153031349182129,39.09992074966431,0.2822401523590088,0.03222179412841797,Lightning7,ACF&PACF: p=0.1 q=0.1,0.1,Rsastmf,ACF&PACF
5,0.4657534246575342,35.33987069129944,0.12546205520629883,34.85858941078186,0.3160116672515869,0.03613471984863281,Lightning7,ACF&PACF: p=0.1 q=0.1,0.1,DictRsast,ACF&PACF
