,accuracy,time,cweights_time,fsubsequence_time,tdataset_time,tclassifier_time,dataset_name,classifier_name,range_q,method,len_method
0,0.7533333333333333,0.8021576404571533,0.043741464614868164,0.7100286483764648,0.04038715362548828,0.0069086551666259766,GunPoint,ACF&PACF: p=0 q=0,0,Rsastmf,ACF&PACF
1,0.7,0.8032643795013428,0.04405856132507324,0.7108864784240723,0.0372462272644043,0.009418010711669922,GunPoint,ACF&PACF: p=0 q=0,0,DictRsast,ACF&PACF
2,0.76,0.8227307796478271,0.053745269775390625,0.7165572643280029,0.04512643814086914,0.005865335464477539,GunPoint,ACF&PACF: p=0 q=0.1,0.1,Rsastmf,ACF&PACF
3,0.9,0.8108854293823242,0.044476985931396484,0.7191240787506104,0.03969216346740723,0.006304025650024414,GunPoint,ACF&PACF: p=0 q=0.1,0.1,DictRsast,ACF&PACF
4,0.7533333333333333,0.8010115623474121,0.04359316825866699,0.7106680870056152,0.03754591941833496,0.0072672367095947266,GunPoint,ACF&PACF: p=0.1 q=0.1,0.1,Rsastmf,ACF&PACF
5,0.9133333333333333,0.806999683380127,0.04417753219604492,0.7116167545318604,0.03992295265197754,0.010144710540771484,GunPoint,ACF&PACF: p=0.1 q=0.1,0.1,DictRsast,ACF&PACF
