,accuracy,time,cweights_time,fsubsequence_time,tdataset_time,tclassifier_time,dataset_name,classifier_name,range_q,method,len_method
0,0.8688046647230321,0.037078142166137695,0.0073168277740478516,0.021552324295043945,0.005738735198974609,0.0020241737365722656,Chinatown,ACF&PACF: p=0 q=0,0,Rsastmf,ACF&PACF
1,0.9416909620991254,0.05801963806152344,0.011290550231933594,0.035866498947143555,0.007284879684448242,0.0028252601623535156,Chinatown,ACF&PACF: p=0 q=0,0,DictRsast,ACF&PACF
2,0.8163265306122449,0.03880953788757324,0.007248401641845703,0.021406888961791992,0.007575511932373047,0.002165555953979492,Chinatown,ACF&PACF: p=0 q=0.1,0.1,Rsastmf,ACF&PACF
3,0.9416909620991254,0.03734707832336426,0.007305145263671875,0.02184605598449707,0.005734443664550781,0.002061128616333008,Chinatown,ACF&PACF: p=0 q=0.1,0.1,DictRsast,ACF&PACF
4,0.924198250728863,0.037029266357421875,0.0073282718658447266,0.021559715270996094,0.005749702453613281,0.0019948482513427734,Chinatown,ACF&PACF: p=0.1 q=0.1,0.1,Rsastmf,ACF&PACF
5,0.9504373177842566,0.03740739822387695,0.007367849349975586,0.02185845375061035,0.005724191665649414,0.002055644989013672,Chinatown,ACF&PACF: p=0.1 q=0.1,0.1,DictRsast,ACF&PACF
