,accuracy,time,cweights_time,fsubsequence_time,tdataset_time,tclassifier_time,dataset_name,classifier_name,range_q,method,len_method
0,0.85,158.39933967590332,0.2067422866821289,157.5566623210907,0.6012363433837891,0.03128361701965332,Car,ACF&PACF: p=0 q=0,0,Rsastmf,ACF&PACF
1,0.55,188.5593445301056,0.16417908668518066,187.7699544429779,0.5866312980651855,0.03466200828552246,Car,ACF&PACF: p=0 q=0,0,DictRsast,ACF&PACF
2,0.8,227.9720356464386,0.17860746383666992,227.15271139144897,0.593529462814331,0.04129528999328613,Car,ACF&PACF: p=0 q=0.1,0.1,Rsastmf,ACF&PACF
3,0.6833333333333333,223.2927122116089,0.1529691219329834,222.52203345298767,0.5804402828216553,0.03410792350769043,Car,ACF&PACF: p=0 q=0.1,0.1,DictRsast,ACF&PACF
4,0.85,183.5344591140747,0.15242576599121094,182.76003122329712,0.5834379196166992,0.03503823280334473,Car,ACF&PACF: p=0.1 q=0.1,0.1,Rsastmf,ACF&PACF
5,0.7666666666666667,196.0193886756897,0.1549365520477295,195.18480730056763,0.6337640285491943,0.03884100914001465,Car,ACF&PACF: p=0.1 q=0.1,0.1,DictRsast,ACF&PACF
