,accuracy,time,cweights_time,fsubsequence_time,tdataset_time,tclassifier_time,dataset_name,classifier_name,range_q,method,len_method
0,0.6433566433566433,1.076378345489502,0.048218488693237305,0.12537217140197754,0.1671900749206543,0.7346892356872559,PhalangesOutlinesCorrect,ACF&PACF: p=0 q=0,0,Rsastmf,ACF&PACF
1,0.6946386946386947,0.9481112957000732,0.038153886795043945,0.11084938049316406,0.16755294799804688,0.6307404041290283,PhalangesOutlinesCorrect,ACF&PACF: p=0 q=0,0,DictRsast,ACF&PACF
2,0.5862470862470862,0.36733174324035645,0.03978896141052246,0.09553050994873047,0.1627671718597412,0.06827092170715332,PhalangesOutlinesCorrect,ACF&PACF: p=0 q=0.1,0.1,Rsastmf,ACF&PACF
3,0.6736596736596736,0.3348844051361084,0.029740333557128906,0.08886432647705078,0.15970563888549805,0.05579113960266113,PhalangesOutlinesCorrect,ACF&PACF: p=0 q=0.1,0.1,DictRsast,ACF&PACF
4,0.6212121212121212,0.3817555904388428,0.05777907371520996,0.09486842155456543,0.1629176139831543,0.06522417068481445,PhalangesOutlinesCorrect,ACF&PACF: p=0.1 q=0.1,0.1,Rsastmf,ACF&PACF
5,0.6876456876456877,0.9554519653320312,0.048375844955444336,0.09745669364929199,0.16117548942565918,0.6475980281829834,PhalangesOutlinesCorrect,ACF&PACF: p=0.1 q=0.1,0.1,DictRsast,ACF&PACF
