,accuracy,time,cweights_time,fsubsequence_time,tdataset_time,tclassifier_time,dataset_name,classifier_name,range_q,method,len_method
0,0.6883116883116883,342.53795552253723,0.28481054306030273,339.558522939682,2.5701804161071777,0.11944103240966797,WormsTwoClass,ACF&PACF: p=0 q=0,0,Rsastmf,ACF&PACF
1,0.7922077922077922,329.2561044692993,0.4770779609680176,326.27118015289307,2.393249273300171,0.1079254150390625,WormsTwoClass,ACF&PACF: p=0 q=0,0,DictRsast,ACF&PACF
2,0.6103896103896104,303.06723380088806,0.4726836681365967,299.5186564922333,2.970923662185669,0.10106897354125977,WormsTwoClass,ACF&PACF: p=0 q=0.1,0.1,Rsastmf,ACF&PACF
3,0.7142857142857143,300.47276759147644,0.47298502922058105,297.6334505081177,2.2446746826171875,0.11690831184387207,WormsTwoClass,ACF&PACF: p=0 q=0.1,0.1,DictRsast,ACF&PACF
4,0.5844155844155844,332.5140290260315,0.46019673347473145,328.97517585754395,2.9782421588897705,0.09638595581054688,WormsTwoClass,ACF&PACF: p=0.1 q=0.1,0.1,Rsastmf,ACF&PACF
5,0.7792207792207793,362.03158354759216,0.47482752799987793,358.20530438423157,3.2417709827423096,0.10637450218200684,WormsTwoClass,ACF&PACF: p=0.1 q=0.1,0.1,DictRsast,ACF&PACF
