,accuracy,time,cweights_time,fsubsequence_time,tdataset_time,tclassifier_time,dataset_name,classifier_name,range_q,method,len_method
0,0.6277777777777778,40.78950023651123,0.1371781826019287,40.6292450428009,0.019746065139770508,0.002447366714477539,ShapeletSim,ACF&PACF: p=0 q=0,0,Rsastmf,ACF&PACF
1,0.8888888888888888,40.869669914245605,0.1354846954345703,40.70973992347717,0.020941972732543945,0.0026497840881347656,ShapeletSim,ACF&PACF: p=0 q=0,0,DictRsast,ACF&PACF
2,0.6111111111111112,58.72585916519165,0.10984206199645996,58.59346580505371,0.019441843032836914,0.002329587936401367,ShapeletSim,ACF&PACF: p=0 q=0.1,0.1,Rsastmf,ACF&PACF
3,0.8166666666666667,58.44615125656128,0.12316155433654785,58.289294719696045,0.028687477111816406,0.004072904586791992,ShapeletSim,ACF&PACF: p=0 q=0.1,0.1,DictRsast,ACF&PACF
4,0.5777777777777777,55.49171853065491,0.11070919036865234,55.35211634635925,0.023580551147460938,0.003882884979248047,ShapeletSim,ACF&PACF: p=0.1 q=0.1,0.1,Rsastmf,ACF&PACF
5,0.9111111111111111,60.89668941497803,0.14122581481933594,60.725234508514404,0.02534770965576172,0.0030210018157958984,ShapeletSim,ACF&PACF: p=0.1 q=0.1,0.1,DictRsast,ACF&PACF
