,accuracy,time,cweights_time,fsubsequence_time,tdataset_time,tclassifier_time,dataset_name,classifier_name,range_q,method,len_method
0,0.5486111111111112,1.4378283023834229,0.05840945243835449,1.3343520164489746,0.03590512275695801,0.007337093353271484,UMD,ACF&PACF: p=0 q=0,0,Rsastmf,ACF&PACF
1,0.5763888888888888,1.4386670589447021,0.06199169158935547,1.3299543857574463,0.0363466739654541,0.008347511291503906,UMD,ACF&PACF: p=0 q=0,0,DictRsast,ACF&PACF
2,0.5763888888888888,1.4377868175506592,0.0580902099609375,1.3309414386749268,0.03919053077697754,0.007900238037109375,UMD,ACF&PACF: p=0 q=0.1,0.1,Rsastmf,ACF&PACF
3,0.8541666666666666,1.1556594371795654,0.04793715476989746,1.060939073562622,0.03702592849731445,0.008463144302368164,UMD,ACF&PACF: p=0 q=0.1,0.1,DictRsast,ACF&PACF
4,0.625,1.147819995880127,0.047249555587768555,1.0560102462768555,0.037978172302246094,0.00528717041015625,UMD,ACF&PACF: p=0.1 q=0.1,0.1,Rsastmf,ACF&PACF
5,0.8819444444444444,1.1482110023498535,0.04703235626220703,1.053325891494751,0.039695024490356445,0.006989002227783203,UMD,ACF&PACF: p=0.1 q=0.1,0.1,DictRsast,ACF&PACF
