,accuracy,time,cweights_time,fsubsequence_time,tdataset_time,tclassifier_time,dataset_name,classifier_name,range_q,method,len_method
0,0.8183333333333334,36.69454646110535,0.21705126762390137,35.58434057235718,0.7982199192047119,0.09272551536560059,Yoga,ACF&PACF: p=0 q=0,0,Rsastmf,ACF&PACF
1,0.7036666666666667,25.797802925109863,0.2374260425567627,24.68503761291504,0.7860555648803711,0.08612823486328125,Yoga,ACF&PACF: p=0 q=0,0,DictRsast,ACF&PACF
2,0.827,44.76818656921387,0.21791338920593262,43.52528977394104,0.9282498359680176,0.09422159194946289,Yoga,ACF&PACF: p=0 q=0.1,0.1,Rsastmf,ACF&PACF
3,0.79,43.857125759124756,0.22680878639221191,42.670804500579834,0.8485164642333984,0.10849142074584961,Yoga,ACF&PACF: p=0 q=0.1,0.1,DictRsast,ACF&PACF
4,0.7736666666666666,32.26291465759277,0.2193925380706787,31.058655738830566,0.8790261745452881,0.10320115089416504,Yoga,ACF&PACF: p=0.1 q=0.1,0.1,Rsastmf,ACF&PACF
5,0.7256666666666667,37.2412691116333,0.23003625869750977,36.044899702072144,0.830517053604126,0.12996578216552734,Yoga,ACF&PACF: p=0.1 q=0.1,0.1,DictRsast,ACF&PACF
