,accuracy,time,cweights_time,fsubsequence_time,tdataset_time,tclassifier_time,dataset_name,classifier_name,range_q,method,len_method
0,0.9084210526315789,8.393274307250977,0.09918045997619629,8.027239322662354,0.22116613388061523,0.04248499870300293,FreezerRegularTrain,ACF&PACF: p=0 q=0,0,Rsastmf,ACF&PACF
1,0.8529824561403508,7.73716139793396,0.07761573791503906,7.412237167358398,0.2112407684326172,0.03239035606384277,FreezerRegularTrain,ACF&PACF: p=0 q=0,0,DictRsast,ACF&PACF
2,0.9291228070175439,7.897780895233154,0.09868073463439941,7.517854928970337,0.24834609031677246,0.029915809631347656,FreezerRegularTrain,ACF&PACF: p=0 q=0.1,0.1,Rsastmf,ACF&PACF
3,0.8947368421052632,8.071929454803467,0.12600326538085938,7.66405987739563,0.24323558807373047,0.03615570068359375,FreezerRegularTrain,ACF&PACF: p=0 q=0.1,0.1,DictRsast,ACF&PACF
4,0.9087719298245615,11.119019031524658,0.07369136810302734,10.741599321365356,0.26315760612487793,0.03848910331726074,FreezerRegularTrain,ACF&PACF: p=0.1 q=0.1,0.1,Rsastmf,ACF&PACF
5,0.9568421052631579,11.441471338272095,0.13008785247802734,11.008048057556152,0.2663707733154297,0.034227848052978516,FreezerRegularTrain,ACF&PACF: p=0.1 q=0.1,0.1,DictRsast,ACF&PACF
