,accuracy,time,cweights_time,fsubsequence_time,tdataset_time,tclassifier_time,dataset_name,classifier_name,range_q,method,len_method
0,0.6731707317073171,0.6100177764892578,0.03512287139892578,0.3522655963897705,0.12441635131835938,0.09504556655883789,ProximalPhalanxTW,ACF&PACF: p=0 q=0,0,Rsastmf,ACF&PACF
1,0.7560975609756098,0.6266109943389893,0.035501718521118164,0.3552236557006836,0.12651753425598145,0.106201171875,ProximalPhalanxTW,ACF&PACF: p=0 q=0,0,DictRsast,ACF&PACF
2,0.7073170731707317,0.6177570819854736,0.035157203674316406,0.35226011276245117,0.1340627670288086,0.09381794929504395,ProximalPhalanxTW,ACF&PACF: p=0 q=0.1,0.1,Rsastmf,ACF&PACF
3,0.7414634146341463,0.6083476543426514,0.035481929779052734,0.35355353355407715,0.12355279922485352,0.09270882606506348,ProximalPhalanxTW,ACF&PACF: p=0 q=0.1,0.1,DictRsast,ACF&PACF
4,0.6829268292682927,0.6216287612915039,0.03498268127441406,0.35152721405029297,0.13306903839111328,0.09907245635986328,ProximalPhalanxTW,ACF&PACF: p=0.1 q=0.1,0.1,Rsastmf,ACF&PACF
5,0.775609756097561,0.6329069137573242,0.04297614097595215,0.3552088737487793,0.13259673118591309,0.1001739501953125,ProximalPhalanxTW,ACF&PACF: p=0.1 q=0.1,0.1,DictRsast,ACF&PACF
