,accuracy,time,cweights_time,fsubsequence_time,tdataset_time,tclassifier_time,dataset_name,classifier_name,range_q,method,len_method
0,0.9666666666666667,42.65037775039673,0.10944199562072754,42.242536783218384,0.2692592144012451,0.025643587112426758,Meat,ACF&PACF: p=0 q=0,0,Rsastmf,ACF&PACF
1,0.95,44.312926054000854,0.1477046012878418,43.880730390548706,0.2597997188568115,0.0214540958404541,Meat,ACF&PACF: p=0 q=0,0,DictRsast,ACF&PACF
2,0.9666666666666667,54.670284032821655,0.18004608154296875,54.19413495063782,0.269742488861084,0.02344346046447754,Meat,ACF&PACF: p=0 q=0.1,0.1,Rsastmf,ACF&PACF
3,0.9333333333333333,62.313488721847534,0.14876294136047363,61.8660683631897,0.2732229232788086,0.02291393280029297,Meat,ACF&PACF: p=0 q=0.1,0.1,DictRsast,ACF&PACF
4,0.9666666666666667,64.80310034751892,0.11850976943969727,64.36169648170471,0.2927968502044678,0.027508974075317383,Meat,ACF&PACF: p=0.1 q=0.1,0.1,Rsastmf,ACF&PACF
5,0.9833333333333333,69.10117387771606,0.14737200736999512,68.60651683807373,0.32340073585510254,0.01898360252380371,Meat,ACF&PACF: p=0.1 q=0.1,0.1,DictRsast,ACF&PACF
