,accuracy,time,cweights_time,fsubsequence_time,tdataset_time,tclassifier_time,dataset_name,classifier_name,range_q,method,len_method
0,0.7538461538461538,18.929294109344482,0.09028291702270508,18.754685163497925,0.07683539390563965,0.005750894546508789,ToeSegmentation2,ACF&PACF: p=0 q=0,0,Rsastmf,ACF&PACF
1,0.8769230769230769,17.21005940437317,0.09336590766906738,17.03734302520752,0.07014155387878418,0.007379770278930664,ToeSegmentation2,ACF&PACF: p=0 q=0,0,DictRsast,ACF&PACF
2,0.7538461538461538,17.387855052947998,0.07492613792419434,17.239933252334595,0.06664156913757324,0.004368782043457031,ToeSegmentation2,ACF&PACF: p=0 q=0.1,0.1,Rsastmf,ACF&PACF
3,0.8923076923076924,16.88953948020935,0.10128521919250488,16.713707447052002,0.06583046913146973,0.00716710090637207,ToeSegmentation2,ACF&PACF: p=0 q=0.1,0.1,DictRsast,ACF&PACF
4,0.7307692307692307,17.616671085357666,0.09022188186645508,17.450962781906128,0.06383585929870605,0.009967327117919922,ToeSegmentation2,ACF&PACF: p=0.1 q=0.1,0.1,Rsastmf,ACF&PACF
5,0.8615384615384616,14.06250286102295,0.09447002410888672,13.880144357681274,0.0692903995513916,0.014923810958862305,ToeSegmentation2,ACF&PACF: p=0.1 q=0.1,0.1,DictRsast,ACF&PACF
