,accuracy,time,cweights_time,fsubsequence_time,tdataset_time,tclassifier_time,dataset_name,classifier_name,range_q,method,len_method
0,0.7466666666666667,0.8162479400634766,0.05443930625915527,0.7118656635284424,0.041071414947509766,0.007364034652709961,GunPoint,ACF&PACF: p=0 q=0,0,Rsastmf,ACF&PACF
1,0.7266666666666667,0.799635648727417,0.04395103454589844,0.7057642936706543,0.03741025924682617,0.01111292839050293,GunPoint,ACF&PACF: p=0 q=0,0,DictRsast,ACF&PACF
2,0.7733333333333333,0.8032031059265137,0.05299997329711914,0.7048397064208984,0.03817939758300781,0.005499839782714844,GunPoint,ACF&PACF: p=0 q=0.1,0.1,Rsastmf,ACF&PACF
3,0.8733333333333333,0.9993481636047363,0.05418705940246582,0.8922882080078125,0.04030442237854004,0.01063227653503418,GunPoint,ACF&PACF: p=0 q=0.1,0.1,DictRsast,ACF&PACF
4,0.74,0.8015875816345215,0.04434394836425781,0.7076654434204102,0.03851509094238281,0.009793758392333984,GunPoint,ACF&PACF: p=0.1 q=0.1,0.1,Rsastmf,ACF&PACF
5,0.9266666666666666,1.0031859874725342,0.05378842353820801,0.8988299369812012,0.03914952278137207,0.009417057037353516,GunPoint,ACF&PACF: p=0.1 q=0.1,0.1,DictRsast,ACF&PACF
