,accuracy,time,cweights_time,fsubsequence_time,tdataset_time,tclassifier_time,dataset_name,classifier_name,range_q,method,len_method
0,0.7944444444444444,0.8124270439147949,0.05005955696105957,0.6617274284362793,0.06983137130737305,0.028687238693237305,PowerCons,ACF&PACF: p=0 q=0,0,Rsastmf,ACF&PACF
1,0.8722222222222222,0.7696900367736816,0.04701566696166992,0.6386656761169434,0.06333804130554199,0.018665075302124023,PowerCons,ACF&PACF: p=0 q=0,0,DictRsast,ACF&PACF
2,0.8333333333333334,0.944934606552124,0.06133866310119629,0.7924408912658691,0.06547784805297852,0.023797988891601562,PowerCons,ACF&PACF: p=0 q=0.1,0.1,Rsastmf,ACF&PACF
3,0.8166666666666667,0.9607541561126709,0.061414241790771484,0.8122797012329102,0.06673717498779297,0.01816391944885254,PowerCons,ACF&PACF: p=0 q=0.1,0.1,DictRsast,ACF&PACF
4,0.8222222222222222,0.950021505355835,0.054511070251464844,0.8129673004150391,0.06064653396606445,0.020253896713256836,PowerCons,ACF&PACF: p=0.1 q=0.1,0.1,Rsastmf,ACF&PACF
5,0.8166666666666667,0.9703826904296875,0.06364130973815918,0.8081760406494141,0.07272720336914062,0.02429485321044922,PowerCons,ACF&PACF: p=0.1 q=0.1,0.1,DictRsast,ACF&PACF
