,accuracy,time,cweights_time,fsubsequence_time,tdataset_time,tclassifier_time,dataset_name,classifier_name,range_q,method,len_method
0,0.7962962962962963,2.6136255264282227,0.05124783515930176,2.5154404640197754,0.03876972198486328,0.0070230960845947266,Wine,ACF&PACF: p=0 q=0,0,Rsastmf,ACF&PACF
1,0.8888888888888888,3.236830472946167,0.0632925033569336,3.115940809249878,0.044217824935913086,0.01201629638671875,Wine,ACF&PACF: p=0 q=0,0,DictRsast,ACF&PACF
2,0.7592592592592593,3.125239372253418,0.0636136531829834,3.0132694244384766,0.0385739803314209,0.0072841644287109375,Wine,ACF&PACF: p=0 q=0.1,0.1,Rsastmf,ACF&PACF
3,0.9074074074074074,3.0127317905426025,0.06272482872009277,2.8997159004211426,0.040937185287475586,0.007287263870239258,Wine,ACF&PACF: p=0 q=0.1,0.1,DictRsast,ACF&PACF
4,0.7592592592592593,3.0325658321380615,0.06296586990356445,2.919407606124878,0.041558265686035156,0.007112026214599609,Wine,ACF&PACF: p=0.1 q=0.1,0.1,Rsastmf,ACF&PACF
5,0.9259259259259259,3.0457730293273926,0.0629880428314209,2.937077760696411,0.037030935287475586,0.0071103572845458984,Wine,ACF&PACF: p=0.1 q=0.1,0.1,DictRsast,ACF&PACF
