,accuracy,time,cweights_time,fsubsequence_time,tdataset_time,tclassifier_time,dataset_name,classifier_name,range_q,method,len_method
0,0.12903225806451613,1.967522144317627,0.09494137763977051,1.8572652339935303,0.010375261306762695,0.003989458084106445,Fungi,ACF&PACF: p=0 q=0,0,Rsastmf,ACF&PACF
1,0.07526881720430108,1.6983911991119385,0.11218500137329102,1.571753740310669,0.009947538375854492,0.0036051273345947266,Fungi,ACF&PACF: p=0 q=0,0,DictRsast,ACF&PACF
2,0.13978494623655913,2.0973949432373047,0.09874749183654785,1.9800841808319092,0.012804508209228516,0.0037126541137695312,Fungi,ACF&PACF: p=0 q=0.1,0.1,Rsastmf,ACF&PACF
3,0.14516129032258066,1.8914155960083008,0.09586215019226074,1.7801542282104492,0.011023759841918945,0.003472566604614258,Fungi,ACF&PACF: p=0 q=0.1,0.1,DictRsast,ACF&PACF
4,0.12365591397849462,1.9678876399993896,0.09491467475891113,1.8562026023864746,0.010405302047729492,0.004782438278198242,Fungi,ACF&PACF: p=0.1 q=0.1,0.1,Rsastmf,ACF&PACF
5,0.1774193548387097,1.9511797428131104,0.09549665451049805,1.8385913372039795,0.010766267776489258,0.004856586456298828,Fungi,ACF&PACF: p=0.1 q=0.1,0.1,DictRsast,ACF&PACF
