,accuracy,time,cweights_time,fsubsequence_time,tdataset_time,tclassifier_time,dataset_name,classifier_name,range_q,method,len_method
0,0.9070175438596492,13.482022762298584,0.13154315948486328,13.104389190673828,0.21386003494262695,0.03022003173828125,FreezerRegularTrain,ACF&PACF: p=0 q=0,0,Rsastmf,ACF&PACF
1,0.8164912280701755,10.969390153884888,0.12210440635681152,10.61059308052063,0.2040550708770752,0.030743837356567383,FreezerRegularTrain,ACF&PACF: p=0 q=0,0,DictRsast,ACF&PACF
2,0.896140350877193,7.2694926261901855,0.08725881576538086,6.921499252319336,0.23410630226135254,0.02476191520690918,FreezerRegularTrain,ACF&PACF: p=0 q=0.1,0.1,Rsastmf,ACF&PACF
3,0.8726315789473684,8.223867177963257,0.09800601005554199,7.852833986282349,0.24430561065673828,0.0269320011138916,FreezerRegularTrain,ACF&PACF: p=0 q=0.1,0.1,DictRsast,ACF&PACF
4,0.9147368421052632,13.683375835418701,0.13024282455444336,13.219483137130737,0.30279088020324707,0.02841806411743164,FreezerRegularTrain,ACF&PACF: p=0.1 q=0.1,0.1,Rsastmf,ACF&PACF
5,0.9498245614035088,7.3043296337127686,0.10779404640197754,6.9055047035217285,0.264981746673584,0.024149656295776367,FreezerRegularTrain,ACF&PACF: p=0.1 q=0.1,0.1,DictRsast,ACF&PACF
