,accuracy,time,cweights_time,fsubsequence_time,tdataset_time,tclassifier_time,dataset_name,classifier_name,range_q,method,len_method
0,0.44871794871794873,58.70474886894226,0.2693963050842285,56.55839443206787,1.58467698097229,0.28663063049316406,CricketY,ACF&PACF: p=0 q=0,0,Rsastmf,ACF&PACF
1,0.6615384615384615,62.83980178833008,0.1826920509338379,60.68246817588806,1.6576924324035645,0.3124711513519287,CricketY,ACF&PACF: p=0 q=0,0,DictRsast,ACF&PACF
2,0.4,80.75711941719055,0.2649705410003662,78.43162727355957,1.76596999168396,0.2891271114349365,CricketY,ACF&PACF: p=0 q=0.1,0.1,Rsastmf,ACF&PACF
3,0.764102564102564,84.53766512870789,0.2646214962005615,82.18092918395996,1.6702497005462646,0.41697239875793457,CricketY,ACF&PACF: p=0 q=0.1,0.1,DictRsast,ACF&PACF
4,0.4717948717948718,76.24075150489807,0.24211859703063965,73.6073215007782,1.9297521114349365,0.4571056365966797,CricketY,ACF&PACF: p=0.1 q=0.1,0.1,Rsastmf,ACF&PACF
5,0.6564102564102564,80.21062302589417,0.24366545677185059,77.84378361701965,1.7696056365966797,0.34737730026245117,CricketY,ACF&PACF: p=0.1 q=0.1,0.1,DictRsast,ACF&PACF
