,accuracy,time,cweights_time,fsubsequence_time,tdataset_time,tclassifier_time,dataset_name,classifier_name,range_q,method,len_method
0,0.7429718875502008,70.62810134887695,0.2534010410308838,70.21170687675476,0.14780807495117188,0.010907411575317383,InsectEPGSmallTrain,ACF&PACF: p=0 q=0,0,Rsastmf,ACF&PACF
1,0.9558232931726908,89.16429781913757,0.19778060913085938,88.79611110687256,0.15566420555114746,0.010541677474975586,InsectEPGSmallTrain,ACF&PACF: p=0 q=0,0,DictRsast,ACF&PACF
2,0.7349397590361446,67.67202115058899,0.16169190406799316,67.32630133628845,0.17031025886535645,0.010387420654296875,InsectEPGSmallTrain,ACF&PACF: p=0 q=0.1,0.1,Rsastmf,ACF&PACF
3,0.9598393574297188,66.52692604064941,0.14130067825317383,66.21182346343994,0.16112709045410156,0.010503292083740234,InsectEPGSmallTrain,ACF&PACF: p=0 q=0.1,0.1,DictRsast,ACF&PACF
4,0.7309236947791165,105.24289226531982,0.24908447265625,104.82589912414551,0.15071749687194824,0.013895988464355469,InsectEPGSmallTrain,ACF&PACF: p=0.1 q=0.1,0.1,Rsastmf,ACF&PACF
5,0.9076305220883534,73.070152759552,0.25377893447875977,72.6538302898407,0.14678263664245605,0.007759809494018555,InsectEPGSmallTrain,ACF&PACF: p=0.1 q=0.1,0.1,DictRsast,ACF&PACF
