,accuracy,time,cweights_time,fsubsequence_time,tdataset_time,tclassifier_time,dataset_name,classifier_name,range_q,method,len_method
0,0.6493506493506493,395.61595249176025,0.4984581470489502,392.9755012989044,2.0310218334198,0.1073312759399414,WormsTwoClass,ACF&PACF: p=0 q=0,0,Rsastmf,ACF&PACF
1,0.6753246753246753,355.90562653541565,0.5070130825042725,352.60686469078064,2.6864898204803467,0.1021885871887207,WormsTwoClass,ACF&PACF: p=0 q=0,0,DictRsast,ACF&PACF
2,0.6493506493506493,319.9975564479828,0.5071268081665039,316.41079235076904,2.977743625640869,0.09812450408935547,WormsTwoClass,ACF&PACF: p=0 q=0.1,0.1,Rsastmf,ACF&PACF
3,0.8571428571428571,307.11888003349304,0.4693472385406494,303.80240750312805,2.751551866531372,0.09184789657592773,WormsTwoClass,ACF&PACF: p=0 q=0.1,0.1,DictRsast,ACF&PACF
4,0.6233766233766234,392.18874406814575,0.4713473320007324,389.3382365703583,2.2741899490356445,0.10134410858154297,WormsTwoClass,ACF&PACF: p=0.1 q=0.1,0.1,Rsastmf,ACF&PACF
5,0.8441558441558441,403.01426887512207,0.49568986892700195,400.1582028865814,2.261664628982544,0.09558272361755371,WormsTwoClass,ACF&PACF: p=0.1 q=0.1,0.1,DictRsast,ACF&PACF
