,accuracy,time,cweights_time,fsubsequence_time,tdataset_time,tclassifier_time,dataset_name,classifier_name,range_q,method,len_method
0,0.5223642172523961,0.1363203525543213,0.022301435470581055,0.10301804542541504,0.007803678512573242,0.002584218978881836,MoteStrain,ACF&PACF: p=0 q=0,0,Rsastmf,ACF&PACF
1,0.731629392971246,0.1402740478515625,0.023926258087158203,0.1041266918182373,0.0077397823333740234,0.0033664703369140625,MoteStrain,ACF&PACF: p=0 q=0,0,DictRsast,ACF&PACF
2,0.5023961661341853,0.13148212432861328,0.0221250057220459,0.09784817695617676,0.0077667236328125,0.0028676986694335938,MoteStrain,ACF&PACF: p=0 q=0.1,0.1,Rsastmf,ACF&PACF
3,0.8426517571884984,0.1311798095703125,0.02219700813293457,0.09860515594482422,0.0071794986724853516,0.0026426315307617188,MoteStrain,ACF&PACF: p=0 q=0.1,0.1,DictRsast,ACF&PACF
4,0.49121405750798725,0.13120794296264648,0.022346973419189453,0.09786677360534668,0.007803678512573242,0.0026612281799316406,MoteStrain,ACF&PACF: p=0.1 q=0.1,0.1,Rsastmf,ACF&PACF
5,0.8961661341853036,0.13276982307434082,0.022531509399414062,0.0984659194946289,0.007297039031982422,0.0033850669860839844,MoteStrain,ACF&PACF: p=0.1 q=0.1,0.1,DictRsast,ACF&PACF
