,accuracy,time,cweights_time,fsubsequence_time,tdataset_time,tclassifier_time,dataset_name,classifier_name,range_q,method,len_method
0,0.7982456140350878,5.6378960609436035,0.07372832298278809,5.513511657714844,0.04378509521484375,0.005439281463623047,ToeSegmentation1,ACF&PACF: p=0 q=0,0,Rsastmf,ACF&PACF
1,0.8464912280701754,6.409842252731323,0.0735318660736084,6.2831971645355225,0.0442352294921875,0.0074634552001953125,ToeSegmentation1,ACF&PACF: p=0 q=0,0,DictRsast,ACF&PACF
2,0.7894736842105263,9.91983151435852,0.07413625717163086,9.793216705322266,0.045328617095947266,0.005704164505004883,ToeSegmentation1,ACF&PACF: p=0 q=0.1,0.1,Rsastmf,ACF&PACF
3,0.8377192982456141,10.006457567214966,0.07362008094787598,9.877590417861938,0.04630255699157715,0.007630109786987305,ToeSegmentation1,ACF&PACF: p=0 q=0.1,0.1,DictRsast,ACF&PACF
4,0.7807017543859649,5.876130819320679,0.07300138473510742,5.751769542694092,0.0445246696472168,0.0052106380462646484,ToeSegmentation1,ACF&PACF: p=0.1 q=0.1,0.1,Rsastmf,ACF&PACF
5,0.8245614035087719,5.654535531997681,0.07511472702026367,5.52305793762207,0.04953813552856445,0.0053064823150634766,ToeSegmentation1,ACF&PACF: p=0.1 q=0.1,0.1,DictRsast,ACF&PACF
