,accuracy,time,cweights_time,fsubsequence_time,tdataset_time,tclassifier_time,dataset_name,classifier_name,range_q,method,len_method
0,0.7101449275362319,7.2219812870025635,0.08346843719482422,7.0899577140808105,0.041108131408691406,0.005278110504150391,DodgerLoopWeekend,ACF&PACF: p=0 q=0,0,Rsastmf,ACF&PACF
1,0.7101449275362319,7.772483587265015,0.07652139663696289,7.643714427947998,0.040994882583618164,0.0076389312744140625,DodgerLoopWeekend,ACF&PACF: p=0 q=0,0,DictRsast,ACF&PACF
2,0.717391304347826,7.8403403759002686,0.07931160926818848,7.702148914337158,0.04691481590270996,0.008002042770385742,DodgerLoopWeekend,ACF&PACF: p=0 q=0.1,0.1,Rsastmf,ACF&PACF
3,0.7246376811594203,7.760122537612915,0.09841728210449219,7.6011457443237305,0.0504453182220459,0.007256269454956055,DodgerLoopWeekend,ACF&PACF: p=0 q=0.1,0.1,DictRsast,ACF&PACF
4,0.7101449275362319,8.536470174789429,0.07576656341552734,8.407817363739014,0.0395197868347168,0.00969839096069336,DodgerLoopWeekend,ACF&PACF: p=0.1 q=0.1,0.1,Rsastmf,ACF&PACF
5,0.8623188405797102,5.5762245655059814,0.06291627883911133,5.4717278480529785,0.035056114196777344,0.003988981246948242,DodgerLoopWeekend,ACF&PACF: p=0.1 q=0.1,0.1,DictRsast,ACF&PACF
