,accuracy,time,cweights_time,fsubsequence_time,tdataset_time,tclassifier_time,dataset_name,classifier_name,range_q,method,len_method
0,0.6066666666666667,0.4054536819458008,0.02667689323425293,0.2356398105621338,0.06948018074035645,0.07032299041748047,SyntheticControl,ACF&PACF: p=0 q=0,0,Rsastmf,ACF&PACF
1,0.8566666666666667,0.3839242458343506,0.026471614837646484,0.23209285736083984,0.0603029727935791,0.06271076202392578,SyntheticControl,ACF&PACF: p=0 q=0,0,DictRsast,ACF&PACF
2,0.59,0.3993527889251709,0.026910066604614258,0.2367699146270752,0.07213449478149414,0.06082034111022949,SyntheticControl,ACF&PACF: p=0 q=0.1,0.1,Rsastmf,ACF&PACF
3,0.92,0.4176027774810791,0.03180813789367676,0.23763179779052734,0.06946134567260742,0.07557344436645508,SyntheticControl,ACF&PACF: p=0 q=0.1,0.1,DictRsast,ACF&PACF
4,0.5733333333333334,0.3972795009613037,0.026549816131591797,0.2379605770111084,0.07418251037597656,0.05689358711242676,SyntheticControl,ACF&PACF: p=0.1 q=0.1,0.1,Rsastmf,ACF&PACF
5,0.8766666666666667,0.41038990020751953,0.026572465896606445,0.2340548038482666,0.07180476188659668,0.07529044151306152,SyntheticControl,ACF&PACF: p=0.1 q=0.1,0.1,DictRsast,ACF&PACF
