,accuracy,time,cweights_time,fsubsequence_time,tdataset_time,tclassifier_time,dataset_name,classifier_name,range_q,method,len_method
0,0.75,59.24395275115967,0.19002556800842285,58.96351599693298,0.08368968963623047,0.00508427619934082,BeetleFly,ACF&PACF: p=0 q=0,0,Rsastmf,ACF&PACF
1,0.75,58.92122030258179,0.1408998966217041,58.691386461257935,0.08168983459472656,0.005850315093994141,BeetleFly,ACF&PACF: p=0 q=0,0,DictRsast,ACF&PACF
2,0.75,61.591225147247314,0.11700606346130371,61.37891149520874,0.08801412582397461,0.005219936370849609,BeetleFly,ACF&PACF: p=0 q=0.1,0.1,Rsastmf,ACF&PACF
3,0.75,55.813252449035645,0.1765897274017334,55.52935314178467,0.09951186180114746,0.006227731704711914,BeetleFly,ACF&PACF: p=0 q=0.1,0.1,DictRsast,ACF&PACF
4,0.75,72.16952848434448,0.11403393745422363,71.96219658851624,0.0857248306274414,0.005421876907348633,BeetleFly,ACF&PACF: p=0.1 q=0.1,0.1,Rsastmf,ACF&PACF
5,0.8,54.75123929977417,0.14624786376953125,54.52307653427124,0.07223248481750488,0.007771730422973633,BeetleFly,ACF&PACF: p=0.1 q=0.1,0.1,DictRsast,ACF&PACF
