,accuracy,time,cweights_time,fsubsequence_time,tdataset_time,tclassifier_time,dataset_name,classifier_name,range_q,method,len_method
0,0.6678321678321678,1.0519511699676514,0.04902529716491699,0.12437868118286133,0.1607224941253662,0.7169139385223389,PhalangesOutlinesCorrect,ACF&PACF: p=0 q=0,0,Rsastmf,ACF&PACF
1,0.6363636363636364,0.35518956184387207,0.03560829162597656,0.11302781105041504,0.14163589477539062,0.06414198875427246,PhalangesOutlinesCorrect,ACF&PACF: p=0 q=0,0,DictRsast,ACF&PACF
2,0.5967365967365967,0.39092421531677246,0.04789614677429199,0.11512088775634766,0.16203737258911133,0.06496477127075195,PhalangesOutlinesCorrect,ACF&PACF: p=0 q=0.1,0.1,Rsastmf,ACF&PACF
3,0.6456876456876457,0.4544079303741455,0.06020331382751465,0.14989137649536133,0.17463088035583496,0.06853365898132324,PhalangesOutlinesCorrect,ACF&PACF: p=0 q=0.1,0.1,DictRsast,ACF&PACF
4,0.6002331002331003,0.4156930446624756,0.04824066162109375,0.12442970275878906,0.16277742385864258,0.07942342758178711,PhalangesOutlinesCorrect,ACF&PACF: p=0.1 q=0.1,0.1,Rsastmf,ACF&PACF
5,0.6655011655011654,0.40602970123291016,0.04045915603637695,0.12084627151489258,0.16431188583374023,0.07966804504394531,PhalangesOutlinesCorrect,ACF&PACF: p=0.1 q=0.1,0.1,DictRsast,ACF&PACF
