,accuracy,time,cweights_time,fsubsequence_time,tdataset_time,tclassifier_time,dataset_name,classifier_name,range_q,method,len_method
0,0.9335443037974683,0.604943037033081,0.03492856025695801,0.46753454208374023,0.07774853706359863,0.02384471893310547,GunPointMaleVersusFemale,ACF&PACF: p=0 q=0,0,Rsastmf,ACF&PACF
1,0.8006329113924051,0.6163372993469238,0.034493446350097656,0.47556424140930176,0.07992053031921387,0.025354623794555664,GunPointMaleVersusFemale,ACF&PACF: p=0 q=0,0,DictRsast,ACF&PACF
2,0.9272151898734177,0.6323482990264893,0.0566248893737793,0.4760894775390625,0.07761716842651367,0.020658254623413086,GunPointMaleVersusFemale,ACF&PACF: p=0 q=0.1,0.1,Rsastmf,ACF&PACF
3,0.9018987341772152,0.6296842098236084,0.057244062423706055,0.4710862636566162,0.07518601417541504,0.02490854263305664,GunPointMaleVersusFemale,ACF&PACF: p=0 q=0.1,0.1,DictRsast,ACF&PACF
4,0.9430379746835443,0.6244282722473145,0.05723452568054199,0.4705967903137207,0.0757594108581543,0.019488811492919922,GunPointMaleVersusFemale,ACF&PACF: p=0.1 q=0.1,0.1,Rsastmf,ACF&PACF
5,0.930379746835443,0.6039836406707764,0.03457236289978027,0.46505093574523926,0.08273124694824219,0.020696640014648438,GunPointMaleVersusFemale,ACF&PACF: p=0.1 q=0.1,0.1,DictRsast,ACF&PACF
