,accuracy,time,cweights_time,fsubsequence_time,tdataset_time,tclassifier_time,dataset_name,classifier_name,range_q,method,len_method
0,0.5454545454545454,0.6321935653686523,0.04316210746765137,0.36103296279907227,0.1289072036743164,0.09764909744262695,MiddlePhalanxTW,ACF&PACF: p=0 q=0,0,Rsastmf,ACF&PACF
1,0.6298701298701299,0.7579901218414307,0.049326419830322266,0.46622180938720703,0.13110065460205078,0.10911846160888672,MiddlePhalanxTW,ACF&PACF: p=0 q=0,0,DictRsast,ACF&PACF
2,0.525974025974026,0.6630606651306152,0.04483175277709961,0.3606126308441162,0.1251223087310791,0.12953472137451172,MiddlePhalanxTW,ACF&PACF: p=0 q=0.1,0.1,Rsastmf,ACF&PACF
3,0.525974025974026,0.6403675079345703,0.043541908264160156,0.36014366149902344,0.12606191635131836,0.10862612724304199,MiddlePhalanxTW,ACF&PACF: p=0 q=0.1,0.1,DictRsast,ACF&PACF
4,0.525974025974026,0.7429087162017822,0.043112993240356445,0.4559464454650879,0.13626408576965332,0.10446691513061523,MiddlePhalanxTW,ACF&PACF: p=0.1 q=0.1,0.1,Rsastmf,ACF&PACF
5,0.564935064935065,0.6740398406982422,0.03885650634765625,0.35921406745910645,0.1509389877319336,0.12140893936157227,MiddlePhalanxTW,ACF&PACF: p=0.1 q=0.1,0.1,DictRsast,ACF&PACF
