,accuracy,time,cweights_time,fsubsequence_time,tdataset_time,tclassifier_time,dataset_name,classifier_name,range_q,method,len_method
0,0.9273684210526316,7.488874673843384,0.08530187606811523,7.1284942626953125,0.2446274757385254,0.027855396270751953,FreezerRegularTrain,ACF&PACF: p=0 q=0,0,Rsastmf,ACF&PACF
1,0.8115789473684211,14.779202699661255,0.12887215614318848,14.372462511062622,0.24767780303955078,0.0281374454498291,FreezerRegularTrain,ACF&PACF: p=0 q=0,0,DictRsast,ACF&PACF
2,0.9063157894736842,11.430753469467163,0.1427774429321289,10.99496579170227,0.2576870918273926,0.03206801414489746,FreezerRegularTrain,ACF&PACF: p=0 q=0.1,0.1,Rsastmf,ACF&PACF
3,0.8831578947368421,11.14735198020935,0.10774898529052734,10.757025957107544,0.2374248504638672,0.04015684127807617,FreezerRegularTrain,ACF&PACF: p=0 q=0.1,0.1,DictRsast,ACF&PACF
4,0.9028070175438596,7.46549391746521,0.1070089340209961,7.1161768436431885,0.21335577964782715,0.026676654815673828,FreezerRegularTrain,ACF&PACF: p=0.1 q=0.1,0.1,Rsastmf,ACF&PACF
5,0.9519298245614035,9.734473466873169,0.1000368595123291,9.358871698379517,0.24591445922851562,0.027447223663330078,FreezerRegularTrain,ACF&PACF: p=0.1 q=0.1,0.1,DictRsast,ACF&PACF
