,accuracy,time,cweights_time,fsubsequence_time,tdataset_time,tclassifier_time,dataset_name,classifier_name,range_q,method,len_method
0,0.7222222222222222,3.055161714553833,0.06264162063598633,2.9435009956359863,0.03879880905151367,0.008827924728393555,Wine,ACF&PACF: p=0 q=0,0,Rsastmf,ACF&PACF
1,0.8888888888888888,3.0582351684570312,0.06313514709472656,2.9470221996307373,0.03856396675109863,0.007975578308105469,Wine,ACF&PACF: p=0 q=0,0,DictRsast,ACF&PACF
2,0.7037037037037037,3.1356942653656006,0.06304550170898438,3.02339768409729,0.03907179832458496,0.008822202682495117,Wine,ACF&PACF: p=0 q=0.1,0.1,Rsastmf,ACF&PACF
3,0.9074074074074074,3.0714194774627686,0.06881427764892578,2.9543275833129883,0.03937029838562012,0.006829738616943359,Wine,ACF&PACF: p=0 q=0.1,0.1,DictRsast,ACF&PACF
4,0.6481481481481481,2.8226852416992188,0.05195474624633789,2.722137212753296,0.04010772705078125,0.006970882415771484,Wine,ACF&PACF: p=0.1 q=0.1,0.1,Rsastmf,ACF&PACF
5,0.8888888888888888,2.8325212001800537,0.06310915946960449,2.717766284942627,0.043609619140625,0.006578207015991211,Wine,ACF&PACF: p=0.1 q=0.1,0.1,DictRsast,ACF&PACF
