,accuracy,time,cweights_time,fsubsequence_time,tdataset_time,tclassifier_time,dataset_name,classifier_name,range_q,method,len_method
0,0.5342465753424658,34.372981548309326,0.13692998886108398,33.891157388687134,0.3114480972290039,0.0303041934967041,Lightning7,ACF&PACF: p=0 q=0,0,Rsastmf,ACF&PACF
1,0.5616438356164384,49.93093013763428,0.14641118049621582,49.48713707923889,0.2681586742401123,0.02569746971130371,Lightning7,ACF&PACF: p=0 q=0,0,DictRsast,ACF&PACF
2,0.547945205479452,54.19947409629822,0.13547229766845703,53.75821232795715,0.27820372581481934,0.022824764251708984,Lightning7,ACF&PACF: p=0 q=0.1,0.1,Rsastmf,ACF&PACF
3,0.6027397260273972,32.56008267402649,0.13752198219299316,32.12866735458374,0.2578134536743164,0.033460378646850586,Lightning7,ACF&PACF: p=0 q=0.1,0.1,DictRsast,ACF&PACF
4,0.6027397260273972,44.82836627960205,0.13620567321777344,44.321948766708374,0.3282327651977539,0.03748679161071777,Lightning7,ACF&PACF: p=0.1 q=0.1,0.1,Rsastmf,ACF&PACF
5,0.4794520547945205,45.950448751449585,0.10061407089233398,45.47103810310364,0.3375816345214844,0.03469109535217285,Lightning7,ACF&PACF: p=0.1 q=0.1,0.1,DictRsast,ACF&PACF
