,accuracy,time,cweights_time,fsubsequence_time,tdataset_time,tclassifier_time,dataset_name,classifier_name,range_q,method,len_method
0,0.8688046647230321,0.02770233154296875,0.005709409713745117,0.016276836395263672,0.003530740737915039,0.0015687942504882812,Chinatown,ACF&PACF: p=0 q=0,0,Rsastmf,ACF&PACF
1,0.9416909620991254,0.04645133018493652,0.009251117706298828,0.029551267623901367,0.0043506622314453125,0.0025708675384521484,Chinatown,ACF&PACF: p=0 q=0,0,DictRsast,ACF&PACF
2,0.9620991253644315,0.03300285339355469,0.006407737731933594,0.019593000411987305,0.004751682281494141,0.0018076896667480469,Chinatown,ACF&PACF: p=0 q=0.1,0.1,Rsastmf,ACF&PACF
3,0.956268221574344,0.03322434425354004,0.006537199020385742,0.019588947296142578,0.0048601627349853516,0.0018618106842041016,Chinatown,ACF&PACF: p=0 q=0.1,0.1,DictRsast,ACF&PACF
4,0.9329446064139941,0.03770732879638672,0.007415056228637695,0.022084712982177734,0.0053365230560302734,0.0022590160369873047,Chinatown,ACF&PACF: p=0.1 q=0.1,0.1,Rsastmf,ACF&PACF
5,0.9475218658892128,0.04798078536987305,0.009173393249511719,0.029419660568237305,0.006178617477416992,0.0025255680084228516,Chinatown,ACF&PACF: p=0.1 q=0.1,0.1,DictRsast,ACF&PACF
