,accuracy,time,cweights_time,fsubsequence_time,tdataset_time,tclassifier_time,dataset_name,classifier_name,range_q,method,len_method
0,0.7951219512195122,0.4040718078613281,0.047809600830078125,0.22535967826843262,0.06773495674133301,0.06169915199279785,ProximalPhalanxOutlineAgeGroup,ACF&PACF: p=0 q=0,0,Rsastmf,ACF&PACF
1,0.8439024390243902,0.35691070556640625,0.038945674896240234,0.18152880668640137,0.06584405899047852,0.06927657127380371,ProximalPhalanxOutlineAgeGroup,ACF&PACF: p=0 q=0,0,DictRsast,ACF&PACF
2,0.7219512195121951,0.34480762481689453,0.029539823532104492,0.18171906471252441,0.06830048561096191,0.06312870979309082,ProximalPhalanxOutlineAgeGroup,ACF&PACF: p=0 q=0.1,0.1,Rsastmf,ACF&PACF
3,0.8292682926829268,0.3614060878753662,0.03897428512573242,0.18398594856262207,0.07024288177490234,0.06681609153747559,ProximalPhalanxOutlineAgeGroup,ACF&PACF: p=0 q=0.1,0.1,DictRsast,ACF&PACF
4,0.7121951219512195,0.3682384490966797,0.03931879997253418,0.1847972869873047,0.06912803649902344,0.07343006134033203,ProximalPhalanxOutlineAgeGroup,ACF&PACF: p=0.1 q=0.1,0.1,Rsastmf,ACF&PACF
5,0.8439024390243902,0.36195945739746094,0.029496431350708008,0.18227910995483398,0.07038688659667969,0.07835912704467773,ProximalPhalanxOutlineAgeGroup,ACF&PACF: p=0.1 q=0.1,0.1,DictRsast,ACF&PACF
