,accuracy,time,cweights_time,fsubsequence_time,tdataset_time,tclassifier_time,dataset_name,classifier_name,range_q,method,len_method
0,0.832,37.641196727752686,0.22826719284057617,36.4660964012146,0.8342058658599854,0.11011195182800293,Yoga,ACF&PACF: p=0 q=0,0,Rsastmf,ACF&PACF
1,0.7523333333333333,24.91961932182312,0.2184131145477295,23.82869791984558,0.7578227519989014,0.11249041557312012,Yoga,ACF&PACF: p=0 q=0,0,DictRsast,ACF&PACF
2,0.8053333333333333,25.659135818481445,0.21833086013793945,24.577434539794922,0.7771368026733398,0.08392834663391113,Yoga,ACF&PACF: p=0 q=0.1,0.1,Rsastmf,ACF&PACF
3,0.7196666666666667,25.396085023880005,0.23665499687194824,24.257254600524902,0.7905659675598145,0.10873627662658691,Yoga,ACF&PACF: p=0 q=0.1,0.1,DictRsast,ACF&PACF
4,0.8183333333333334,31.999619722366333,0.2025747299194336,30.931790113449097,0.7571709156036377,0.1058957576751709,Yoga,ACF&PACF: p=0.1 q=0.1,0.1,Rsastmf,ACF&PACF
5,0.7636666666666667,27.31830382347107,0.21798157691955566,25.88877582550049,1.0852594375610352,0.12359189987182617,Yoga,ACF&PACF: p=0.1 q=0.1,0.1,DictRsast,ACF&PACF
