,accuracy,time,cweights_time,fsubsequence_time,tdataset_time,tclassifier_time,dataset_name,classifier_name,range_q,method,len_method
0,0.8086522462562395,0.10526466369628906,0.019852399826049805,0.07475161552429199,0.0076525211334228516,0.002170085906982422,SonyAIBORobotSurface1,ACF&PACF: p=0 q=0,0,Rsastmf,ACF&PACF
1,0.8535773710482529,0.08975863456726074,0.015374183654785156,0.06426262855529785,0.007760524749755859,0.0019092559814453125,SonyAIBORobotSurface1,ACF&PACF: p=0 q=0,0,DictRsast,ACF&PACF
2,0.7720465890183028,0.10092353820800781,0.019571304321289062,0.07136058807373047,0.007657527923583984,0.0018579959869384766,SonyAIBORobotSurface1,ACF&PACF: p=0 q=0.1,0.1,Rsastmf,ACF&PACF
3,0.9034941763727121,0.08908367156982422,0.015385866165161133,0.0637974739074707,0.007758378982543945,0.0018157958984375,SonyAIBORobotSurface1,ACF&PACF: p=0 q=0.1,0.1,DictRsast,ACF&PACF
4,0.8602329450915142,0.10712862014770508,0.018329381942749023,0.07870268821716309,0.007531642913818359,0.0021817684173583984,SonyAIBORobotSurface1,ACF&PACF: p=0.1 q=0.1,0.1,Rsastmf,ACF&PACF
5,0.9168053244592346,0.10467696189880371,0.01972651481628418,0.0749363899230957,0.00785684585571289,0.0017058849334716797,SonyAIBORobotSurface1,ACF&PACF: p=0.1 q=0.1,0.1,DictRsast,ACF&PACF
