,accuracy,time,cweights_time,fsubsequence_time,tdataset_time,tclassifier_time,dataset_name,classifier_name,range_q,method,len_method
0,0.8201754385964912,5.693783521652222,0.08323287963867188,5.561908960342407,0.04324936866760254,0.004244089126586914,ToeSegmentation1,ACF&PACF: p=0 q=0,0,Rsastmf,ACF&PACF
1,0.8333333333333334,5.7524614334106445,0.06122899055480957,5.6380579471588135,0.045866966247558594,0.0062198638916015625,ToeSegmentation1,ACF&PACF: p=0 q=0,0,DictRsast,ACF&PACF
2,0.8157894736842105,5.7501609325408936,0.07347345352172852,5.6214823722839355,0.048789024353027344,0.005107402801513672,ToeSegmentation1,ACF&PACF: p=0 q=0.1,0.1,Rsastmf,ACF&PACF
3,0.8377192982456141,5.878842830657959,0.07440781593322754,5.7527947425842285,0.045934438705444336,0.004339456558227539,ToeSegmentation1,ACF&PACF: p=0 q=0.1,0.1,DictRsast,ACF&PACF
4,0.7719298245614035,5.674353122711182,0.061411142349243164,5.553735256195068,0.051032066345214844,0.006781816482543945,ToeSegmentation1,ACF&PACF: p=0.1 q=0.1,0.1,Rsastmf,ACF&PACF
5,0.8859649122807017,5.90230917930603,0.07361841201782227,5.770176649093628,0.05139923095703125,0.005858659744262695,ToeSegmentation1,ACF&PACF: p=0.1 q=0.1,0.1,DictRsast,ACF&PACF
