,accuracy,time,cweights_time,fsubsequence_time,tdataset_time,tclassifier_time,dataset_name,classifier_name,range_q,method,len_method
0,0.6926829268292682,0.6052212715148926,0.03631758689880371,0.3535604476928711,0.11817455291748047,0.09421539306640625,ProximalPhalanxTW,ACF&PACF: p=0 q=0,0,Rsastmf,ACF&PACF
1,0.7414634146341463,0.6394429206848145,0.0367431640625,0.35595107078552246,0.13428473472595215,0.11043238639831543,ProximalPhalanxTW,ACF&PACF: p=0 q=0,0,DictRsast,ACF&PACF
2,0.6829268292682927,0.7302312850952148,0.04345369338989258,0.45598506927490234,0.12663006782531738,0.10118985176086426,ProximalPhalanxTW,ACF&PACF: p=0 q=0.1,0.1,Rsastmf,ACF&PACF
3,0.775609756097561,0.6411974430084229,0.04364895820617676,0.35843539237976074,0.12723898887634277,0.10906767845153809,ProximalPhalanxTW,ACF&PACF: p=0 q=0.1,0.1,DictRsast,ACF&PACF
4,0.7268292682926829,0.6432726383209229,0.04327702522277832,0.358565092086792,0.1333017349243164,0.10506367683410645,ProximalPhalanxTW,ACF&PACF: p=0.1 q=0.1,0.1,Rsastmf,ACF&PACF
5,0.7707317073170732,0.6167604923248291,0.03960442543029785,0.3551652431488037,0.12884950637817383,0.09074711799621582,ProximalPhalanxTW,ACF&PACF: p=0.1 q=0.1,0.1,DictRsast,ACF&PACF
