,accuracy,time,cweights_time,fsubsequence_time,tdataset_time,tclassifier_time,dataset_name,classifier_name,range_q,method,len_method
0,0.8769230769230769,3.506277084350586,0.12693357467651367,2.7931947708129883,0.38799285888671875,0.19522833824157715,FaceAll,ACF&PACF: p=0 q=0,0,Rsastmf,ACF&PACF
1,0.9526627218934911,3.4476072788238525,0.137437105178833,2.6920764446258545,0.40576839447021484,0.20917987823486328,FaceAll,ACF&PACF: p=0 q=0,0,DictRsast,ACF&PACF
2,0.8792899408284024,3.729649543762207,0.13866949081420898,2.9889631271362305,0.39958906173706055,0.19934511184692383,FaceAll,ACF&PACF: p=0 q=0.1,0.1,Rsastmf,ACF&PACF
3,0.9692307692307692,3.3944225311279297,0.13784027099609375,2.618720769882202,0.4340324401855469,0.20107078552246094,FaceAll,ACF&PACF: p=0 q=0.1,0.1,DictRsast,ACF&PACF
4,0.8869822485207101,3.491105079650879,0.12644124031066895,2.75468373298645,0.4093759059906006,0.19866037368774414,FaceAll,ACF&PACF: p=0.1 q=0.1,0.1,Rsastmf,ACF&PACF
5,0.9349112426035503,3.8339545726776123,0.13738298416137695,3.01778507232666,0.44198155403137207,0.23418712615966797,FaceAll,ACF&PACF: p=0.1 q=0.1,0.1,DictRsast,ACF&PACF
