,accuracy,time,cweights_time,fsubsequence_time,tdataset_time,tclassifier_time,dataset_name,classifier_name,range_q,method,len_method
0,0.6608594657375145,0.5859858989715576,0.03958749771118164,0.5343427658081055,0.009101152420043945,0.0024209022521972656,ECGFiveDays,ACF&PACF: p=0 q=0,0,Rsastmf,ACF&PACF
1,0.9012775842044135,0.7070350646972656,0.03923487663269043,0.654266357421875,0.009653806686401367,0.003399372100830078,ECGFiveDays,ACF&PACF: p=0 q=0,0,DictRsast,ACF&PACF
2,0.7177700348432056,0.7317993640899658,0.04851341247558594,0.6691813468933105,0.009955406188964844,0.00351715087890625,ECGFiveDays,ACF&PACF: p=0 q=0.1,0.1,Rsastmf,ACF&PACF
3,0.9535423925667829,0.6754074096679688,0.048539161682128906,0.614501953125,0.009385824203491211,0.002429485321044922,ECGFiveDays,ACF&PACF: p=0 q=0.1,0.1,DictRsast,ACF&PACF
4,0.6573751451800233,0.4918663501739502,0.037538766860961914,0.4430549144744873,0.008952617645263672,0.0018665790557861328,ECGFiveDays,ACF&PACF: p=0.1 q=0.1,0.1,Rsastmf,ACF&PACF
5,0.9651567944250871,0.45133399963378906,0.02922224998474121,0.4105522632598877,0.00896000862121582,0.002230405807495117,ECGFiveDays,ACF&PACF: p=0.1 q=0.1,0.1,DictRsast,ACF&PACF
