,accuracy,time,cweights_time,fsubsequence_time,tdataset_time,tclassifier_time,dataset_name,classifier_name,range_q,method,len_method
0,0.7850877192982456,5.516800165176392,0.07378101348876953,5.390114068984985,0.04666423797607422,0.004891872406005859,ToeSegmentation1,ACF&PACF: p=0 q=0,0,Rsastmf,ACF&PACF
1,0.8421052631578947,5.546069860458374,0.0740509033203125,5.422879695892334,0.043770551681518555,0.0039010047912597656,ToeSegmentation1,ACF&PACF: p=0 q=0,0,DictRsast,ACF&PACF
2,0.8421052631578947,5.377612590789795,0.06067156791687012,5.2573394775390625,0.049952030181884766,0.00838160514831543,ToeSegmentation1,ACF&PACF: p=0 q=0.1,0.1,Rsastmf,ACF&PACF
3,0.8377192982456141,5.953443765640259,0.0775458812713623,5.822100639343262,0.04612302780151367,0.005295515060424805,ToeSegmentation1,ACF&PACF: p=0 q=0.1,0.1,DictRsast,ACF&PACF
4,0.8421052631578947,5.951276779174805,0.07409358024597168,5.821122884750366,0.04948878288269043,0.004587411880493164,ToeSegmentation1,ACF&PACF: p=0.1 q=0.1,0.1,Rsastmf,ACF&PACF
5,0.8464912280701754,5.049540758132935,0.06098628044128418,4.932184934616089,0.048966169357299805,0.006115436553955078,ToeSegmentation1,ACF&PACF: p=0.1 q=0.1,0.1,DictRsast,ACF&PACF
