,accuracy,time,cweights_time,fsubsequence_time,tdataset_time,tclassifier_time,dataset_name,classifier_name,range_q,method,len_method
0,0.9702702702702702,3.5963101387023926,0.07442641258239746,2.793213129043579,0.45216870307922363,0.27472376823425293,Strawberry,ACF&PACF: p=0 q=0,0,Rsastmf,ACF&PACF
1,0.9675675675675676,3.809269666671753,0.10714221000671387,3.0524673461914062,0.4293630123138428,0.21840691566467285,Strawberry,ACF&PACF: p=0 q=0,0,DictRsast,ACF&PACF
2,0.9486486486486486,3.6742618083953857,0.09357023239135742,2.9881045818328857,0.4074387550354004,0.18304228782653809,Strawberry,ACF&PACF: p=0 q=0.1,0.1,Rsastmf,ACF&PACF
3,0.9648648648648649,3.532020092010498,0.07528471946716309,2.8164939880371094,0.41838717460632324,0.2199101448059082,Strawberry,ACF&PACF: p=0 q=0.1,0.1,DictRsast,ACF&PACF
4,0.9513513513513514,3.647409677505493,0.08846187591552734,2.836063861846924,0.4695296287536621,0.25148558616638184,Strawberry,ACF&PACF: p=0.1 q=0.1,0.1,Rsastmf,ACF&PACF
5,0.9513513513513514,3.9165472984313965,0.10845804214477539,3.1974446773529053,0.4345893859863281,0.1739969253540039,Strawberry,ACF&PACF: p=0.1 q=0.1,0.1,DictRsast,ACF&PACF
