,accuracy,time,cweights_time,fsubsequence_time,tdataset_time,tclassifier_time,dataset_name,classifier_name,range_q,method,len_method
0,0.9285714285714286,11.492550134658813,0.07768726348876953,11.361817598342896,0.042322635650634766,0.006467342376708984,Coffee,ACF&PACF: p=0 q=0,0,Rsastmf,ACF&PACF
1,0.9285714285714286,10.759871482849121,0.08249974250793457,10.62601900100708,0.04257965087890625,0.006344318389892578,Coffee,ACF&PACF: p=0 q=0,0,DictRsast,ACF&PACF
2,0.8571428571428571,11.007627010345459,0.07937169075012207,10.874141216278076,0.043186187744140625,0.006804466247558594,Coffee,ACF&PACF: p=0 q=0.1,0.1,Rsastmf,ACF&PACF
3,1.0,11.26300859451294,0.07937812805175781,11.130566596984863,0.04316353797912598,0.006599903106689453,Coffee,ACF&PACF: p=0 q=0.1,0.1,DictRsast,ACF&PACF
4,0.9285714285714286,10.92569899559021,0.07872819900512695,10.793828248977661,0.044225454330444336,0.006443023681640625,Coffee,ACF&PACF: p=0.1 q=0.1,0.1,Rsastmf,ACF&PACF
5,1.0,11.295438051223755,0.08270716667175293,11.160008192062378,0.04512333869934082,0.004662513732910156,Coffee,ACF&PACF: p=0.1 q=0.1,0.1,DictRsast,ACF&PACF
