,accuracy,time,cweights_time,fsubsequence_time,tdataset_time,tclassifier_time,dataset_name,classifier_name,range_q,method,len_method
0,0.736,224.86996746063232,0.42170000076293945,222.02898287773132,2.3012068271636963,0.11521387100219727,Computers,ACF&PACF: p=0 q=0,0,Rsastmf,ACF&PACF
1,0.696,239.52870440483093,0.4245901107788086,237.90312957763672,1.1200859546661377,0.07814264297485352,Computers,ACF&PACF: p=0 q=0,0,DictRsast,ACF&PACF
2,0.712,225.55607414245605,0.4146897792816162,222.40714955329895,2.5972049236297607,0.13441848754882812,Computers,ACF&PACF: p=0 q=0.1,0.1,Rsastmf,ACF&PACF
3,0.664,220.54138827323914,0.42346930503845215,218.25349307060242,1.7445473670959473,0.11734175682067871,Computers,ACF&PACF: p=0 q=0.1,0.1,DictRsast,ACF&PACF
4,0.696,216.39621329307556,0.38920164108276367,213.85696625709534,2.0284721851348877,0.11856579780578613,Computers,ACF&PACF: p=0.1 q=0.1,0.1,Rsastmf,ACF&PACF
5,0.7,162.25693440437317,0.3951101303100586,159.9181046485901,1.8163862228393555,0.12259101867675781,Computers,ACF&PACF: p=0.1 q=0.1,0.1,DictRsast,ACF&PACF
