,accuracy,time,cweights_time,fsubsequence_time,tdataset_time,tclassifier_time,dataset_name,classifier_name,range_q,method,len_method
0,0.7389558232931727,193.37411999702454,0.27042365074157715,192.4571566581726,0.6163513660430908,0.02858424186706543,InsectEPGRegularTrain,ACF&PACF: p=0 q=0,0,Rsastmf,ACF&PACF
1,0.9919678714859438,133.72443175315857,0.1499011516571045,132.91873216629028,0.6214413642883301,0.03322935104370117,InsectEPGRegularTrain,ACF&PACF: p=0 q=0,0,DictRsast,ACF&PACF
2,0.7349397590361446,142.223792552948,0.15837574005126953,141.36330127716064,0.6648948192596436,0.03400754928588867,InsectEPGRegularTrain,ACF&PACF: p=0 q=0.1,0.1,Rsastmf,ACF&PACF
3,1.0,161.28332233428955,0.23515534400939941,160.29784274101257,0.7110123634338379,0.03172755241394043,InsectEPGRegularTrain,ACF&PACF: p=0 q=0.1,0.1,DictRsast,ACF&PACF
4,0.7269076305220884,113.12575030326843,0.20146512985229492,112.21658039093018,0.6737525463104248,0.028803586959838867,InsectEPGRegularTrain,ACF&PACF: p=0.1 q=0.1,0.1,Rsastmf,ACF&PACF
5,1.0,138.52366065979004,0.277421236038208,137.5351848602295,0.6815121173858643,0.024908065795898438,InsectEPGRegularTrain,ACF&PACF: p=0.1 q=0.1,0.1,DictRsast,ACF&PACF
