,accuracy,time,cweights_time,fsubsequence_time,tdataset_time,tclassifier_time,dataset_name,classifier_name,range_q,method,len_method
0,0.75,74.512615442276,0.13739991188049316,74.22448635101318,0.138092041015625,0.008933544158935547,BirdChicken,ACF&PACF: p=0 q=0,0,Rsastmf,ACF&PACF
1,0.85,71.71715450286865,0.1498112678527832,71.41574025154114,0.13926029205322266,0.00944209098815918,BirdChicken,ACF&PACF: p=0 q=0,0,DictRsast,ACF&PACF
2,0.8,58.489919900894165,0.15091753005981445,58.177276611328125,0.1481790542602539,0.009346485137939453,BirdChicken,ACF&PACF: p=0 q=0.1,0.1,Rsastmf,ACF&PACF
3,1.0,58.88083815574646,0.1482102870941162,58.57233285903931,0.1474931240081787,0.009556293487548828,BirdChicken,ACF&PACF: p=0 q=0.1,0.1,DictRsast,ACF&PACF
4,0.8,56.492751121520996,0.1535501480102539,56.19701170921326,0.1296062469482422,0.008020162582397461,BirdChicken,ACF&PACF: p=0.1 q=0.1,0.1,Rsastmf,ACF&PACF
5,1.0,58.855692863464355,0.15305280685424805,58.53403949737549,0.1564016342163086,0.00860905647277832,BirdChicken,ACF&PACF: p=0.1 q=0.1,0.1,DictRsast,ACF&PACF
