,accuracy,time,cweights_time,fsubsequence_time,tdataset_time,tclassifier_time,dataset_name,classifier_name,range_q,method,len_method
0,0.5888888888888889,44.61581516265869,0.13733386993408203,44.45126008987427,0.02175617218017578,0.003676891326904297,ShapeletSim,ACF&PACF: p=0 q=0,0,Rsastmf,ACF&PACF
1,0.85,45.43042588233948,0.11100125312805176,45.29432940483093,0.020493030548095703,0.0031359195709228516,ShapeletSim,ACF&PACF: p=0 q=0,0,DictRsast,ACF&PACF
2,0.6166666666666667,45.80373573303223,0.12430262565612793,45.65353202819824,0.020586490631103516,0.0038683414459228516,ShapeletSim,ACF&PACF: p=0 q=0.1,0.1,Rsastmf,ACF&PACF
3,0.7388888888888889,51.840250968933105,0.13610076904296875,51.674590826034546,0.02279353141784668,0.0032138824462890625,ShapeletSim,ACF&PACF: p=0 q=0.1,0.1,DictRsast,ACF&PACF
4,0.6111111111111112,46.628583908081055,0.13723278045654297,46.46151614189148,0.022067546844482422,0.005936622619628906,ShapeletSim,ACF&PACF: p=0.1 q=0.1,0.1,Rsastmf,ACF&PACF
5,0.95,59.06366419792175,0.12340211868286133,58.901935338974,0.03108072280883789,0.005367755889892578,ShapeletSim,ACF&PACF: p=0.1 q=0.1,0.1,DictRsast,ACF&PACF
