,accuracy,time,cweights_time,fsubsequence_time,tdataset_time,tclassifier_time,dataset_name,classifier_name,range_q,method,len_method
0,0.886,1.6372735500335693,0.08491754531860352,1.2823872566223145,0.1716468334197998,0.09713506698608398,ECG5000,ACF&PACF: p=0 q=0,0,Rsastmf,ACF&PACF
1,0.8591111111111112,1.4763610363006592,0.07311177253723145,1.1514008045196533,0.15579986572265625,0.09496879577636719,ECG5000,ACF&PACF: p=0 q=0,0,DictRsast,ACF&PACF
2,0.8695555555555555,1.1020276546478271,0.05040478706359863,0.802271842956543,0.15764188766479492,0.09080314636230469,ECG5000,ACF&PACF: p=0 q=0.1,0.1,Rsastmf,ACF&PACF
3,0.8784444444444445,1.6043024063110352,0.08470988273620605,1.2652649879455566,0.1598665714263916,0.09325671195983887,ECG5000,ACF&PACF: p=0 q=0.1,0.1,DictRsast,ACF&PACF
4,0.8935555555555555,1.7584490776062012,0.11149311065673828,1.3517251014709473,0.1838850975036621,0.1097571849822998,ECG5000,ACF&PACF: p=0.1 q=0.1,0.1,Rsastmf,ACF&PACF
5,0.8706666666666667,1.6613373756408691,0.0851583480834961,1.2854690551757812,0.19299745559692383,0.09647345542907715,ECG5000,ACF&PACF: p=0.1 q=0.1,0.1,DictRsast,ACF&PACF
