,accuracy,time,cweights_time,fsubsequence_time,tdataset_time,tclassifier_time,dataset_name,classifier_name,range_q,method,len_method
0,0.5618421052631579,1.1347086429595947,0.05567455291748047,0.8221378326416016,0.14910030364990234,0.1056065559387207,MedicalImages,ACF&PACF: p=0 q=0,0,Rsastmf,ACF&PACF
1,0.5776315789473684,1.1075406074523926,0.05545306205749512,0.8101544380187988,0.15137338638305664,0.0883791446685791,MedicalImages,ACF&PACF: p=0 q=0,0,DictRsast,ACF&PACF
2,0.5618421052631579,1.4446485042572021,0.0732421875,1.0801410675048828,0.1586906909942627,0.13077116012573242,MedicalImages,ACF&PACF: p=0 q=0.1,0.1,Rsastmf,ACF&PACF
3,0.5960526315789474,1.4406375885009766,0.06771421432495117,1.0720064640045166,0.16852402687072754,0.13079524040222168,MedicalImages,ACF&PACF: p=0 q=0.1,0.1,DictRsast,ACF&PACF
4,0.5421052631578948,1.4494783878326416,0.06762981414794922,1.108968734741211,0.15308618545532227,0.1181800365447998,MedicalImages,ACF&PACF: p=0.1 q=0.1,0.1,Rsastmf,ACF&PACF
5,0.5723684210526315,1.3767013549804688,0.06742548942565918,1.0282814502716064,0.16098427772521973,0.11795949935913086,MedicalImages,ACF&PACF: p=0.1 q=0.1,0.1,DictRsast,ACF&PACF
