,accuracy,time,cweights_time,fsubsequence_time,tdataset_time,tclassifier_time,dataset_name,classifier_name,range_q,method,len_method
0,0.92,0.05247068405151367,0.005041837692260742,0.029355764389038086,0.007536888122558594,0.010081052780151367,SmoothSubspace,ACF&PACF: p=0 q=0,0,Rsastmf,ACF&PACF
1,0.8,0.05448317527770996,0.006199359893798828,0.03357386589050293,0.005484580993652344,0.00868535041809082,SmoothSubspace,ACF&PACF: p=0 q=0,0,DictRsast,ACF&PACF
2,0.9466666666666667,0.0471799373626709,0.0046694278717041016,0.02695465087890625,0.006829977035522461,0.008349180221557617,SmoothSubspace,ACF&PACF: p=0 q=0.1,0.1,Rsastmf,ACF&PACF
3,0.8533333333333334,0.04509139060974121,0.004686832427978516,0.02690434455871582,0.005016326904296875,0.008111000061035156,SmoothSubspace,ACF&PACF: p=0 q=0.1,0.1,DictRsast,ACF&PACF
4,0.88,0.047620534896850586,0.004691600799560547,0.027081012725830078,0.005891323089599609,0.009586334228515625,SmoothSubspace,ACF&PACF: p=0.1 q=0.1,0.1,Rsastmf,ACF&PACF
5,0.7666666666666667,0.046048641204833984,0.004743814468383789,0.02720022201538086,0.0053670406341552734,0.00836038589477539,SmoothSubspace,ACF&PACF: p=0.1 q=0.1,0.1,DictRsast,ACF&PACF
