,accuracy,time,cweights_time,fsubsequence_time,tdataset_time,tclassifier_time,dataset_name,classifier_name,range_q,method,len_method
0,0.5944444444444444,0.5509469509124756,0.030202388763427734,0.4960298538208008,0.019890308380126953,0.003693103790283203,CBF,ACF&PACF: p=0 q=0,0,Rsastmf,ACF&PACF
1,0.7211111111111111,0.5690603256225586,0.03038167953491211,0.4943356513977051,0.01950240135192871,0.023426294326782227,CBF,ACF&PACF: p=0 q=0,0,DictRsast,ACF&PACF
2,0.6144444444444445,0.734959602355957,0.04090404510498047,0.6650192737579346,0.022572040557861328,0.004903554916381836,CBF,ACF&PACF: p=0 q=0.1,0.1,Rsastmf,ACF&PACF
3,0.75,0.7499294281005859,0.040715694427490234,0.6752657890319824,0.026474475860595703,0.006024837493896484,CBF,ACF&PACF: p=0 q=0.1,0.1,DictRsast,ACF&PACF
4,0.6077777777777778,0.737170934677124,0.040580034255981445,0.6654605865478516,0.020839452743530273,0.008550167083740234,CBF,ACF&PACF: p=0.1 q=0.1,0.1,Rsastmf,ACF&PACF
5,0.6777777777777778,0.5963823795318604,0.03620314598083496,0.5341591835021973,0.020999431610107422,0.003841876983642578,CBF,ACF&PACF: p=0.1 q=0.1,0.1,DictRsast,ACF&PACF
