,accuracy,time,cweights_time,fsubsequence_time,tdataset_time,tclassifier_time,dataset_name,classifier_name,range_q,method,len_method
0,0.9285714285714286,11.224016666412354,0.09199810028076172,11.077958822250366,0.0434567928314209,0.006700038909912109,Coffee,ACF&PACF: p=0 q=0,0,Rsastmf,ACF&PACF
1,0.8928571428571429,10.975964784622192,0.07812023162841797,10.841001749038696,0.045943260192871094,0.0067102909088134766,Coffee,ACF&PACF: p=0 q=0,0,DictRsast,ACF&PACF
2,0.8214285714285714,10.881365776062012,0.08695197105407715,10.739344358444214,0.04531574249267578,0.007216215133666992,Coffee,ACF&PACF: p=0 q=0.1,0.1,Rsastmf,ACF&PACF
3,0.9642857142857143,9.665385723114014,0.08081483840942383,9.535088777542114,0.04127240180969238,0.004717588424682617,Coffee,ACF&PACF: p=0 q=0.1,0.1,DictRsast,ACF&PACF
4,0.9642857142857143,11.246520757675171,0.0855410099029541,11.113391876220703,0.04004406929016113,0.004917621612548828,Coffee,ACF&PACF: p=0.1 q=0.1,0.1,Rsastmf,ACF&PACF
5,1.0,10.300281524658203,0.1027367115020752,10.141945838928223,0.040369272232055664,0.01272130012512207,Coffee,ACF&PACF: p=0.1 q=0.1,0.1,DictRsast,ACF&PACF
