,accuracy,time,cweights_time,fsubsequence_time,tdataset_time,tclassifier_time,dataset_name,classifier_name,range_q,method,len_method
0,0.5738831615120275,0.3690176010131836,0.03866076469421387,0.1419086456298828,0.08478665351867676,0.10229301452636719,ProximalPhalanxOutlineCorrect,ACF&PACF: p=0 q=0,0,Rsastmf,ACF&PACF
1,0.7422680412371134,0.36873292922973633,0.03514432907104492,0.1497950553894043,0.07017302513122559,0.11188793182373047,ProximalPhalanxOutlineCorrect,ACF&PACF: p=0 q=0,0,DictRsast,ACF&PACF
2,0.6323024054982818,0.341094970703125,0.038208723068237305,0.12479853630065918,0.06689953804016113,0.11000919342041016,ProximalPhalanxOutlineCorrect,ACF&PACF: p=0 q=0.1,0.1,Rsastmf,ACF&PACF
3,0.7800687285223368,0.3830583095550537,0.03589367866516113,0.1507859230041504,0.07123160362243652,0.12263226509094238,ProximalPhalanxOutlineCorrect,ACF&PACF: p=0 q=0.1,0.1,DictRsast,ACF&PACF
4,0.6529209621993127,0.38057875633239746,0.03562569618225098,0.1493680477142334,0.0681614875793457,0.12615013122558594,ProximalPhalanxOutlineCorrect,ACF&PACF: p=0.1 q=0.1,0.1,Rsastmf,ACF&PACF
5,0.7663230240549829,0.37519001960754395,0.035401344299316406,0.150526762008667,0.07642936706542969,0.11175036430358887,ProximalPhalanxOutlineCorrect,ACF&PACF: p=0.1 q=0.1,0.1,DictRsast,ACF&PACF
