,accuracy,time,cweights_time,fsubsequence_time,tdataset_time,tclassifier_time,dataset_name,classifier_name,range_q,method,len_method
0,0.8620019436345967,0.05229830741882324,0.009498834609985352,0.03373837471008301,0.004782915115356445,0.0035216808319091797,ItalyPowerDemand,ACF&PACF: p=0 q=0,0,Rsastmf,ACF&PACF
1,0.9397473275024295,0.05710887908935547,0.009562015533447266,0.03460264205932617,0.007513523101806641,0.004731893539428711,ItalyPowerDemand,ACF&PACF: p=0 q=0,0,DictRsast,ACF&PACF
2,0.8756073858114675,0.053273916244506836,0.009487628936767578,0.0332639217376709,0.0056269168853759766,0.004225969314575195,ItalyPowerDemand,ACF&PACF: p=0 q=0.1,0.1,Rsastmf,ACF&PACF
3,0.9280855199222546,0.04635906219482422,0.007421016693115234,0.025461673736572266,0.00844883918762207,0.004385948181152344,ItalyPowerDemand,ACF&PACF: p=0 q=0.1,0.1,DictRsast,ACF&PACF
4,0.8688046647230321,0.04905056953430176,0.007746458053588867,0.030463218688964844,0.006253957748413086,0.003985404968261719,ItalyPowerDemand,ACF&PACF: p=0.1 q=0.1,0.1,Rsastmf,ACF&PACF
5,0.9251700680272109,0.04733920097351074,0.008576393127441406,0.028340578079223633,0.0061228275299072266,0.0038149356842041016,ItalyPowerDemand,ACF&PACF: p=0.1 q=0.1,0.1,DictRsast,ACF&PACF
