,accuracy,time,cweights_time,fsubsequence_time,tdataset_time,tclassifier_time,dataset_name,classifier_name,range_q,method,len_method
0,0.7349397590361446,68.69600820541382,0.2461085319519043,68.27937293052673,0.1527557373046875,0.013436079025268555,InsectEPGSmallTrain,ACF&PACF: p=0 q=0,0,Rsastmf,ACF&PACF
1,0.9678714859437751,72.73940634727478,0.18757104873657227,72.38919997215271,0.14395856857299805,0.013256311416625977,InsectEPGSmallTrain,ACF&PACF: p=0 q=0,0,DictRsast,ACF&PACF
2,0.7269076305220884,75.91917061805725,0.16147255897521973,75.5851321220398,0.1546945571899414,0.013106346130371094,InsectEPGSmallTrain,ACF&PACF: p=0 q=0.1,0.1,Rsastmf,ACF&PACF
3,0.9598393574297188,74.81308937072754,0.18662357330322266,74.42233419418335,0.18923544883728027,0.011815786361694336,InsectEPGSmallTrain,ACF&PACF: p=0 q=0.1,0.1,DictRsast,ACF&PACF
4,0.7349397590361446,76.39042854309082,0.2455737590789795,75.97213459014893,0.15775775909423828,0.01017141342163086,InsectEPGSmallTrain,ACF&PACF: p=0.1 q=0.1,0.1,Rsastmf,ACF&PACF
5,0.9196787148594378,101.14947414398193,0.2559065818786621,100.71753191947937,0.15383195877075195,0.014548540115356445,InsectEPGSmallTrain,ACF&PACF: p=0.1 q=0.1,0.1,DictRsast,ACF&PACF
