,accuracy,time,cweights_time,fsubsequence_time,tdataset_time,tclassifier_time,dataset_name,classifier_name,range_q,method,len_method
0,0.9133333333333333,0.04884648323059082,0.004736185073852539,0.02716994285583496,0.006898403167724609,0.009642839431762695,SmoothSubspace,ACF&PACF: p=0 q=0,0,Rsastmf,ACF&PACF
1,0.8533333333333334,0.045393943786621094,0.004776716232299805,0.026955842971801758,0.005150794982910156,0.008125066757202148,SmoothSubspace,ACF&PACF: p=0 q=0,0,DictRsast,ACF&PACF
2,0.9,0.04642319679260254,0.004723548889160156,0.026873350143432617,0.005113124847412109,0.009332418441772461,SmoothSubspace,ACF&PACF: p=0 q=0.1,0.1,Rsastmf,ACF&PACF
3,0.88,0.04644060134887695,0.004773855209350586,0.02728128433227539,0.005498409271240234,0.008513212203979492,SmoothSubspace,ACF&PACF: p=0 q=0.1,0.1,DictRsast,ACF&PACF
4,0.84,0.045839786529541016,0.004773378372192383,0.026600122451782227,0.005569934844970703,0.00851893424987793,SmoothSubspace,ACF&PACF: p=0.1 q=0.1,0.1,Rsastmf,ACF&PACF
5,0.7733333333333333,0.046216487884521484,0.004721641540527344,0.02693915367126465,0.005402088165283203,0.008777379989624023,SmoothSubspace,ACF&PACF: p=0.1 q=0.1,0.1,DictRsast,ACF&PACF
