,accuracy,time,cweights_time,fsubsequence_time,tdataset_time,tclassifier_time,dataset_name,classifier_name,range_q,method,len_method
0,0.7810457516339869,9.284462451934814,0.09249448776245117,9.150624990463257,0.03513360023498535,0.004023313522338867,DiatomSizeReduction,ACF&PACF: p=0 q=0,0,Rsastmf,ACF&PACF
1,0.8823529411764706,10.744246482849121,0.0981752872467041,10.601612567901611,0.035623788833618164,0.0062999725341796875,DiatomSizeReduction,ACF&PACF: p=0 q=0,0,DictRsast,ACF&PACF
2,0.7516339869281046,12.694229364395142,0.09897375106811523,12.552802324295044,0.03482365608215332,0.005129575729370117,DiatomSizeReduction,ACF&PACF: p=0 q=0.1,0.1,Rsastmf,ACF&PACF
3,0.8823529411764706,8.732665061950684,0.09822964668273926,8.595381021499634,0.03316688537597656,0.003554821014404297,DiatomSizeReduction,ACF&PACF: p=0 q=0.1,0.1,DictRsast,ACF&PACF
4,0.7320261437908496,8.659391403198242,0.08176541328430176,8.52701711654663,0.038300514221191406,0.009734153747558594,DiatomSizeReduction,ACF&PACF: p=0.1 q=0.1,0.1,Rsastmf,ACF&PACF
5,0.8137254901960784,13.685778379440308,0.09876799583435059,13.545509576797485,0.03261446952819824,0.005510091781616211,DiatomSizeReduction,ACF&PACF: p=0.1 q=0.1,0.1,DictRsast,ACF&PACF
