,accuracy,time,cweights_time,fsubsequence_time,tdataset_time,tclassifier_time,dataset_name,classifier_name,range_q,method,len_method
0,0.9164237123420796,0.04337811470031738,0.0067636966705322266,0.023462772369384766,0.008346796035766602,0.0041790008544921875,ItalyPowerDemand,ACF&PACF: p=0 q=0,0,Rsastmf,ACF&PACF
1,0.901846452866861,0.03958535194396973,0.006621360778808594,0.022879838943481445,0.006026268005371094,0.003551006317138672,ItalyPowerDemand,ACF&PACF: p=0 q=0,0,DictRsast,ACF&PACF
2,0.8892128279883382,0.04157423973083496,0.00665593147277832,0.022535085678100586,0.00828242301940918,0.0036916732788085938,ItalyPowerDemand,ACF&PACF: p=0 q=0.1,0.1,Rsastmf,ACF&PACF
3,0.9310009718172984,0.03881502151489258,0.006587505340576172,0.02268838882446289,0.006013631820678711,0.0031418800354003906,ItalyPowerDemand,ACF&PACF: p=0 q=0.1,0.1,DictRsast,ACF&PACF
4,0.8688046647230321,0.041458845138549805,0.0067005157470703125,0.022683143615722656,0.008107662200927734,0.003589153289794922,ItalyPowerDemand,ACF&PACF: p=0.1 q=0.1,0.1,Rsastmf,ACF&PACF
5,0.9193391642371235,0.03982114791870117,0.006765127182006836,0.02291584014892578,0.006362199783325195,0.003389120101928711,ItalyPowerDemand,ACF&PACF: p=0.1 q=0.1,0.1,DictRsast,ACF&PACF
