,accuracy,time,cweights_time,fsubsequence_time,tdataset_time,tclassifier_time,dataset_name,classifier_name,range_q,method,len_method
0,0.6391752577319587,0.34113216400146484,0.029527902603149414,0.12080192565917969,0.06621718406677246,0.12351799011230469,ProximalPhalanxOutlineCorrect,ACF&PACF: p=0 q=0,0,Rsastmf,ACF&PACF
1,0.7560137457044673,0.34343791007995605,0.03874611854553223,0.125274658203125,0.0654301643371582,0.11230063438415527,ProximalPhalanxOutlineCorrect,ACF&PACF: p=0 q=0,0,DictRsast,ACF&PACF
2,0.6735395189003437,0.3877120018005371,0.036112070083618164,0.1506364345550537,0.07177424430847168,0.12775087356567383,ProximalPhalanxOutlineCorrect,ACF&PACF: p=0 q=0.1,0.1,Rsastmf,ACF&PACF
3,0.7697594501718213,0.3981459140777588,0.03579425811767578,0.15100932121276855,0.07465338706970215,0.13556265830993652,ProximalPhalanxOutlineCorrect,ACF&PACF: p=0 q=0.1,0.1,DictRsast,ACF&PACF
4,0.6116838487972509,0.399219274520874,0.0355985164642334,0.14979863166809082,0.07537055015563965,0.13731789588928223,ProximalPhalanxOutlineCorrect,ACF&PACF: p=0.1 q=0.1,0.1,Rsastmf,ACF&PACF
5,0.7663230240549829,0.34434032440185547,0.03533649444580078,0.12764263153076172,0.07576441764831543,0.10452103614807129,ProximalPhalanxOutlineCorrect,ACF&PACF: p=0.1 q=0.1,0.1,DictRsast,ACF&PACF
