,accuracy,time,cweights_time,fsubsequence_time,tdataset_time,tclassifier_time,dataset_name,classifier_name,range_q,method,len_method
0,0.6573751451800233,0.443378210067749,0.04845619201660156,0.3836061954498291,0.008778095245361328,0.001974344253540039,ECGFiveDays,ACF&PACF: p=0 q=0,0,Rsastmf,ACF&PACF
1,0.9442508710801394,0.41836023330688477,0.029050350189208984,0.37809252738952637,0.008540630340576172,0.002331256866455078,ECGFiveDays,ACF&PACF: p=0 q=0,0,DictRsast,ACF&PACF
2,0.6736353077816493,0.5518901348114014,0.03889942169189453,0.5004410743713379,0.00946354866027832,0.002641916275024414,ECGFiveDays,ACF&PACF: p=0 q=0.1,0.1,Rsastmf,ACF&PACF
3,0.9651567944250871,0.5614030361175537,0.04827713966369629,0.5013759136199951,0.008611917495727539,0.0023887157440185547,ECGFiveDays,ACF&PACF: p=0 q=0.1,0.1,DictRsast,ACF&PACF
4,0.6062717770034843,0.5538098812103271,0.03970694541931152,0.5002243518829346,0.010387897491455078,0.0030074119567871094,ECGFiveDays,ACF&PACF: p=0.1 q=0.1,0.1,Rsastmf,ACF&PACF
5,0.9547038327526133,0.5415565967559814,0.04830765724182129,0.48273420333862305,0.007719993591308594,0.002322673797607422,ECGFiveDays,ACF&PACF: p=0.1 q=0.1,0.1,DictRsast,ACF&PACF
