,accuracy,time,cweights_time,fsubsequence_time,tdataset_time,tclassifier_time,dataset_name,classifier_name,range_q,method,len_method
0,0.9542857142857143,169.3600947856903,0.15797686576843262,167.21115159988403,1.8603346347808838,0.12648653984069824,Fish,ACF&PACF: p=0 q=0,0,Rsastmf,ACF&PACF
1,0.8857142857142857,200.63514971733093,0.24127745628356934,198.60384130477905,1.6608128547668457,0.12420082092285156,Fish,ACF&PACF: p=0 q=0,0,DictRsast,ACF&PACF
2,0.9542857142857143,182.32246279716492,0.2991905212402344,180.19665217399597,1.6804633140563965,0.13873839378356934,Fish,ACF&PACF: p=0 q=0.1,0.1,Rsastmf,ACF&PACF
3,0.9257142857142857,147.86759638786316,0.30402374267578125,145.45808625221252,1.9137458801269531,0.1841120719909668,Fish,ACF&PACF: p=0 q=0.1,0.1,DictRsast,ACF&PACF
4,0.9542857142857143,141.9299874305725,0.298093318939209,139.65246772766113,1.7892427444458008,0.18175554275512695,Fish,ACF&PACF: p=0.1 q=0.1,0.1,Rsastmf,ACF&PACF
5,0.8571428571428571,137.59704184532166,0.1920027732849121,135.3236849308014,1.9427361488342285,0.13216900825500488,Fish,ACF&PACF: p=0.1 q=0.1,0.1,DictRsast,ACF&PACF
