,accuracy,time,cweights_time,fsubsequence_time,tdataset_time,tclassifier_time,dataset_name,classifier_name,range_q,method,len_method
0,0.7463768115942029,6.653327703475952,0.07483172416687012,6.534348249435425,0.036783456802368164,0.005358695983886719,DodgerLoopGame,ACF&PACF: p=0 q=0,0,Rsastmf,ACF&PACF
1,0.5362318840579711,8.08825421333313,0.07565999031066895,7.967370510101318,0.03759765625,0.005850553512573242,DodgerLoopGame,ACF&PACF: p=0 q=0,0,DictRsast,ACF&PACF
2,0.7463768115942029,10.694643259048462,0.0627748966217041,10.587352514266968,0.03687334060668945,0.006063938140869141,DodgerLoopGame,ACF&PACF: p=0 q=0.1,0.1,Rsastmf,ACF&PACF
3,0.6376811594202898,10.843159914016724,0.0782020092010498,10.717162609100342,0.03939509391784668,0.0062792301177978516,DodgerLoopGame,ACF&PACF: p=0 q=0.1,0.1,DictRsast,ACF&PACF
4,0.7753623188405797,10.850100994110107,0.10147833824157715,10.688218593597412,0.052515268325805664,0.005830526351928711,DodgerLoopGame,ACF&PACF: p=0.1 q=0.1,0.1,Rsastmf,ACF&PACF
5,0.6884057971014492,8.777667760848999,0.07563042640686035,8.651566505432129,0.04440951347351074,0.0040018558502197266,DodgerLoopGame,ACF&PACF: p=0.1 q=0.1,0.1,DictRsast,ACF&PACF
