,accuracy,time,cweights_time,fsubsequence_time,tdataset_time,tclassifier_time,dataset_name,classifier_name,range_q,method,len_method
0,0.670514165792235,0.09694766998291016,0.017101526260375977,0.06873559951782227,0.007584571838378906,0.0027921199798583984,SonyAIBORobotSurface2,ACF&PACF: p=0 q=0,0,Rsastmf,ACF&PACF
1,0.8394543546694648,0.0969233512878418,0.01727604866027832,0.06845641136169434,0.008289337158203125,0.002269744873046875,SonyAIBORobotSurface2,ACF&PACF: p=0 q=0,0,DictRsast,ACF&PACF
2,0.7743966421825813,0.08934831619262695,0.018340110778808594,0.06076383590698242,0.007625579833984375,0.002148866653442383,SonyAIBORobotSurface2,ACF&PACF: p=0 q=0.1,0.1,Rsastmf,ACF&PACF
3,0.8174186778593914,0.07963991165161133,0.014377593994140625,0.05521345138549805,0.007479190826416016,0.0022242069244384766,SonyAIBORobotSurface2,ACF&PACF: p=0 q=0.1,0.1,DictRsast,ACF&PACF
4,0.7114375655823715,0.07863569259643555,0.014107704162597656,0.05490899085998535,0.0071451663970947266,0.002124309539794922,SonyAIBORobotSurface2,ACF&PACF: p=0.1 q=0.1,0.1,Rsastmf,ACF&PACF
5,0.8583420776495279,0.09733009338378906,0.017543315887451172,0.06865763664245605,0.00734400749206543,0.0029745101928710938,SonyAIBORobotSurface2,ACF&PACF: p=0.1 q=0.1,0.1,DictRsast,ACF&PACF
