,accuracy,time,cweights_time,fsubsequence_time,tdataset_time,tclassifier_time,dataset_name,classifier_name,range_q,method,len_method
0,0.6736904761904762,23.763014316558838,0.20521950721740723,0.6844818592071533,1.185054063796997,21.685948610305786,Crop,ACF&PACF: p=0 q=0,0,Rsastmf,ACF&PACF
1,0.6995833333333333,24.861618995666504,0.20482134819030762,0.7034609317779541,1.1529951095581055,22.79805898666382,Crop,ACF&PACF: p=0 q=0,0,DictRsast,ACF&PACF
2,0.6552380952380953,27.488038301467896,0.20562195777893066,0.6865572929382324,1.2732772827148438,25.320321321487427,Crop,ACF&PACF: p=0 q=0.1,0.1,Rsastmf,ACF&PACF
3,0.7082142857142857,26.48665976524353,0.2051863670349121,0.6526288986206055,1.2246050834655762,24.402084350585938,Crop,ACF&PACF: p=0 q=0.1,0.1,DictRsast,ACF&PACF
4,0.6485119047619048,26.961210012435913,0.21340513229370117,0.6984384059906006,1.2890050411224365,24.757566452026367,Crop,ACF&PACF: p=0.1 q=0.1,0.1,Rsastmf,ACF&PACF
5,0.6891071428571428,25.847089290618896,0.21348142623901367,0.662294864654541,1.2998530864715576,23.668461799621582,Crop,ACF&PACF: p=0.1 q=0.1,0.1,DictRsast,ACF&PACF
