,accuracy,time,cweights_time,fsubsequence_time,tdataset_time,tclassifier_time,dataset_name,classifier_name,range_q,method,len_method
0,0.6,76.01318740844727,0.1291484832763672,75.69493961334229,0.1713864803314209,0.0130157470703125,Beef,ACF&PACF: p=0 q=0,0,Rsastmf,ACF&PACF
1,0.6666666666666666,82.98963451385498,0.13043212890625,82.66726016998291,0.17259645462036133,0.015187740325927734,Beef,ACF&PACF: p=0 q=0,0,DictRsast,ACF&PACF
2,0.5666666666666667,65.48098874092102,0.17712187767028809,65.10958552360535,0.17191290855407715,0.015299320220947266,Beef,ACF&PACF: p=0 q=0.1,0.1,Rsastmf,ACF&PACF
3,0.6,65.86750769615173,0.12932634353637695,65.55969643592834,0.15993142127990723,0.013889312744140625,Beef,ACF&PACF: p=0 q=0.1,0.1,DictRsast,ACF&PACF
4,0.5666666666666667,61.960036516189575,0.1763310432434082,61.569352865219116,0.1962413787841797,0.014854192733764648,Beef,ACF&PACF: p=0.1 q=0.1,0.1,Rsastmf,ACF&PACF
5,0.6,89.02169513702393,0.1858663558959961,88.6388247013092,0.1784203052520752,0.014042377471923828,Beef,ACF&PACF: p=0.1 q=0.1,0.1,DictRsast,ACF&PACF
