,accuracy,time,cweights_time,fsubsequence_time,tdataset_time,tclassifier_time,dataset_name,classifier_name,range_q,method,len_method
0,0.48482428115015974,0.129227876663208,0.022125244140625,0.09726452827453613,0.0068972110748291016,0.0024886131286621094,MoteStrain,ACF&PACF: p=0 q=0,0,Rsastmf,ACF&PACF
1,0.8178913738019169,0.1317291259765625,0.02238941192626953,0.09781646728515625,0.008460521697998047,0.0025544166564941406,MoteStrain,ACF&PACF: p=0 q=0,0,DictRsast,ACF&PACF
2,0.5,0.12975597381591797,0.022152423858642578,0.09759664535522461,0.006852388381958008,0.002655029296875,MoteStrain,ACF&PACF: p=0 q=0.1,0.1,Rsastmf,ACF&PACF
3,0.8458466453674122,0.12975049018859863,0.022150278091430664,0.09736895561218262,0.0070879459381103516,0.002666473388671875,MoteStrain,ACF&PACF: p=0 q=0.1,0.1,DictRsast,ACF&PACF
4,0.4928115015974441,0.13515114784240723,0.023640871047973633,0.10043978691101074,0.007006645202636719,0.0027980804443359375,MoteStrain,ACF&PACF: p=0.1 q=0.1,0.1,Rsastmf,ACF&PACF
5,0.8825878594249201,0.1310443878173828,0.022329092025756836,0.0978085994720459,0.007687568664550781,0.0023055076599121094,MoteStrain,ACF&PACF: p=0.1 q=0.1,0.1,DictRsast,ACF&PACF
