,accuracy,time,cweights_time,fsubsequence_time,tdataset_time,tclassifier_time,dataset_name,classifier_name,range_q,method,len_method
0,0.9266666666666666,0.648141622543335,0.04025888442993164,0.5776777267456055,0.023140668869018555,0.005580902099609375,BME,ACF&PACF: p=0 q=0,0,Rsastmf,ACF&PACF
1,0.5,0.8357102870941162,0.049196481704711914,0.7534499168395996,0.02498149871826172,0.006994962692260742,BME,ACF&PACF: p=0 q=0,0,DictRsast,ACF&PACF
2,0.88,0.6537411212921143,0.04752492904663086,0.5771021842956543,0.02210402488708496,0.0055387020111083984,BME,ACF&PACF: p=0 q=0.1,0.1,Rsastmf,ACF&PACF
3,0.7,0.8418550491333008,0.051634788513183594,0.7561371326446533,0.027025461196899414,0.005552768707275391,BME,ACF&PACF: p=0 q=0.1,0.1,DictRsast,ACF&PACF
4,0.9133333333333333,0.6522247791290283,0.04217171669006348,0.5788235664367676,0.02213263511657715,0.0072782039642333984,BME,ACF&PACF: p=0.1 q=0.1,0.1,Rsastmf,ACF&PACF
5,0.7333333333333333,0.8398392200469971,0.0508882999420166,0.754887580871582,0.0252685546875,0.006833791732788086,BME,ACF&PACF: p=0.1 q=0.1,0.1,DictRsast,ACF&PACF
