,accuracy,time,cweights_time,fsubsequence_time,tdataset_time,tclassifier_time,dataset_name,classifier_name,range_q,method,len_method
0,0.6546762589928058,59.12338662147522,0.18238019943237305,58.59900903701782,0.2875516414642334,0.05335497856140137,Earthquakes,ACF&PACF: p=0 q=0,0,Rsastmf,ACF&PACF
1,0.6474820143884892,62.18931317329407,0.2286057472229004,61.629332542419434,0.2794339656829834,0.050293684005737305,Earthquakes,ACF&PACF: p=0 q=0,0,DictRsast,ACF&PACF
2,0.6115107913669064,58.780967712402344,0.20939111709594727,58.238259077072144,0.29303812980651855,0.039040327072143555,Earthquakes,ACF&PACF: p=0 q=0.1,0.1,Rsastmf,ACF&PACF
3,0.6330935251798561,58.43887519836426,0.17540884017944336,57.92469549179077,0.28795289993286133,0.04967236518859863,Earthquakes,ACF&PACF: p=0 q=0.1,0.1,DictRsast,ACF&PACF
4,0.7338129496402878,58.171696186065674,0.1551060676574707,57.69498896598816,0.27373647689819336,0.04692840576171875,Earthquakes,ACF&PACF: p=0.1 q=0.1,0.1,Rsastmf,ACF&PACF
5,0.6762589928057554,57.9675509929657,0.2563896179199219,57.40457272529602,0.25321125984191895,0.05221199989318848,Earthquakes,ACF&PACF: p=0.1 q=0.1,0.1,DictRsast,ACF&PACF
