,accuracy,time,cweights_time,fsubsequence_time,tdataset_time,tclassifier_time,dataset_name,classifier_name,range_q,method,len_method
0,0.7534102833158447,0.0968174934387207,0.01727151870727539,0.06899237632751465,0.007309436798095703,0.0028150081634521484,SonyAIBORobotSurface2,ACF&PACF: p=0 q=0,0,Rsastmf,ACF&PACF
1,0.8929695697796433,0.10250997543334961,0.022348880767822266,0.07067728042602539,0.006091594696044922,0.002649545669555664,SonyAIBORobotSurface2,ACF&PACF: p=0 q=0,0,DictRsast,ACF&PACF
2,0.6998950682056663,0.10460329055786133,0.022420167922973633,0.07073688507080078,0.008281946182250977,0.002546072006225586,SonyAIBORobotSurface2,ACF&PACF: p=0 q=0.1,0.1,Rsastmf,ACF&PACF
3,0.8069254984260231,0.09822845458984375,0.017347335815429688,0.06902432441711426,0.008176088333129883,0.0027451515197753906,SonyAIBORobotSurface2,ACF&PACF: p=0 q=0.1,0.1,DictRsast,ACF&PACF
4,0.7618048268625394,0.09729170799255371,0.017290353775024414,0.0689234733581543,0.008101701736450195,0.0024590492248535156,SonyAIBORobotSurface2,ACF&PACF: p=0.1 q=0.1,0.1,Rsastmf,ACF&PACF
5,0.9181532004197271,0.09628939628601074,0.017241954803466797,0.06850671768188477,0.007493495941162109,0.0024566650390625,SonyAIBORobotSurface2,ACF&PACF: p=0.1 q=0.1,0.1,DictRsast,ACF&PACF
