,accuracy,time,cweights_time,fsubsequence_time,tdataset_time,tclassifier_time,dataset_name,classifier_name,range_q,method,len_method
0,0.5041322314049587,96.15081095695496,0.1974174976348877,94.60768556594849,1.2180936336517334,0.12405824661254883,OSULeaf,ACF&PACF: p=0 q=0,0,Rsastmf,ACF&PACF
1,0.9173553719008265,112.80388069152832,0.2671322822570801,111.12040710449219,1.2889368534088135,0.1228640079498291,OSULeaf,ACF&PACF: p=0 q=0,0,DictRsast,ACF&PACF
2,0.48760330578512395,116.95680689811707,0.2640528678894043,115.24325609207153,1.3216278553009033,0.12061023712158203,OSULeaf,ACF&PACF: p=0 q=0.1,0.1,Rsastmf,ACF&PACF
3,0.9214876033057852,142.42587661743164,0.1528921127319336,140.77902054786682,1.3491134643554688,0.1412651538848877,OSULeaf,ACF&PACF: p=0 q=0.1,0.1,DictRsast,ACF&PACF
4,0.49586776859504134,102.04530334472656,0.26328182220458984,100.47932863235474,1.1749534606933594,0.1220545768737793,OSULeaf,ACF&PACF: p=0.1 q=0.1,0.1,Rsastmf,ACF&PACF
5,0.9049586776859504,120.0112202167511,0.2521629333496094,118.37977147102356,1.2724130153656006,0.10186433792114258,OSULeaf,ACF&PACF: p=0.1 q=0.1,0.1,DictRsast,ACF&PACF
