,accuracy,time,cweights_time,fsubsequence_time,tdataset_time,tclassifier_time,dataset_name,classifier_name,range_q,method,len_method
0,0.7681007345225603,0.08651971817016602,0.017382144927978516,0.058263301849365234,0.007941007614135742,0.0025169849395751953,SonyAIBORobotSurface2,ACF&PACF: p=0 q=0,0,Rsastmf,ACF&PACF
1,0.8625393494228751,0.07964277267456055,0.014223814010620117,0.05499887466430664,0.008195638656616211,0.0018849372863769531,SonyAIBORobotSurface2,ACF&PACF: p=0 q=0,0,DictRsast,ACF&PACF
2,0.74501573976915,0.0795450210571289,0.014323949813842773,0.05507969856262207,0.007593393325805664,0.002184152603149414,SonyAIBORobotSurface2,ACF&PACF: p=0 q=0.1,0.1,Rsastmf,ACF&PACF
3,0.8730325288562435,0.07912540435791016,0.014152050018310547,0.05485677719116211,0.0074846744537353516,0.0022890567779541016,SonyAIBORobotSurface2,ACF&PACF: p=0 q=0.1,0.1,DictRsast,ACF&PACF
4,0.7471143756558237,0.08668231964111328,0.01746821403503418,0.05875229835510254,0.008145570755004883,0.0019161701202392578,SonyAIBORobotSurface2,ACF&PACF: p=0.1 q=0.1,0.1,Rsastmf,ACF&PACF
5,0.8352570828961176,0.10049986839294434,0.018507003784179688,0.07029128074645996,0.007948637008666992,0.002886533737182617,SonyAIBORobotSurface2,ACF&PACF: p=0.1 q=0.1,0.1,DictRsast,ACF&PACF
