,accuracy,time,cweights_time,fsubsequence_time,tdataset_time,tclassifier_time,dataset_name,classifier_name,range_q,method,len_method
0,0.7121951219512195,0.6287236213684082,0.03548264503479004,0.3547217845916748,0.12764620780944824,0.1077566146850586,ProximalPhalanxTW,ACF&PACF: p=0 q=0,0,Rsastmf,ACF&PACF
1,0.7609756097560976,0.7228436470031738,0.043543100357055664,0.46611976623535156,0.10816216468811035,0.10219597816467285,ProximalPhalanxTW,ACF&PACF: p=0 q=0,0,DictRsast,ACF&PACF
2,0.6926829268292682,0.6151113510131836,0.04807925224304199,0.3528754711151123,0.12138247489929199,0.08968281745910645,ProximalPhalanxTW,ACF&PACF: p=0 q=0.1,0.1,Rsastmf,ACF&PACF
3,0.775609756097561,0.6146690845489502,0.03544354438781738,0.35477590560913086,0.1287534236907959,0.09294462203979492,ProximalPhalanxTW,ACF&PACF: p=0 q=0.1,0.1,DictRsast,ACF&PACF
4,0.6682926829268293,0.6202280521392822,0.0354459285736084,0.3533182144165039,0.12468957901000977,0.10389590263366699,ProximalPhalanxTW,ACF&PACF: p=0.1 q=0.1,0.1,Rsastmf,ACF&PACF
5,0.751219512195122,0.6543900966644287,0.0357363224029541,0.3552851676940918,0.13140463829040527,0.1283245086669922,ProximalPhalanxTW,ACF&PACF: p=0.1 q=0.1,0.1,DictRsast,ACF&PACF
