,accuracy,time,cweights_time,fsubsequence_time,tdataset_time,tclassifier_time,dataset_name,classifier_name,range_q,method,len_method
0,0.6914285714285714,7.196766138076782,0.09641146659851074,7.041127443313599,0.04944276809692383,0.007065296173095703,ArrowHead,ACF&PACF: p=0 q=0,0,Rsastmf,ACF&PACF
1,0.7485714285714286,6.315538644790649,0.0622406005859375,6.1909074783325195,0.05087780952453613,0.008659124374389648,ArrowHead,ACF&PACF: p=0 q=0,0,DictRsast,ACF&PACF
2,0.6628571428571428,5.607355117797852,0.07275557518005371,5.469833612442017,0.05418276786804199,0.0077114105224609375,ArrowHead,ACF&PACF: p=0 q=0.1,0.1,Rsastmf,ACF&PACF
3,0.8457142857142858,6.9552390575408936,0.07951068878173828,6.808171987533569,0.057153940200805664,0.007810831069946289,ArrowHead,ACF&PACF: p=0 q=0.1,0.1,DictRsast,ACF&PACF
4,0.68,6.3348610401153564,0.09697294235229492,6.171844482421875,0.05312204360961914,0.009987592697143555,ArrowHead,ACF&PACF: p=0.1 q=0.1,0.1,Rsastmf,ACF&PACF
5,0.8057142857142857,6.740382194519043,0.058568716049194336,6.611568212509155,0.05397939682006836,0.014101028442382812,ArrowHead,ACF&PACF: p=0.1 q=0.1,0.1,DictRsast,ACF&PACF
