,accuracy,time,cweights_time,fsubsequence_time,tdataset_time,tclassifier_time,dataset_name,classifier_name,range_q,method,len_method
0,0.509375,1.917785406112671,0.08796358108520508,1.6130585670471191,0.12415528297424316,0.09071969985961914,ChlorineConcentration,ACF&PACF: p=0 q=0,0,Rsastmf,ACF&PACF
1,0.6609375,1.7311384677886963,0.09034252166748047,1.435575008392334,0.11282610893249512,0.09034156799316406,ChlorineConcentration,ACF&PACF: p=0 q=0,0,DictRsast,ACF&PACF
2,0.5348958333333333,1.812812089920044,0.07827925682067871,1.5014457702636719,0.12873315811157227,0.10327863693237305,ChlorineConcentration,ACF&PACF: p=0 q=0.1,0.1,Rsastmf,ACF&PACF
3,0.6919270833333333,1.7911615371704102,0.07658815383911133,1.4911229610443115,0.12597107887268066,0.09635210037231445,ChlorineConcentration,ACF&PACF: p=0 q=0.1,0.1,DictRsast,ACF&PACF
4,0.5075520833333333,1.5295617580413818,0.07041192054748535,1.2330975532531738,0.1275625228881836,0.0973813533782959,ChlorineConcentration,ACF&PACF: p=0.1 q=0.1,0.1,Rsastmf,ACF&PACF
5,0.6356770833333333,1.5376453399658203,0.07338356971740723,1.2454700469970703,0.13161849975585938,0.08610820770263672,ChlorineConcentration,ACF&PACF: p=0.1 q=0.1,0.1,DictRsast,ACF&PACF
