,accuracy,time,cweights_time,fsubsequence_time,tdataset_time,tclassifier_time,dataset_name,classifier_name,range_q,method,len_method
0,0.6402877697841727,0.7613234519958496,0.043833255767822266,0.4712963104248047,0.1388106346130371,0.10435795783996582,DistalPhalanxTW,ACF&PACF: p=0 q=0,0,Rsastmf,ACF&PACF
1,0.7122302158273381,0.8124942779541016,0.04768729209899902,0.485668420791626,0.13846445083618164,0.13608837127685547,DistalPhalanxTW,ACF&PACF: p=0 q=0,0,DictRsast,ACF&PACF
2,0.6115107913669064,0.8019323348999023,0.0567319393157959,0.47394800186157227,0.1297926902770996,0.13765287399291992,DistalPhalanxTW,ACF&PACF: p=0 q=0.1,0.1,Rsastmf,ACF&PACF
3,0.697841726618705,0.7933828830718994,0.05592513084411621,0.47678375244140625,0.12233829498291016,0.13326549530029297,DistalPhalanxTW,ACF&PACF: p=0 q=0.1,0.1,DictRsast,ACF&PACF
4,0.6762589928057554,0.790717601776123,0.0574188232421875,0.4757504463195801,0.1385478973388672,0.11686515808105469,DistalPhalanxTW,ACF&PACF: p=0.1 q=0.1,0.1,Rsastmf,ACF&PACF
5,0.7482014388489209,0.7521665096282959,0.054590463638305664,0.47586703300476074,0.11622238159179688,0.10260224342346191,DistalPhalanxTW,ACF&PACF: p=0.1 q=0.1,0.1,DictRsast,ACF&PACF
