,accuracy,time,cweights_time,fsubsequence_time,tdataset_time,tclassifier_time,dataset_name,classifier_name,range_q,method,len_method
0,0.8833819241982507,0.04666948318481445,0.009296655654907227,0.028873205184936523,0.0054874420166015625,0.002397775650024414,Chinatown,ACF&PACF: p=0 q=0,0,Rsastmf,ACF&PACF
1,0.9446064139941691,0.05577993392944336,0.011273384094238281,0.03598427772521973,0.005404472351074219,0.0024156570434570312,Chinatown,ACF&PACF: p=0 q=0,0,DictRsast,ACF&PACF
2,0.8658892128279884,0.03644227981567383,0.0071566104888916016,0.02131199836730957,0.005419015884399414,0.002016305923461914,Chinatown,ACF&PACF: p=0 q=0.1,0.1,Rsastmf,ACF&PACF
3,0.9591836734693877,0.047963857650756836,0.009116411209106445,0.029221773147583008,0.00658416748046875,0.0024671554565429688,Chinatown,ACF&PACF: p=0 q=0.1,0.1,DictRsast,ACF&PACF
4,0.8833819241982507,0.03895378112792969,0.007570743560791016,0.022093772888183594,0.006029605865478516,0.002560853958129883,Chinatown,ACF&PACF: p=0.1 q=0.1,0.1,Rsastmf,ACF&PACF
5,0.967930029154519,0.03786301612854004,0.007262468338012695,0.021944046020507812,0.0060880184173583984,0.002028226852416992,Chinatown,ACF&PACF: p=0.1 q=0.1,0.1,DictRsast,ACF&PACF
