,accuracy,time,cweights_time,fsubsequence_time,tdataset_time,tclassifier_time,dataset_name,classifier_name,range_q,method,len_method
0,0.8469217970049917,0.10622906684875488,0.018697261810302734,0.07852482795715332,0.006564617156982422,0.0020112991333007812,SonyAIBORobotSurface1,ACF&PACF: p=0 q=0,0,Rsastmf,ACF&PACF
1,0.9151414309484193,0.10585451126098633,0.018964767456054688,0.07864880561828613,0.005845069885253906,0.0020062923431396484,SonyAIBORobotSurface1,ACF&PACF: p=0 q=0,0,DictRsast,ACF&PACF
2,0.8402662229617305,0.10512256622314453,0.018384456634521484,0.07863783836364746,0.005726337432861328,0.0019941329956054688,SonyAIBORobotSurface1,ACF&PACF: p=0 q=0.1,0.1,Rsastmf,ACF&PACF
3,0.913477537437604,0.10700035095214844,0.01873040199279785,0.07924342155456543,0.006185054779052734,0.0022144317626953125,SonyAIBORobotSurface1,ACF&PACF: p=0 q=0.1,0.1,DictRsast,ACF&PACF
4,0.7004991680532446,0.10490775108337402,0.018553733825683594,0.0785214900970459,0.005202531814575195,0.0019443035125732422,SonyAIBORobotSurface1,ACF&PACF: p=0.1 q=0.1,0.1,Rsastmf,ACF&PACF
5,0.8951747088186356,0.1049196720123291,0.01825428009033203,0.07857799530029297,0.005543947219848633,0.0019829273223876953,SonyAIBORobotSurface1,ACF&PACF: p=0.1 q=0.1,0.1,DictRsast,ACF&PACF
