,accuracy,time,cweights_time,fsubsequence_time,tdataset_time,tclassifier_time,dataset_name,classifier_name,range_q,method,len_method
0,0.7307692307692307,14.288264513015747,0.09973287582397461,14.116424083709717,0.06354832649230957,0.0060040950775146484,ToeSegmentation2,ACF&PACF: p=0 q=0,0,Rsastmf,ACF&PACF
1,0.9,13.948272466659546,0.09154343605041504,13.793344497680664,0.05502605438232422,0.006132602691650391,ToeSegmentation2,ACF&PACF: p=0 q=0,0,DictRsast,ACF&PACF
2,0.7307692307692307,14.210268020629883,0.12406420707702637,14.015501022338867,0.06171011924743652,0.00609278678894043,ToeSegmentation2,ACF&PACF: p=0 q=0.1,0.1,Rsastmf,ACF&PACF
3,0.8923076923076924,15.030083656311035,0.12387514114379883,14.827807188034058,0.06959652900695801,0.005923748016357422,ToeSegmentation2,ACF&PACF: p=0 q=0.1,0.1,DictRsast,ACF&PACF
4,0.7307692307692307,13.931835412979126,0.09182620048522949,13.773742198944092,0.05536842346191406,0.008509159088134766,ToeSegmentation2,ACF&PACF: p=0.1 q=0.1,0.1,Rsastmf,ACF&PACF
5,0.8923076923076924,14.746453046798706,0.09188985824584961,14.56538724899292,0.07526564598083496,0.011166095733642578,ToeSegmentation2,ACF&PACF: p=0.1 q=0.1,0.1,DictRsast,ACF&PACF
