,accuracy,time,cweights_time,fsubsequence_time,tdataset_time,tclassifier_time,dataset_name,classifier_name,range_q,method,len_method
0,0.30434782608695654,15.906428813934326,0.2404327392578125,12.11546540260315,2.6160404682159424,0.920879602432251,Adiac,ACF&PACF: p=0 q=0,0,Rsastmf,ACF&PACF
1,0.37084398976982097,15.767319679260254,0.28719210624694824,12.22413420677185,2.5772013664245605,0.6648626327514648,Adiac,ACF&PACF: p=0 q=0,0,DictRsast,ACF&PACF
2,0.309462915601023,16.762547731399536,0.1910572052001953,12.86812448501587,2.7722325325012207,0.9186489582061768,Adiac,ACF&PACF: p=0 q=0.1,0.1,Rsastmf,ACF&PACF
3,0.5115089514066496,15.835025787353516,0.19479727745056152,11.916213035583496,2.7536914348602295,0.9526462554931641,Adiac,ACF&PACF: p=0 q=0.1,0.1,DictRsast,ACF&PACF
4,0.3171355498721228,15.89373517036438,0.3116629123687744,12.210233688354492,2.6816518306732178,0.6658186912536621,Adiac,ACF&PACF: p=0.1 q=0.1,0.1,Rsastmf,ACF&PACF
5,0.5447570332480819,15.841643810272217,0.16664838790893555,11.93523621559143,2.807037830352783,0.920112133026123,Adiac,ACF&PACF: p=0.1 q=0.1,0.1,DictRsast,ACF&PACF
