,accuracy,time,cweights_time,fsubsequence_time,tdataset_time,tclassifier_time,dataset_name,classifier_name,range_q,method,len_method
0,0.6166666666666667,43.66343021392822,0.14646148681640625,43.48852586746216,0.02222132682800293,0.0034689903259277344,ShapeletSim,ACF&PACF: p=0 q=0,0,Rsastmf,ACF&PACF
1,0.8722222222222222,42.14622712135315,0.11058592796325684,42.00326466560364,0.0245053768157959,0.004751920700073242,ShapeletSim,ACF&PACF: p=0 q=0,0,DictRsast,ACF&PACF
2,0.65,53.216243267059326,0.12287592887878418,53.05925011634827,0.02379298210144043,0.0044574737548828125,ShapeletSim,ACF&PACF: p=0 q=0.1,0.1,Rsastmf,ACF&PACF
3,0.6888888888888889,57.278834104537964,0.1443793773651123,57.10724472999573,0.02064061164855957,0.0043964385986328125,ShapeletSim,ACF&PACF: p=0 q=0.1,0.1,DictRsast,ACF&PACF
4,0.6,56.757866621017456,0.13811445236206055,56.593974590301514,0.020121097564697266,0.00401759147644043,ShapeletSim,ACF&PACF: p=0.1 q=0.1,0.1,Rsastmf,ACF&PACF
5,0.9388888888888889,47.81345057487488,0.13751983642578125,47.64194059371948,0.02864527702331543,0.004072904586791992,ShapeletSim,ACF&PACF: p=0.1 q=0.1,0.1,DictRsast,ACF&PACF
