,accuracy,time,cweights_time,fsubsequence_time,tdataset_time,tclassifier_time,dataset_name,classifier_name,range_q,method,len_method
0,0.5,41.89112067222595,0.264329195022583,39.22670817375183,1.956380844116211,0.4377138614654541,CricketZ,ACF&PACF: p=0 q=0,0,Rsastmf,ACF&PACF
1,0.6897435897435897,82.41803002357483,0.26363706588745117,79.53608274459839,2.1186249256134033,0.4944570064544678,CricketZ,ACF&PACF: p=0 q=0,0,DictRsast,ACF&PACF
2,0.43846153846153846,62.68549633026123,0.27463722229003906,59.75897455215454,2.1299726963043213,0.5143439769744873,CricketZ,ACF&PACF: p=0 q=0.1,0.1,Rsastmf,ACF&PACF
3,0.7384615384615385,83.67835783958435,0.27275586128234863,81.188955783844,1.9119789600372314,0.2993755340576172,CricketZ,ACF&PACF: p=0 q=0.1,0.1,DictRsast,ACF&PACF
4,0.5025641025641026,96.94829821586609,0.2617223262786865,94.52680659294128,1.8311364650726318,0.3224973678588867,CricketZ,ACF&PACF: p=0.1 q=0.1,0.1,Rsastmf,ACF&PACF
5,0.6743589743589744,68.30047345161438,0.26340532302856445,65.1369981765747,2.3866219520568848,0.5076332092285156,CricketZ,ACF&PACF: p=0.1 q=0.1,0.1,DictRsast,ACF&PACF
