,accuracy,time,cweights_time,fsubsequence_time,tdataset_time,tclassifier_time,dataset_name,classifier_name,range_q,method,len_method
0,0.8704142011834319,3.476405382156372,0.12626123428344727,2.679748058319092,0.38397836685180664,0.2843506336212158,FaceAll,ACF&PACF: p=0 q=0,0,Rsastmf,ACF&PACF
1,0.9378698224852071,3.6737189292907715,0.13010287284851074,2.925288438796997,0.4155251979827881,0.20052862167358398,FaceAll,ACF&PACF: p=0 q=0,0,DictRsast,ACF&PACF
2,0.8668639053254438,3.7089717388153076,0.13880228996276855,2.8866302967071533,0.46779823303222656,0.21329760551452637,FaceAll,ACF&PACF: p=0 q=0.1,0.1,Rsastmf,ACF&PACF
3,0.9727810650887574,3.4383561611175537,0.1414661407470703,2.644714832305908,0.44879961013793945,0.20086908340454102,FaceAll,ACF&PACF: p=0 q=0.1,0.1,DictRsast,ACF&PACF
4,0.9005917159763314,3.614475965499878,0.1250300407409668,2.841775894165039,0.43652772903442383,0.2075328826904297,FaceAll,ACF&PACF: p=0.1 q=0.1,0.1,Rsastmf,ACF&PACF
5,0.9431952662721893,3.656458854675293,0.1255943775177002,2.8027117252349854,0.4810152053833008,0.24440360069274902,FaceAll,ACF&PACF: p=0.1 q=0.1,0.1,DictRsast,ACF&PACF
