,accuracy,time,cweights_time,fsubsequence_time,tdataset_time,tclassifier_time,dataset_name,classifier_name,range_q,method,len_method
0,0.7246376811594203,8.065361738204956,0.0754098892211914,7.948227643966675,0.03538084030151367,0.003985881805419922,DodgerLoopWeekend,ACF&PACF: p=0 q=0,0,Rsastmf,ACF&PACF
1,0.7101449275362319,6.183760404586792,0.07541322708129883,6.068882942199707,0.033052682876586914,0.004756450653076172,DodgerLoopWeekend,ACF&PACF: p=0 q=0,0,DictRsast,ACF&PACF
2,0.7101449275362319,8.662176609039307,0.07602667808532715,8.541439056396484,0.037661075592041016,0.005217313766479492,DodgerLoopWeekend,ACF&PACF: p=0 q=0.1,0.1,Rsastmf,ACF&PACF
3,0.7681159420289855,8.874465465545654,0.06239438056945801,8.759443521499634,0.04512143135070801,0.005771636962890625,DodgerLoopWeekend,ACF&PACF: p=0 q=0.1,0.1,DictRsast,ACF&PACF
4,0.717391304347826,9.496351957321167,0.08333086967468262,9.35988473892212,0.044846296310424805,0.005939960479736328,DodgerLoopWeekend,ACF&PACF: p=0.1 q=0.1,0.1,Rsastmf,ACF&PACF
5,0.8695652173913043,8.90887999534607,0.062162160873413086,8.795410633087158,0.04526710510253906,0.004655361175537109,DodgerLoopWeekend,ACF&PACF: p=0.1 q=0.1,0.1,DictRsast,ACF&PACF
