,accuracy,time,cweights_time,fsubsequence_time,tdataset_time,tclassifier_time,dataset_name,classifier_name,range_q,method,len_method
0,1.0,2.460573196411133,0.07539534568786621,2.2425434589385986,0.11527490615844727,0.025156021118164062,Plane,ACF&PACF: p=0 q=0,0,Rsastmf,ACF&PACF
1,1.0,2.386536121368408,0.06150245666503906,2.1968841552734375,0.10289883613586426,0.022393226623535156,Plane,ACF&PACF: p=0 q=0,0,DictRsast,ACF&PACF
2,1.0,2.361179828643799,0.0620272159576416,2.1599459648132324,0.11297273635864258,0.023509502410888672,Plane,ACF&PACF: p=0 q=0.1,0.1,Rsastmf,ACF&PACF
3,1.0,2.587805986404419,0.07430839538574219,2.373316764831543,0.11669087409973145,0.020866870880126953,Plane,ACF&PACF: p=0 q=0.1,0.1,DictRsast,ACF&PACF
4,1.0,2.5037474632263184,0.05590200424194336,2.293947219848633,0.12364339828491211,0.027781009674072266,Plane,ACF&PACF: p=0.1 q=0.1,0.1,Rsastmf,ACF&PACF
5,1.0,2.5291380882263184,0.05539083480834961,2.3211264610290527,0.12342572212219238,0.02767658233642578,Plane,ACF&PACF: p=0.1 q=0.1,0.1,DictRsast,ACF&PACF
