,accuracy,time,cweights_time,fsubsequence_time,tdataset_time,tclassifier_time,dataset_name,classifier_name,range_q,method,len_method
0,0.7096399535423926,0.5532393455505371,0.039671897888183594,0.5004310607910156,0.0095367431640625,0.0028481483459472656,ECGFiveDays,ACF&PACF: p=0 q=0,0,Rsastmf,ACF&PACF
1,0.9442508710801394,0.5515303611755371,0.03996920585632324,0.49868249893188477,0.009260416030883789,0.002771615982055664,ECGFiveDays,ACF&PACF: p=0 q=0,0,DictRsast,ACF&PACF
2,0.6538908246225319,0.5616974830627441,0.048514366149902344,0.5007708072662354,0.009207963943481445,0.002456188201904297,ECGFiveDays,ACF&PACF: p=0 q=0.1,0.1,Rsastmf,ACF&PACF
3,0.9512195121951219,0.5394246578216553,0.04871797561645508,0.478656530380249,0.00918889045715332,0.002240896224975586,ECGFiveDays,ACF&PACF: p=0 q=0.1,0.1,DictRsast,ACF&PACF
4,0.710801393728223,0.4206869602203369,0.03159379959106445,0.37833166122436523,0.008020877838134766,0.0023467540740966797,ECGFiveDays,ACF&PACF: p=0.1 q=0.1,0.1,Rsastmf,ACF&PACF
5,0.9140534262485482,0.5644879341125488,0.04768228530883789,0.5039503574371338,0.009552717208862305,0.002610445022583008,ECGFiveDays,ACF&PACF: p=0.1 q=0.1,0.1,DictRsast,ACF&PACF
