,accuracy,time,cweights_time,fsubsequence_time,tdataset_time,tclassifier_time,dataset_name,classifier_name,range_q,method,len_method
0,0.5047923322683706,0.13048863410949707,0.022198915481567383,0.09797263145446777,0.0067462921142578125,0.002803325653076172,MoteStrain,ACF&PACF: p=0 q=0,0,Rsastmf,ACF&PACF
1,0.7803514376996805,0.1304178237915039,0.022355318069458008,0.09779548645019531,0.007049560546875,0.002708911895751953,MoteStrain,ACF&PACF: p=0 q=0,0,DictRsast,ACF&PACF
2,0.48722044728434505,0.12898874282836914,0.022267580032348633,0.0967705249786377,0.007083892822265625,0.002405405044555664,MoteStrain,ACF&PACF: p=0 q=0.1,0.1,Rsastmf,ACF&PACF
3,0.8825878594249201,0.1373751163482666,0.024071931838989258,0.10186076164245605,0.007596015930175781,0.0030863285064697266,MoteStrain,ACF&PACF: p=0 q=0.1,0.1,DictRsast,ACF&PACF
4,0.4960063897763578,0.13005685806274414,0.02257704734802246,0.09746932983398438,0.006802797317504883,0.002581357955932617,MoteStrain,ACF&PACF: p=0.1 q=0.1,0.1,Rsastmf,ACF&PACF
5,0.8825878594249201,0.12926411628723145,0.022159576416015625,0.09666180610656738,0.0071866512298583984,0.0026395320892333984,MoteStrain,ACF&PACF: p=0.1 q=0.1,0.1,DictRsast,ACF&PACF
