,accuracy,time,cweights_time,fsubsequence_time,tdataset_time,tclassifier_time,dataset_name,classifier_name,range_q,method,len_method
0,0.7429718875502008,94.1254460811615,0.25160908699035645,93.70038628578186,0.15874958038330078,0.008963346481323242,InsectEPGSmallTrain,ACF&PACF: p=0 q=0,0,Rsastmf,ACF&PACF
1,0.9558232931726908,88.6126811504364,0.23135042190551758,88.20097160339355,0.1643822193145752,0.01280355453491211,InsectEPGSmallTrain,ACF&PACF: p=0 q=0,0,DictRsast,ACF&PACF
2,0.7349397590361446,59.322497844696045,0.1463017463684082,59.001760482788086,0.15281915664672852,0.013272285461425781,InsectEPGSmallTrain,ACF&PACF: p=0 q=0.1,0.1,Rsastmf,ACF&PACF
3,0.9598393574297188,58.01540517807007,0.16530466079711914,57.678637981414795,0.1590719223022461,0.008030414581298828,InsectEPGSmallTrain,ACF&PACF: p=0 q=0.1,0.1,DictRsast,ACF&PACF
4,0.751004016064257,70.37155628204346,0.25333237648010254,69.94194483757019,0.1637260913848877,0.008741378784179688,InsectEPGSmallTrain,ACF&PACF: p=0.1 q=0.1,0.1,Rsastmf,ACF&PACF
5,0.8995983935742972,92.53526520729065,0.18006587028503418,92.15858817100525,0.18280649185180664,0.010944128036499023,InsectEPGSmallTrain,ACF&PACF: p=0.1 q=0.1,0.1,DictRsast,ACF&PACF
