,accuracy,time,cweights_time,fsubsequence_time,tdataset_time,tclassifier_time,dataset_name,classifier_name,range_q,method,len_method
0,0.2787878787878788,45.88932490348816,0.18368053436279297,44.84994649887085,0.7252693176269531,0.12683415412902832,InsectWingbeatSound,ACF&PACF: p=0 q=0,0,Rsastmf,ACF&PACF
1,0.41868686868686866,39.28806972503662,0.16897273063659668,38.31184005737305,0.6833109855651855,0.12031984329223633,InsectWingbeatSound,ACF&PACF: p=0 q=0,0,DictRsast,ACF&PACF
2,0.2772727272727273,47.45308780670166,0.1954786777496338,46.41312265396118,0.721064567565918,0.11977672576904297,InsectWingbeatSound,ACF&PACF: p=0 q=0.1,0.1,Rsastmf,ACF&PACF
3,0.502020202020202,35.92513155937195,0.19808030128479004,35.003530502319336,0.6028831005096436,0.11549139022827148,InsectWingbeatSound,ACF&PACF: p=0 q=0.1,0.1,DictRsast,ACF&PACF
4,0.29747474747474745,38.680784940719604,0.19627881050109863,37.68377161026001,0.6972208023071289,0.09838986396789551,InsectWingbeatSound,ACF&PACF: p=0.1 q=0.1,0.1,Rsastmf,ACF&PACF
5,0.49242424242424243,38.26246666908264,0.19475769996643066,37.22504496574402,0.7220690250396729,0.11510872840881348,InsectWingbeatSound,ACF&PACF: p=0.1 q=0.1,0.1,DictRsast,ACF&PACF
