,accuracy,time,cweights_time,fsubsequence_time,tdataset_time,tclassifier_time,dataset_name,classifier_name,range_q,method,len_method
0,0.8833333333333333,1.7470498085021973,0.08509349822998047,1.382197618484497,0.15819525718688965,0.11930131912231445,ECG5000,ACF&PACF: p=0 q=0,0,Rsastmf,ACF&PACF
1,0.8664444444444445,1.666334629058838,0.08564257621765137,1.291243553161621,0.17043232917785645,0.11634373664855957,ECG5000,ACF&PACF: p=0 q=0,0,DictRsast,ACF&PACF
2,0.8666666666666667,1.6276700496673584,0.0858466625213623,1.2568202018737793,0.16640853881835938,0.11731576919555664,ECG5000,ACF&PACF: p=0 q=0.1,0.1,Rsastmf,ACF&PACF
3,0.8768888888888889,1.5522420406341553,0.0858469009399414,1.200028896331787,0.1744987964630127,0.09046244621276855,ECG5000,ACF&PACF: p=0 q=0.1,0.1,DictRsast,ACF&PACF
4,0.8833333333333333,1.54734206199646,0.0855093002319336,1.2148900032043457,0.15647482872009277,0.08928132057189941,ECG5000,ACF&PACF: p=0.1 q=0.1,0.1,Rsastmf,ACF&PACF
5,0.8422222222222222,1.643096923828125,0.09812259674072266,1.2881135940551758,0.16123485565185547,0.09453654289245605,ECG5000,ACF&PACF: p=0.1 q=0.1,0.1,DictRsast,ACF&PACF
