,accuracy,time,cweights_time,fsubsequence_time,tdataset_time,tclassifier_time,dataset_name,classifier_name,range_q,method,len_method
0,0.7989949748743719,38.0166962146759,0.15654397010803223,37.698734283447266,0.14684295654296875,0.013651609420776367,Symbols,ACF&PACF: p=0 q=0,0,Rsastmf,ACF&PACF
1,0.828140703517588,32.68925976753235,0.16310715675354004,32.339112281799316,0.1672687530517578,0.018716812133789062,Symbols,ACF&PACF: p=0 q=0,0,DictRsast,ACF&PACF
2,0.807035175879397,36.57213377952576,0.21184897422790527,36.206868171691895,0.13511204719543457,0.01509714126586914,Symbols,ACF&PACF: p=0 q=0.1,0.1,Rsastmf,ACF&PACF
3,0.8974874371859296,34.12135148048401,0.11526632308959961,33.83503460884094,0.15538573265075684,0.013885498046875,Symbols,ACF&PACF: p=0 q=0.1,0.1,DictRsast,ACF&PACF
4,0.8040201005025126,32.65883660316467,0.18343877792358398,32.26221442222595,0.18058562278747559,0.027646303176879883,Symbols,ACF&PACF: p=0.1 q=0.1,0.1,Rsastmf,ACF&PACF
5,0.8663316582914573,27.737454891204834,0.17933940887451172,27.37467098236084,0.15825486183166504,0.016002178192138672,Symbols,ACF&PACF: p=0.1 q=0.1,0.1,DictRsast,ACF&PACF
