,accuracy,time,cweights_time,fsubsequence_time,tdataset_time,tclassifier_time,dataset_name,classifier_name,range_q,method,len_method
0,0.6546762589928058,0.6971640586853027,0.04388022422790527,0.41761064529418945,0.1048743724822998,0.1279902458190918,DistalPhalanxTW,ACF&PACF: p=0 q=0,0,Rsastmf,ACF&PACF
1,0.6834532374100719,0.5816776752471924,0.03316640853881836,0.29772186279296875,0.13063549995422363,0.11891818046569824,DistalPhalanxTW,ACF&PACF: p=0 q=0,0,DictRsast,ACF&PACF
2,0.6546762589928058,0.763916015625,0.055527448654174805,0.4755275249481201,0.12252473831176758,0.10550975799560547,DistalPhalanxTW,ACF&PACF: p=0 q=0.1,0.1,Rsastmf,ACF&PACF
3,0.7194244604316546,0.7978017330169678,0.050879478454589844,0.4643101692199707,0.1484978199005127,0.13027024269104004,DistalPhalanxTW,ACF&PACF: p=0 q=0.1,0.1,DictRsast,ACF&PACF
4,0.6762589928057554,0.7673547267913818,0.04777646064758301,0.47859644889831543,0.14154767990112305,0.09662079811096191,DistalPhalanxTW,ACF&PACF: p=0.1 q=0.1,0.1,Rsastmf,ACF&PACF
5,0.7122302158273381,0.7675888538360596,0.05124187469482422,0.4736771583557129,0.13753533363342285,0.10190248489379883,DistalPhalanxTW,ACF&PACF: p=0.1 q=0.1,0.1,DictRsast,ACF&PACF
