,accuracy,time,cweights_time,fsubsequence_time,tdataset_time,tclassifier_time,dataset_name,classifier_name,range_q,method,len_method
0,0.6195652173913043,0.3748469352722168,0.035858869552612305,0.15134859085083008,0.07125449180603027,0.11524009704589844,DistalPhalanxOutlineCorrect,ACF&PACF: p=0 q=0,0,Rsastmf,ACF&PACF
1,0.7137681159420289,0.31171083450317383,0.03596830368041992,0.12071681022644043,0.06293940544128418,0.0910024642944336,DistalPhalanxOutlineCorrect,ACF&PACF: p=0 q=0,0,DictRsast,ACF&PACF
2,0.5942028985507246,0.30080389976501465,0.03571820259094238,0.10102105140686035,0.07072877883911133,0.09204816818237305,DistalPhalanxOutlineCorrect,ACF&PACF: p=0 q=0.1,0.1,Rsastmf,ACF&PACF
3,0.7427536231884058,0.4396951198577881,0.05183887481689453,0.1799149513244629,0.0758202075958252,0.1306314468383789,DistalPhalanxOutlineCorrect,ACF&PACF: p=0 q=0.1,0.1,DictRsast,ACF&PACF
4,0.5,0.43851780891418457,0.05210137367248535,0.17632699012756348,0.0766451358795166,0.13189029693603516,DistalPhalanxOutlineCorrect,ACF&PACF: p=0.1 q=0.1,0.1,Rsastmf,ACF&PACF
5,0.7753623188405797,0.4237508773803711,0.039705753326416016,0.16508817672729492,0.08340668678283691,0.13435649871826172,DistalPhalanxOutlineCorrect,ACF&PACF: p=0.1 q=0.1,0.1,DictRsast,ACF&PACF
