,accuracy,time,cweights_time,fsubsequence_time,tdataset_time,tclassifier_time,dataset_name,classifier_name,range_q,method,len_method
0,0.8060301507537688,42.67958998680115,0.19426941871643066,42.29498791694641,0.1526179313659668,0.01828789710998535,Symbols,ACF&PACF: p=0 q=0,0,Rsastmf,ACF&PACF
1,0.8120603015075377,36.20277237892151,0.1150968074798584,35.92468523979187,0.14101171493530273,0.018059730529785156,Symbols,ACF&PACF: p=0 q=0,0,DictRsast,ACF&PACF
2,0.8030150753768844,33.26233911514282,0.14945459365844727,32.946075439453125,0.14488458633422852,0.01766681671142578,Symbols,ACF&PACF: p=0 q=0.1,0.1,Rsastmf,ACF&PACF
3,0.9206030150753769,34.71812438964844,0.16564083099365234,34.37942886352539,0.14351558685302734,0.023956298828125,Symbols,ACF&PACF: p=0 q=0.1,0.1,DictRsast,ACF&PACF
4,0.7959798994974875,41.1798951625824,0.21088671684265137,40.78174161911011,0.15452218055725098,0.021870136260986328,Symbols,ACF&PACF: p=0.1 q=0.1,0.1,Rsastmf,ACF&PACF
5,0.8653266331658291,41.283594608306885,0.12413978576660156,40.95382213592529,0.1843857765197754,0.016726016998291016,Symbols,ACF&PACF: p=0.1 q=0.1,0.1,DictRsast,ACF&PACF
