,accuracy,time,cweights_time,fsubsequence_time,tdataset_time,tclassifier_time,dataset_name,classifier_name,range_q,method,len_method
0,0.512987012987013,0.6490955352783203,0.04629921913146973,0.35985636711120605,0.1299741268157959,0.11067581176757812,MiddlePhalanxTW,ACF&PACF: p=0 q=0,0,Rsastmf,ACF&PACF
1,0.5714285714285714,0.6356282234191895,0.04122042655944824,0.359602689743042,0.1239156723022461,0.10778594017028809,MiddlePhalanxTW,ACF&PACF: p=0 q=0,0,DictRsast,ACF&PACF
2,0.538961038961039,0.7431240081787109,0.04335308074951172,0.4561302661895752,0.1354215145111084,0.10492205619812012,MiddlePhalanxTW,ACF&PACF: p=0 q=0.1,0.1,Rsastmf,ACF&PACF
3,0.5194805194805194,0.6376206874847412,0.036071062088012695,0.36073756217956543,0.13387823104858398,0.10539889335632324,MiddlePhalanxTW,ACF&PACF: p=0 q=0.1,0.1,DictRsast,ACF&PACF
4,0.5584415584415584,0.6271767616271973,0.035848140716552734,0.3586771488189697,0.12993717193603516,0.09968304634094238,MiddlePhalanxTW,ACF&PACF: p=0.1 q=0.1,0.1,Rsastmf,ACF&PACF
5,0.551948051948052,0.7543721199035645,0.044518232345581055,0.477266788482666,0.13278794288635254,0.09629130363464355,MiddlePhalanxTW,ACF&PACF: p=0.1 q=0.1,0.1,DictRsast,ACF&PACF
