,accuracy,time,cweights_time,fsubsequence_time,tdataset_time,tclassifier_time,dataset_name,classifier_name,range_q,method,len_method
0,0.7708771929824562,11.44983196258545,0.12008881568908691,11.270373344421387,0.04752635955810547,0.008077383041381836,FreezerSmallTrain,ACF&PACF: p=0 q=0,0,Rsastmf,ACF&PACF
1,0.5670175438596491,8.284896612167358,0.06521415710449219,8.16253113746643,0.04909229278564453,0.0063097476959228516,FreezerSmallTrain,ACF&PACF: p=0 q=0,0,DictRsast,ACF&PACF
2,0.7642105263157895,7.0924108028411865,0.09729981422424316,6.936491012573242,0.049198150634765625,0.006916522979736328,FreezerSmallTrain,ACF&PACF: p=0 q=0.1,0.1,Rsastmf,ACF&PACF
3,0.7385964912280701,14.240744829177856,0.1296710968017578,14.043485879898071,0.056909799575805664,0.007979154586791992,FreezerSmallTrain,ACF&PACF: p=0 q=0.1,0.1,DictRsast,ACF&PACF
4,0.7603508771929824,11.020727634429932,0.10484004020690918,10.845920324325562,0.058112382888793945,0.009371519088745117,FreezerSmallTrain,ACF&PACF: p=0.1 q=0.1,0.1,Rsastmf,ACF&PACF
5,0.8817543859649123,7.2868969440460205,0.09186005592346191,7.125105857849121,0.055708885192871094,0.01157689094543457,FreezerSmallTrain,ACF&PACF: p=0.1 q=0.1,0.1,DictRsast,ACF&PACF
