,accuracy,time,cweights_time,fsubsequence_time,tdataset_time,tclassifier_time,dataset_name,classifier_name,range_q,method,len_method
0,0.2125,30.52284598350525,0.14643478393554688,30.005061149597168,0.32846593856811523,0.038863182067871094,DodgerLoopDay,ACF&PACF: p=0 q=0,0,Rsastmf,ACF&PACF
1,0.35,39.84093475341797,0.09431242942810059,39.33891201019287,0.3678874969482422,0.03685474395751953,DodgerLoopDay,ACF&PACF: p=0 q=0,0,DictRsast,ACF&PACF
2,0.325,39.95333552360535,0.09059262275695801,39.455602407455444,0.36275386810302734,0.040813446044921875,DodgerLoopDay,ACF&PACF: p=0 q=0.1,0.1,Rsastmf,ACF&PACF
3,0.35,42.350992918014526,0.12138557434082031,41.78109645843506,0.40789222717285156,0.03765225410461426,DodgerLoopDay,ACF&PACF: p=0 q=0.1,0.1,DictRsast,ACF&PACF
4,0.2,33.81703066825867,0.12374162673950195,33.27839541435242,0.3637697696685791,0.043888092041015625,DodgerLoopDay,ACF&PACF: p=0.1 q=0.1,0.1,Rsastmf,ACF&PACF
5,0.3375,33.26390027999878,0.09114503860473633,32.72839689254761,0.38429903984069824,0.05455470085144043,DodgerLoopDay,ACF&PACF: p=0.1 q=0.1,0.1,DictRsast,ACF&PACF
