,accuracy,time,cweights_time,fsubsequence_time,tdataset_time,tclassifier_time,dataset_name,classifier_name,range_q,method,len_method
0,0.8571428571428571,0.9933226108551025,0.06165742874145508,0.8273935317993164,0.07960128784179688,0.023055315017700195,GunPointOldVersusYoung,ACF&PACF: p=0 q=0,0,Rsastmf,ACF&PACF
1,0.873015873015873,0.803504467010498,0.06304597854614258,0.6368725299835205,0.07321405410766602,0.028522729873657227,GunPointOldVersusYoung,ACF&PACF: p=0 q=0,0,DictRsast,ACF&PACF
2,0.8634920634920635,0.8080227375030518,0.06495285034179688,0.6369373798370361,0.07529425621032715,0.028995513916015625,GunPointOldVersusYoung,ACF&PACF: p=0 q=0.1,0.1,Rsastmf,ACF&PACF
3,0.9396825396825397,0.7710914611816406,0.046880483627319336,0.6178522109985352,0.07639622688293457,0.02877068519592285,GunPointOldVersusYoung,ACF&PACF: p=0 q=0.1,0.1,DictRsast,ACF&PACF
4,0.8825396825396825,0.7976984977722168,0.046685218811035156,0.6362385749816895,0.08611345291137695,0.027382612228393555,GunPointOldVersusYoung,ACF&PACF: p=0.1 q=0.1,0.1,Rsastmf,ACF&PACF
5,0.926984126984127,0.7898180484771729,0.047200679779052734,0.6359820365905762,0.08024311065673828,0.02518320083618164,GunPointOldVersusYoung,ACF&PACF: p=0.1 q=0.1,0.1,DictRsast,ACF&PACF
