,accuracy,time,cweights_time,fsubsequence_time,tdataset_time,tclassifier_time,dataset_name,classifier_name,range_q,method,len_method
0,0.8253382533825339,0.6448781490325928,0.020050525665283203,0.12921738624572754,0.05571293830871582,0.43857669830322266,MelbournePedestrian,ACF&PACF: p=0 q=0,0,Rsastmf,ACF&PACF
1,0.8495284952849529,0.5258893966674805,0.016772031784057617,0.12632131576538086,0.06232285499572754,0.3192868232727051,MelbournePedestrian,ACF&PACF: p=0 q=0,0,DictRsast,ACF&PACF
2,0.8245182451824519,0.5863735675811768,0.016837358474731445,0.12591290473937988,0.060269832611083984,0.38216137886047363,MelbournePedestrian,ACF&PACF: p=0 q=0.1,0.1,Rsastmf,ACF&PACF
3,0.8618286182861828,0.5865147113800049,0.016989946365356445,0.12727856636047363,0.05444788932800293,0.3866243362426758,MelbournePedestrian,ACF&PACF: p=0 q=0.1,0.1,DictRsast,ACF&PACF
4,0.8154981549815498,0.5867712497711182,0.023773670196533203,0.12964367866516113,0.058205604553222656,0.37363767623901367,MelbournePedestrian,ACF&PACF: p=0.1 q=0.1,0.1,Rsastmf,ACF&PACF
5,0.8642886428864288,0.56014084815979,0.01956963539123535,0.12639760971069336,0.05749106407165527,0.3553891181945801,MelbournePedestrian,ACF&PACF: p=0.1 q=0.1,0.1,DictRsast,ACF&PACF
