,accuracy,time,cweights_time,fsubsequence_time,tdataset_time,tclassifier_time,dataset_name,classifier_name,range_q,method,len_method
0,0.6670238095238096,22.87301206588745,0.20408272743225098,0.6306478977203369,1.1634042263031006,20.87258553504944,Crop,ACF&PACF: p=0 q=0,0,Rsastmf,ACF&PACF
1,0.7036309523809524,21.314171075820923,0.2127835750579834,0.7004380226135254,1.147592306137085,19.250816345214844,Crop,ACF&PACF: p=0 q=0,0,DictRsast,ACF&PACF
2,0.6681547619047619,27.01465630531311,0.20543551445007324,0.6872014999389648,1.2609062194824219,24.858891487121582,Crop,ACF&PACF: p=0 q=0.1,0.1,Rsastmf,ACF&PACF
3,0.7041666666666667,26.586565256118774,0.21302247047424316,0.6782915592193604,1.227221965789795,24.46537494659424,Crop,ACF&PACF: p=0 q=0.1,0.1,DictRsast,ACF&PACF
4,0.648452380952381,26.807504177093506,0.2050325870513916,0.6285367012023926,1.2803637981414795,24.6912043094635,Crop,ACF&PACF: p=0.1 q=0.1,0.1,Rsastmf,ACF&PACF
5,0.6868452380952381,23.097511053085327,0.20483708381652832,0.6686000823974609,1.329453468322754,20.89234495162964,Crop,ACF&PACF: p=0.1 q=0.1,0.1,DictRsast,ACF&PACF
