,accuracy,time,cweights_time,fsubsequence_time,tdataset_time,tclassifier_time,dataset_name,classifier_name,range_q,method,len_method
0,0.3069053708439898,16.356568336486816,0.3117654323577881,12.439668893814087,2.5890605449676514,1.0009620189666748,Adiac,ACF&PACF: p=0 q=0,0,Rsastmf,ACF&PACF
1,0.3836317135549872,15.860084295272827,0.21734309196472168,12.094839572906494,2.5195295810699463,1.017441987991333,Adiac,ACF&PACF: p=0 q=0,0,DictRsast,ACF&PACF
2,0.31202046035805625,15.853378772735596,0.17000031471252441,11.979712963104248,2.764002799987793,0.9263467788696289,Adiac,ACF&PACF: p=0 q=0.1,0.1,Rsastmf,ACF&PACF
3,0.5268542199488491,18.87813115119934,0.30499744415283203,15.257038116455078,2.574882984161377,0.7257232666015625,Adiac,ACF&PACF: p=0 q=0.1,0.1,DictRsast,ACF&PACF
4,0.30434782608695654,16.08630871772766,0.20148539543151855,12.57771635055542,2.705235719680786,0.590522289276123,Adiac,ACF&PACF: p=0.1 q=0.1,0.1,Rsastmf,ACF&PACF
5,0.5447570332480819,15.684005975723267,0.18407058715820312,12.000905513763428,2.799727201461792,0.6837363243103027,Adiac,ACF&PACF: p=0.1 q=0.1,0.1,DictRsast,ACF&PACF
