,accuracy,time,cweights_time,fsubsequence_time,tdataset_time,tclassifier_time,dataset_name,classifier_name,range_q,method,len_method
0,0.8333333333333334,190.7455117702484,0.2068955898284912,189.9101688861847,0.5969784259796143,0.027433395385742188,Car,ACF&PACF: p=0 q=0,0,Rsastmf,ACF&PACF
1,0.4666666666666667,171.48382353782654,0.15377545356750488,170.69948410987854,0.5827198028564453,0.04441428184509277,Car,ACF&PACF: p=0 q=0,0,DictRsast,ACF&PACF
2,0.8333333333333334,172.84666514396667,0.15813708305358887,172.00497341156006,0.6413850784301758,0.036705970764160156,Car,ACF&PACF: p=0 q=0.1,0.1,Rsastmf,ACF&PACF
3,0.75,181.09633326530457,0.1540675163269043,180.29366850852966,0.6080114841461182,0.03319120407104492,Car,ACF&PACF: p=0 q=0.1,0.1,DictRsast,ACF&PACF
4,0.8333333333333334,195.40008783340454,0.15241312980651855,194.6227204799652,0.5844070911407471,0.03586387634277344,Car,ACF&PACF: p=0.1 q=0.1,0.1,Rsastmf,ACF&PACF
5,0.7666666666666667,215.45568299293518,0.15801167488098145,214.64177322387695,0.6131258010864258,0.03691554069519043,Car,ACF&PACF: p=0.1 q=0.1,0.1,DictRsast,ACF&PACF
