,accuracy,time,cweights_time,fsubsequence_time,tdataset_time,tclassifier_time,dataset_name,classifier_name,range_q,method,len_method
0,0.6988586479367866,0.14020419120788574,0.021869897842407227,0.10702800750732422,0.007177591323852539,0.003334522247314453,TwoLeadECG,ACF&PACF: p=0 q=0,0,Rsastmf,ACF&PACF
1,0.8050921861281826,0.1419506072998047,0.02180194854736328,0.10728144645690918,0.008812904357910156,0.0033431053161621094,TwoLeadECG,ACF&PACF: p=0 q=0,0,DictRsast,ACF&PACF
2,0.7120280948200176,0.14332842826843262,0.02211928367614746,0.10813570022583008,0.007950305938720703,0.0040781497955322266,TwoLeadECG,ACF&PACF: p=0 q=0.1,0.1,Rsastmf,ACF&PACF
3,0.8893766461808604,0.14409637451171875,0.022077083587646484,0.1075291633605957,0.008975982666015625,0.004767894744873047,TwoLeadECG,ACF&PACF: p=0 q=0.1,0.1,DictRsast,ACF&PACF
4,0.7445127304653204,0.14433526992797852,0.021986961364746094,0.10912513732910156,0.00821685791015625,0.004006147384643555,TwoLeadECG,ACF&PACF: p=0.1 q=0.1,0.1,Rsastmf,ACF&PACF
5,0.8726953467954346,0.14289069175720215,0.022084474563598633,0.10775399208068848,0.00839996337890625,0.003975391387939453,TwoLeadECG,ACF&PACF: p=0.1 q=0.1,0.1,DictRsast,ACF&PACF
