,accuracy,time,cweights_time,fsubsequence_time,tdataset_time,tclassifier_time,dataset_name,classifier_name,range_q,method,len_method
0,0.6,80.82275128364563,0.1273050308227539,80.50197005271912,0.1781139373779297,0.012836217880249023,Beef,ACF&PACF: p=0 q=0,0,Rsastmf,ACF&PACF
1,0.6666666666666666,70.04103994369507,0.17706894874572754,69.68917465209961,0.14932990074157715,0.020326852798461914,Beef,ACF&PACF: p=0 q=0,0,DictRsast,ACF&PACF
2,0.5,67.51706385612488,0.1280202865600586,67.15189933776855,0.2018589973449707,0.019496679306030273,Beef,ACF&PACF: p=0 q=0.1,0.1,Rsastmf,ACF&PACF
3,0.6333333333333333,63.616607427597046,0.1273195743560791,63.294923067092896,0.17727279663085938,0.013788700103759766,Beef,ACF&PACF: p=0 q=0.1,0.1,DictRsast,ACF&PACF
4,0.6,60.24562406539917,0.13011908531188965,59.92078113555908,0.17539572715759277,0.01427149772644043,Beef,ACF&PACF: p=0.1 q=0.1,0.1,Rsastmf,ACF&PACF
5,0.7,65.93255281448364,0.12907052040100098,65.57949566841125,0.20328569412231445,0.0164487361907959,Beef,ACF&PACF: p=0.1 q=0.1,0.1,DictRsast,ACF&PACF
