,accuracy,time,cweights_time,fsubsequence_time,tdataset_time,tclassifier_time,dataset_name,classifier_name,range_q,method,len_method
0,0.7142857142857143,0.34928250312805176,0.031126022338867188,0.17996931076049805,0.05882096290588379,0.07808494567871094,MiddlePhalanxOutlineAgeGroup,ACF&PACF: p=0 q=0,0,Rsastmf,ACF&PACF
1,0.7662337662337663,0.39982080459594727,0.04788637161254883,0.22296380996704102,0.05788254737854004,0.06933212280273438,MiddlePhalanxOutlineAgeGroup,ACF&PACF: p=0 q=0,0,DictRsast,ACF&PACF
2,0.7077922077922078,0.3480563163757324,0.030264616012573242,0.18062520027160645,0.06824541091918945,0.06682038307189941,MiddlePhalanxOutlineAgeGroup,ACF&PACF: p=0 q=0.1,0.1,Rsastmf,ACF&PACF
3,0.7272727272727273,0.3598639965057373,0.03652000427246094,0.18311762809753418,0.06763863563537598,0.07127022743225098,MiddlePhalanxOutlineAgeGroup,ACF&PACF: p=0 q=0.1,0.1,DictRsast,ACF&PACF
4,0.6883116883116883,0.36783456802368164,0.039372920989990234,0.18839025497436523,0.06863784790039062,0.06978154182434082,MiddlePhalanxOutlineAgeGroup,ACF&PACF: p=0.1 q=0.1,0.1,Rsastmf,ACF&PACF
5,0.7012987012987013,0.37345433235168457,0.03963661193847656,0.18992209434509277,0.06816220283508301,0.07401895523071289,MiddlePhalanxOutlineAgeGroup,ACF&PACF: p=0.1 q=0.1,0.1,DictRsast,ACF&PACF
