,accuracy,time,cweights_time,fsubsequence_time,tdataset_time,tclassifier_time,dataset_name,classifier_name,range_q,method,len_method
0,0.9272151898734177,0.9916789531707764,0.056626081466674805,0.8221426010131836,0.08679962158203125,0.02452254295349121,GunPointMaleVersusFemale,ACF&PACF: p=0 q=0,0,Rsastmf,ACF&PACF
1,0.759493670886076,0.8452939987182617,0.05808377265930176,0.692408561706543,0.07781243324279785,0.015571355819702148,GunPointMaleVersusFemale,ACF&PACF: p=0 q=0,0,DictRsast,ACF&PACF
2,0.9272151898734177,1.011542797088623,0.062016963958740234,0.8345432281494141,0.09071660041809082,0.02256488800048828,GunPointMaleVersusFemale,ACF&PACF: p=0 q=0.1,0.1,Rsastmf,ACF&PACF
3,0.8575949367088608,0.9939794540405273,0.05660080909729004,0.8206427097320557,0.08896684646606445,0.026408910751342773,GunPointMaleVersusFemale,ACF&PACF: p=0 q=0.1,0.1,DictRsast,ACF&PACF
4,0.930379746835443,1.0191290378570557,0.06205582618713379,0.838362455368042,0.09177565574645996,0.02542424201965332,GunPointMaleVersusFemale,ACF&PACF: p=0.1 q=0.1,0.1,Rsastmf,ACF&PACF
5,0.9367088607594937,1.020554542541504,0.0692751407623291,0.835076093673706,0.08772444725036621,0.026418447494506836,GunPointMaleVersusFemale,ACF&PACF: p=0.1 q=0.1,0.1,DictRsast,ACF&PACF
