,accuracy,time,cweights_time,fsubsequence_time,tdataset_time,tclassifier_time,dataset_name,classifier_name,range_q,method,len_method
0,0.652,4033.509336948395,2.1457386016845703,3928.2835698127747,100.6472225189209,2.4139459133148193,EthanolLevel,ACF&PACF: p=0 q=0,0,Rsastmf,ACF&PACF
1,0.588,4885.42049741745,1.2356398105621338,4782.747564792633,99.01713919639587,2.405665874481201,EthanolLevel,ACF&PACF: p=0 q=0,0,DictRsast,ACF&PACF
2,0.674,4564.8675673007965,2.150869131088257,4458.131770849228,102.01308584213257,2.554004669189453,EthanolLevel,ACF&PACF: p=0 q=0.1,0.1,Rsastmf,ACF&PACF
3,0.632,4371.375220775604,1.9207868576049805,4267.895807266235,99.13219404220581,2.397784948348999,EthanolLevel,ACF&PACF: p=0 q=0.1,0.1,DictRsast,ACF&PACF
4,0.67,4311.8355259895325,1.9389405250549316,4206.199867010117,101.2773814201355,2.4011974334716797,EthanolLevel,ACF&PACF: p=0.1 q=0.1,0.1,Rsastmf,ACF&PACF
5,0.622,3530.977602005005,1.9416742324829102,3427.688467979431,98.90311121940613,2.4261434078216553,EthanolLevel,ACF&PACF: p=0.1 q=0.1,0.1,DictRsast,ACF&PACF
