,accuracy,time,cweights_time,fsubsequence_time,tdataset_time,tclassifier_time,dataset_name,classifier_name,range_q,method,len_method
0,0.664,3357.539016008377,1.9383718967437744,3253.031777858734,100.14076662063599,2.4027462005615234,EthanolLevel,ACF&PACF: p=0 q=0,0,Rsastmf,ACF&PACF
1,0.606,4759.225857973099,1.97041654586792,4655.303863525391,99.53667140007019,2.395230770111084,EthanolLevel,ACF&PACF: p=0 q=0,0,DictRsast,ACF&PACF
2,0.672,4367.945565462112,1.726827621459961,4265.746412754059,98.041255235672,2.4125421047210693,EthanolLevel,ACF&PACF: p=0 q=0.1,0.1,Rsastmf,ACF&PACF
3,0.638,4530.527417182922,1.9754536151885986,4427.515717983246,98.58975982666016,2.422642707824707,EthanolLevel,ACF&PACF: p=0 q=0.1,0.1,DictRsast,ACF&PACF
4,0.688,4846.475005149841,1.9312686920166016,4740.974067687988,101.1507248878479,2.392132043838501,EthanolLevel,ACF&PACF: p=0.1 q=0.1,0.1,Rsastmf,ACF&PACF
5,0.664,4660.812403678894,2.142286539077759,4555.500192165375,100.74079036712646,2.4102556705474854,EthanolLevel,ACF&PACF: p=0.1 q=0.1,0.1,DictRsast,ACF&PACF
