,accuracy,time,cweights_time,fsubsequence_time,tdataset_time,tclassifier_time,dataset_name,classifier_name,range_q,method,len_method
0,0.5714285714285714,661.6562285423279,0.5980837345123291,655.4054152965546,5.401047229766846,0.23738646507263184,Worms,ACF&PACF: p=0 q=0,0,Rsastmf,ACF&PACF
1,0.5844155844155844,896.3954026699066,0.4681215286254883,889.1732795238495,6.500909805297852,0.24212026596069336,Worms,ACF&PACF: p=0 q=0,0,DictRsast,ACF&PACF
2,0.5844155844155844,701.554443359375,0.29288601875305176,694.3514449596405,6.675996780395508,0.22659683227539062,Worms,ACF&PACF: p=0 q=0.1,0.1,Rsastmf,ACF&PACF
3,0.6363636363636364,818.3347284793854,0.5770063400268555,812.4443371295929,5.054866552352905,0.2498457431793213,Worms,ACF&PACF: p=0 q=0.1,0.1,DictRsast,ACF&PACF
4,0.5584415584415584,856.503157377243,0.5692815780639648,848.9297487735748,6.759256601333618,0.2350919246673584,Worms,ACF&PACF: p=0.1 q=0.1,0.1,Rsastmf,ACF&PACF
5,0.6623376623376623,943.3047268390656,0.5666365623474121,936.0345153808594,6.459238767623901,0.2365114688873291,Worms,ACF&PACF: p=0.1 q=0.1,0.1,DictRsast,ACF&PACF
