,accuracy,time,cweights_time,fsubsequence_time,tdataset_time,tclassifier_time,dataset_name,classifier_name,range_q,method,len_method
0,0.7908771929824562,6.957182884216309,0.06757593154907227,6.837493419647217,0.04593372344970703,0.00427556037902832,FreezerSmallTrain,ACF&PACF: p=0 q=0,0,Rsastmf,ACF&PACF
1,0.5789473684210527,6.682504653930664,0.07375025749206543,6.553181409835815,0.04577445983886719,0.008148670196533203,FreezerSmallTrain,ACF&PACF: p=0 q=0,0,DictRsast,ACF&PACF
2,0.7628070175438596,6.781606674194336,0.07518649101257324,6.646711587905884,0.04967975616455078,0.00714874267578125,FreezerSmallTrain,ACF&PACF: p=0 q=0.1,0.1,Rsastmf,ACF&PACF
3,0.7347368421052631,7.628402233123779,0.08749270439147949,7.478699207305908,0.05185294151306152,0.00793910026550293,FreezerSmallTrain,ACF&PACF: p=0 q=0.1,0.1,DictRsast,ACF&PACF
4,0.7491228070175439,9.944806337356567,0.06531977653503418,9.805597305297852,0.06492495536804199,0.006365537643432617,FreezerSmallTrain,ACF&PACF: p=0.1 q=0.1,0.1,Rsastmf,ACF&PACF
5,0.8757894736842106,10.082093477249146,0.11886119842529297,9.89877986907959,0.05468392372131348,0.007071256637573242,FreezerSmallTrain,ACF&PACF: p=0.1 q=0.1,0.1,DictRsast,ACF&PACF
