,accuracy,time,cweights_time,fsubsequence_time,tdataset_time,tclassifier_time,dataset_name,classifier_name,range_q,method,len_method
0,0.6103896103896104,409.32673239707947,0.5068230628967285,405.9854519367218,2.72890043258667,0.10198163986206055,WormsTwoClass,ACF&PACF: p=0 q=0,0,Rsastmf,ACF&PACF
1,0.6883116883116883,436.51128101348877,0.5066273212432861,433.54533886909485,2.341660737991333,0.11394023895263672,WormsTwoClass,ACF&PACF: p=0 q=0,0,DictRsast,ACF&PACF
2,0.6233766233766234,291.26357865333557,0.35506629943847656,287.8541250228882,2.9495038986206055,0.10031485557556152,WormsTwoClass,ACF&PACF: p=0 q=0.1,0.1,Rsastmf,ACF&PACF
3,0.7402597402597403,376.2350993156433,0.5005893707275391,372.6719934940338,2.9480292797088623,0.11114645004272461,WormsTwoClass,ACF&PACF: p=0 q=0.1,0.1,DictRsast,ACF&PACF
4,0.6753246753246753,323.47642850875854,0.5066993236541748,320.48102927207947,2.357231855392456,0.12785649299621582,WormsTwoClass,ACF&PACF: p=0.1 q=0.1,0.1,Rsastmf,ACF&PACF
5,0.7662337662337663,301.0194320678711,0.48236608505249023,297.8570625782013,2.592055320739746,0.08459591865539551,WormsTwoClass,ACF&PACF: p=0.1 q=0.1,0.1,DictRsast,ACF&PACF
