,accuracy,time,cweights_time,fsubsequence_time,tdataset_time,tclassifier_time,dataset_name,classifier_name,range_q,method,len_method
0,0.9567567567567568,3.38132905960083,0.0768883228302002,2.670736074447632,0.4449934959411621,0.18659281730651855,Strawberry,ACF&PACF: p=0 q=0,0,Rsastmf,ACF&PACF
1,0.9621621621621622,3.4018640518188477,0.07503056526184082,2.6653969287872314,0.4432799816131592,0.216078519821167,Strawberry,ACF&PACF: p=0 q=0,0,DictRsast,ACF&PACF
2,0.9405405405405406,3.6068782806396484,0.09477448463439941,2.8288748264312744,0.43996262550354004,0.24103522300720215,Strawberry,ACF&PACF: p=0 q=0.1,0.1,Rsastmf,ACF&PACF
3,0.9675675675675676,3.6886892318725586,0.09997677803039551,2.993964672088623,0.4108283519744873,0.18177342414855957,Strawberry,ACF&PACF: p=0 q=0.1,0.1,DictRsast,ACF&PACF
4,0.9594594594594594,3.6181204319000244,0.0745854377746582,2.945662498474121,0.4136044979095459,0.18227458000183105,Strawberry,ACF&PACF: p=0.1 q=0.1,0.1,Rsastmf,ACF&PACF
5,0.9675675675675676,3.5274300575256348,0.07674789428710938,2.7401394844055176,0.4902794361114502,0.21815729141235352,Strawberry,ACF&PACF: p=0.1 q=0.1,0.1,DictRsast,ACF&PACF
