,accuracy,time,cweights_time,fsubsequence_time,tdataset_time,tclassifier_time,dataset_name,classifier_name,range_q,method,len_method
0,0.627039627039627,0.9769384860992432,0.04813957214355469,0.12500810623168945,0.16237878799438477,0.6404211521148682,PhalangesOutlinesCorrect,ACF&PACF: p=0 q=0,0,Rsastmf,ACF&PACF
1,0.682983682983683,0.7824311256408691,0.030749797821044922,0.09007811546325684,0.1448533535003662,0.5160853862762451,PhalangesOutlinesCorrect,ACF&PACF: p=0 q=0,0,DictRsast,ACF&PACF
2,0.5897435897435898,0.39612317085266113,0.040967464447021484,0.12132787704467773,0.163743257522583,0.0691077709197998,PhalangesOutlinesCorrect,ACF&PACF: p=0 q=0.1,0.1,Rsastmf,ACF&PACF
3,0.675990675990676,0.4009275436401367,0.04827308654785156,0.12453293800354004,0.16014695167541504,0.06714630126953125,PhalangesOutlinesCorrect,ACF&PACF: p=0 q=0.1,0.1,DictRsast,ACF&PACF
4,0.6398601398601399,1.017834186553955,0.05063605308532715,0.14997172355651855,0.17222166061401367,0.6440284252166748,PhalangesOutlinesCorrect,ACF&PACF: p=0.1 q=0.1,0.1,Rsastmf,ACF&PACF
5,0.6713286713286714,0.4438936710357666,0.048229217529296875,0.14975953102111816,0.16974401473999023,0.07528138160705566,PhalangesOutlinesCorrect,ACF&PACF: p=0.1 q=0.1,0.1,DictRsast,ACF&PACF
