,accuracy,time,cweights_time,fsubsequence_time,tdataset_time,tclassifier_time,dataset_name,classifier_name,range_q,method,len_method
0,0.68,2055.0609226226807,1.364112377166748,2000.8877193927765,47.08101725578308,5.684142351150513,ShapesAll,ACF&PACF: p=0 q=0,0,Rsastmf,ACF&PACF
1,0.7833333333333333,1950.6766176223755,1.393235683441162,1895.804818868637,47.55721664428711,5.873264312744141,ShapesAll,ACF&PACF: p=0 q=0,0,DictRsast,ACF&PACF
2,0.6733333333333333,1532.3667352199554,1.467268943786621,1476.8466322422028,48.2205228805542,5.768261194229126,ShapesAll,ACF&PACF: p=0 q=0.1,0.1,Rsastmf,ACF&PACF
3,0.8116666666666666,1321.1321289539337,1.3646414279937744,1265.5447099208832,48.40767955780029,5.765296936035156,ShapesAll,ACF&PACF: p=0 q=0.1,0.1,DictRsast,ACF&PACF
4,0.6666666666666666,1390.2222352027893,1.3341732025146484,1334.9803953170776,48.066667795181274,5.789422035217285,ShapesAll,ACF&PACF: p=0.1 q=0.1,0.1,Rsastmf,ACF&PACF
5,0.7466666666666667,2097.808085203171,1.3664498329162598,2042.2685589790344,48.374850034713745,5.749035835266113,ShapesAll,ACF&PACF: p=0.1 q=0.1,0.1,DictRsast,ACF&PACF
