,accuracy,time,cweights_time,fsubsequence_time,tdataset_time,tclassifier_time,dataset_name,classifier_name,range_q,method,len_method
0,0.7813333333333333,165.35207152366638,0.441619873046875,163.4714229106903,1.3496570587158203,0.07892656326293945,SmallKitchenAppliances,ACF&PACF: p=0 q=0,0,Rsastmf,ACF&PACF
1,0.7386666666666667,258.51595640182495,0.4723362922668457,256.78801369667053,1.147986888885498,0.10303831100463867,SmallKitchenAppliances,ACF&PACF: p=0 q=0,0,DictRsast,ACF&PACF
2,0.7626666666666667,269.60087394714355,0.5279445648193359,267.6236774921417,1.352464199066162,0.09496855735778809,SmallKitchenAppliances,ACF&PACF: p=0 q=0.1,0.1,Rsastmf,ACF&PACF
3,0.7306666666666667,270.41181445121765,0.5021107196807861,268.57023644447327,1.2469501495361328,0.09101128578186035,SmallKitchenAppliances,ACF&PACF: p=0 q=0.1,0.1,DictRsast,ACF&PACF
4,0.7706666666666667,275.6962113380432,0.4863622188568115,273.6085729598999,1.5157358646392822,0.08339262008666992,SmallKitchenAppliances,ACF&PACF: p=0.1 q=0.1,0.1,Rsastmf,ACF&PACF
5,0.7253333333333334,283.05578875541687,0.4716775417327881,280.5897686481476,1.866682529449463,0.12376713752746582,SmallKitchenAppliances,ACF&PACF: p=0.1 q=0.1,0.1,DictRsast,ACF&PACF
