,accuracy,time,cweights_time,fsubsequence_time,tdataset_time,tclassifier_time,dataset_name,classifier_name,range_q,method,len_method
0,0.8863763260748185,1619.4438762664795,1.245159387588501,1561.170080423355,53.094404458999634,3.915713310241699,UWaveGestureLibraryAll,ACF&PACF: p=0 q=0,0,Rsastmf,ACF&PACF
1,0.7554438860971524,1789.9679098129272,1.2329230308532715,1737.493644952774,48.11353015899658,3.1133697032928467,UWaveGestureLibraryAll,ACF&PACF: p=0 q=0,0,DictRsast,ACF&PACF
2,0.8941931881630374,1946.1013224124908,1.3633277416229248,1887.9527859687805,53.17697882652283,3.5891189575195312,UWaveGestureLibraryAll,ACF&PACF: p=0 q=0.1,0.1,Rsastmf,ACF&PACF
3,0.8740926856504746,1775.6541001796722,1.2316842079162598,1721.1673448085785,49.8918833732605,3.34537935256958,UWaveGestureLibraryAll,ACF&PACF: p=0 q=0.1,0.1,DictRsast,ACF&PACF
4,0.9134561697375768,1698.2481756210327,1.3666205406188965,1638.264769077301,55.31594753265381,3.28351092338562,UWaveGestureLibraryAll,ACF&PACF: p=0.1 q=0.1,0.1,Rsastmf,ACF&PACF
5,0.8104410943606923,1846.2940227985382,1.3632636070251465,1787.7372407913208,53.8917293548584,3.2884445190429688,UWaveGestureLibraryAll,ACF&PACF: p=0.1 q=0.1,0.1,DictRsast,ACF&PACF
