,accuracy,time,cweights_time,fsubsequence_time,tdataset_time,tclassifier_time,dataset_name,classifier_name,range_q,method,len_method
0,0.8403361344537815,3009.379139661789,0.9303591251373291,3004.620996952057,3.7960848808288574,0.025563478469848633,HouseTwenty,ACF&PACF: p=0 q=0,0,Rsastmf,ACF&PACF
1,0.9831932773109243,2738.0170574188232,0.8937356472015381,2734.2389419078827,2.854543447494507,0.0243985652923584,HouseTwenty,ACF&PACF: p=0 q=0,0,DictRsast,ACF&PACF
2,0.8235294117647058,2846.252184867859,0.9291098117828369,2841.4738099575043,3.816679000854492,0.026875019073486328,HouseTwenty,ACF&PACF: p=0 q=0.1,0.1,Rsastmf,ACF&PACF
3,0.957983193277311,2777.400770664215,0.943228006362915,2772.9259033203125,3.497080087661743,0.02839350700378418,HouseTwenty,ACF&PACF: p=0 q=0.1,0.1,DictRsast,ACF&PACF
4,0.8487394957983193,2664.9409959316254,0.9014911651611328,2659.9674627780914,4.034748792648315,0.0316617488861084,HouseTwenty,ACF&PACF: p=0.1 q=0.1,0.1,Rsastmf,ACF&PACF
5,0.865546218487395,2425.114515066147,0.901871919631958,2420.7378113269806,3.438768148422241,0.02873826026916504,HouseTwenty,ACF&PACF: p=0.1 q=0.1,0.1,DictRsast,ACF&PACF
