,accuracy,time,cweights_time,fsubsequence_time,tdataset_time,tclassifier_time,dataset_name,classifier_name,range_q,method,len_method
0,0.6598484848484848,73.42930102348328,1.3965282440185547,54.57592177391052,12.44159722328186,5.010549545288086,FordA,ACF&PACF: p=0 q=0,0,Rsastmf,ACF&PACF
1,0.7727272727272727,84.26094579696655,1.4965662956237793,63.9708366394043,14.123475790023804,4.665832996368408,FordA,ACF&PACF: p=0 q=0,0,DictRsast,ACF&PACF
2,0.6545454545454545,80.57467770576477,1.5047085285186768,62.24799704551697,11.464881420135498,5.35335111618042,FordA,ACF&PACF: p=0 q=0.1,0.1,Rsastmf,ACF&PACF
3,0.8106060606060606,90.21154713630676,1.4258477687835693,73.23117256164551,11.09900951385498,4.451623201370239,FordA,ACF&PACF: p=0 q=0.1,0.1,DictRsast,ACF&PACF
4,0.7037878787878787,90.17196655273438,1.4681785106658936,69.96518874168396,13.012116193771362,5.722723484039307,FordA,ACF&PACF: p=0.1 q=0.1,0.1,Rsastmf,ACF&PACF
5,0.7696969696969697,86.9936375617981,1.3417980670928955,67.69032073020935,12.830153942108154,5.12708306312561,FordA,ACF&PACF: p=0.1 q=0.1,0.1,DictRsast,ACF&PACF
