,accuracy,time,cweights_time,fsubsequence_time,tdataset_time,tclassifier_time,dataset_name,classifier_name,range_q,method,len_method
0,0.8122181221812218,0.6646349430084229,0.020398378372192383,0.1539313793182373,0.06304144859313965,0.42602109909057617,MelbournePedestrian,ACF&PACF: p=0 q=0,0,Rsastmf,ACF&PACF
1,0.8564985649856498,0.6722276210784912,0.020662307739257812,0.154679536819458,0.054033756256103516,0.44152259826660156,MelbournePedestrian,ACF&PACF: p=0 q=0,0,DictRsast,ACF&PACF
2,0.8327183271832719,0.5815865993499756,0.02189946174621582,0.12422752380371094,0.0598447322845459,0.3739316463470459,MelbournePedestrian,ACF&PACF: p=0 q=0.1,0.1,Rsastmf,ACF&PACF
3,0.8642886428864288,0.5822715759277344,0.01672959327697754,0.1260988712310791,0.06288695335388184,0.37544798851013184,MelbournePedestrian,ACF&PACF: p=0 q=0.1,0.1,DictRsast,ACF&PACF
4,0.8253382533825339,0.5667932033538818,0.01702880859375,0.12378334999084473,0.06103038787841797,0.3638322353363037,MelbournePedestrian,ACF&PACF: p=0.1 q=0.1,0.1,Rsastmf,ACF&PACF
5,0.8491184911849119,0.5623743534088135,0.020583152770996094,0.13323616981506348,0.061406850814819336,0.3458709716796875,MelbournePedestrian,ACF&PACF: p=0.1 q=0.1,0.1,DictRsast,ACF&PACF
