,accuracy,time,cweights_time,fsubsequence_time,tdataset_time,tclassifier_time,dataset_name,classifier_name,range_q,method,len_method
0,0.9833333333333333,40.786582469940186,0.10982012748718262,40.372278928756714,0.27773284912109375,0.02265477180480957,Meat,ACF&PACF: p=0 q=0,0,Rsastmf,ACF&PACF
1,0.9666666666666667,47.02364635467529,0.10943078994750977,46.63310527801514,0.25920605659484863,0.01898193359375,Meat,ACF&PACF: p=0 q=0,0,DictRsast,ACF&PACF
2,1.0,53.76248264312744,0.10834002494812012,53.3030309677124,0.32956957817077637,0.01887965202331543,Meat,ACF&PACF: p=0 q=0.1,0.1,Rsastmf,ACF&PACF
3,0.9666666666666667,55.51309680938721,0.11916279792785645,55.1024649143219,0.2675747871398926,0.021457433700561523,Meat,ACF&PACF: p=0 q=0.1,0.1,DictRsast,ACF&PACF
4,0.9833333333333333,67.78625273704529,0.14707398414611816,67.35321068763733,0.25961828231811523,0.022110462188720703,Meat,ACF&PACF: p=0.1 q=0.1,0.1,Rsastmf,ACF&PACF
5,0.9833333333333333,69.90341281890869,0.14802169799804688,69.46449947357178,0.2657766342163086,0.01918768882751465,Meat,ACF&PACF: p=0.1 q=0.1,0.1,DictRsast,ACF&PACF
