,accuracy,time,cweights_time,fsubsequence_time,tdataset_time,tclassifier_time,dataset_name,classifier_name,range_q,method,len_method
0,0.7962962962962963,3.0560078620910645,0.0629572868347168,2.942091226577759,0.04304337501525879,0.006481170654296875,Wine,ACF&PACF: p=0 q=0,0,Rsastmf,ACF&PACF
1,0.8703703703703703,3.05561900138855,0.06429719924926758,2.9418904781341553,0.04006385803222656,0.007372617721557617,Wine,ACF&PACF: p=0 q=0,0,DictRsast,ACF&PACF
2,0.6851851851851852,3.048999547958374,0.06279468536376953,2.938685417175293,0.038285255432128906,0.007359743118286133,Wine,ACF&PACF: p=0 q=0.1,0.1,Rsastmf,ACF&PACF
3,0.9074074074074074,3.0676050186157227,0.06325626373291016,2.953476667404175,0.04036879539489746,0.00865483283996582,Wine,ACF&PACF: p=0 q=0.1,0.1,DictRsast,ACF&PACF
4,0.7407407407407407,3.084439516067505,0.06299734115600586,2.975128173828125,0.03782057762145996,0.006684303283691406,Wine,ACF&PACF: p=0.1 q=0.1,0.1,Rsastmf,ACF&PACF
5,0.9259259259259259,3.02280330657959,0.06298685073852539,2.9096968173980713,0.04117608070373535,0.007183551788330078,Wine,ACF&PACF: p=0.1 q=0.1,0.1,DictRsast,ACF&PACF
