,accuracy,time,cweights_time,fsubsequence_time,tdataset_time,tclassifier_time,dataset_name,classifier_name,range_q,method,len_method
0,0.6546762589928058,60.354145526885986,0.15545392036437988,59.82300853729248,0.31753110885620117,0.05730628967285156,Earthquakes,ACF&PACF: p=0 q=0,0,Rsastmf,ACF&PACF
1,0.6618705035971223,58.891443967819214,0.15664148330688477,58.414689779281616,0.2774195671081543,0.04159116744995117,Earthquakes,ACF&PACF: p=0 q=0,0,DictRsast,ACF&PACF
2,0.6690647482014388,57.924705266952515,0.1649773120880127,57.442784547805786,0.266202449798584,0.04947495460510254,Earthquakes,ACF&PACF: p=0 q=0.1,0.1,Rsastmf,ACF&PACF
3,0.7122302158273381,85.23997831344604,0.1567096710205078,84.7555730342865,0.258497953414917,0.06722450256347656,Earthquakes,ACF&PACF: p=0 q=0.1,0.1,DictRsast,ACF&PACF
4,0.6546762589928058,55.11531853675842,0.22116923332214355,54.55402445793152,0.2736639976501465,0.06461691856384277,Earthquakes,ACF&PACF: p=0.1 q=0.1,0.1,Rsastmf,ACF&PACF
5,0.5611510791366906,86.89204335212708,0.19880962371826172,86.33133125305176,0.295025110244751,0.06475949287414551,Earthquakes,ACF&PACF: p=0.1 q=0.1,0.1,DictRsast,ACF&PACF
