,accuracy,time,cweights_time,fsubsequence_time,tdataset_time,tclassifier_time,dataset_name,classifier_name,range_q,method,len_method
0,0.664,4529.933223485947,1.9355204105377197,4427.450357198715,97.84283328056335,2.6864373683929443,EthanolLevel,ACF&PACF: p=0 q=0,0,Rsastmf,ACF&PACF
1,0.564,4021.6233875751495,1.9365119934082031,3922.4311063289642,94.84302568435669,2.3945295810699463,EthanolLevel,ACF&PACF: p=0 q=0,0,DictRsast,ACF&PACF
2,0.69,4009.5435297489166,1.951247215270996,3906.673983335495,98.4967429637909,2.402191638946533,EthanolLevel,ACF&PACF: p=0 q=0.1,0.1,Rsastmf,ACF&PACF
3,0.62,3716.655387878418,1.9359698295593262,3611.0508675575256,101.2633204460144,2.3874170780181885,EthanolLevel,ACF&PACF: p=0 q=0.1,0.1,DictRsast,ACF&PACF
4,0.7,4253.946941614151,1.9267821311950684,4149.375066280365,100.20270204544067,2.4246771335601807,EthanolLevel,ACF&PACF: p=0.1 q=0.1,0.1,Rsastmf,ACF&PACF
5,0.62,4222.11625623703,2.151599884033203,4119.473758459091,98.06537961959839,2.3992435932159424,EthanolLevel,ACF&PACF: p=0.1 q=0.1,0.1,DictRsast,ACF&PACF
