,accuracy,time,cweights_time,fsubsequence_time,tdataset_time,tclassifier_time,dataset_name,classifier_name,range_q,method,len_method
0,0.6026666666666667,220.1542797088623,0.5193476676940918,216.17600989341736,3.151090383529663,0.3009195327758789,ScreenType,ACF&PACF: p=0 q=0,0,Rsastmf,ACF&PACF
1,0.56,245.8655686378479,0.2748396396636963,239.99255228042603,5.259270668029785,0.3329429626464844,ScreenType,ACF&PACF: p=0 q=0,0,DictRsast,ACF&PACF
2,0.6346666666666667,254.24724054336548,0.4858558177947998,249.4272403717041,4.020319938659668,0.3081655502319336,ScreenType,ACF&PACF: p=0 q=0.1,0.1,Rsastmf,ACF&PACF
3,0.48533333333333334,250.5301513671875,0.4744565486907959,244.83247447013855,4.886457681655884,0.33156704902648926,ScreenType,ACF&PACF: p=0 q=0.1,0.1,DictRsast,ACF&PACF
4,0.6293333333333333,296.39971590042114,0.5220985412597656,291.51331758499146,3.9958178997039795,0.3646128177642822,ScreenType,ACF&PACF: p=0.1 q=0.1,0.1,Rsastmf,ACF&PACF
5,0.424,278.142849445343,0.5224483013153076,272.5305087566376,4.781388282775879,0.3048667907714844,ScreenType,ACF&PACF: p=0.1 q=0.1,0.1,DictRsast,ACF&PACF
