,accuracy,time,cweights_time,fsubsequence_time,tdataset_time,tclassifier_time,dataset_name,classifier_name,range_q,method,len_method
0,0.676,3679.2104482650757,1.9295907020568848,3576.227110385895,98.63120555877686,2.403822898864746,EthanolLevel,ACF&PACF: p=0 q=0,0,Rsastmf,ACF&PACF
1,0.594,4551.159635066986,2.1500587463378906,4447.382372617722,99.19405913352966,2.4149951934814453,EthanolLevel,ACF&PACF: p=0 q=0,0,DictRsast,ACF&PACF
2,0.668,4325.21919298172,1.9332175254821777,4221.766128540039,99.09296989440918,2.408226728439331,EthanolLevel,ACF&PACF: p=0 q=0.1,0.1,Rsastmf,ACF&PACF
3,0.65,4593.235884904861,2.1562845706939697,4490.281118392944,99.2574565410614,1.522775411605835,EthanolLevel,ACF&PACF: p=0 q=0.1,0.1,DictRsast,ACF&PACF
4,0.662,4490.36937379837,1.9338343143463135,4383.59587264061,102.38007164001465,2.440544605255127,EthanolLevel,ACF&PACF: p=0.1 q=0.1,0.1,Rsastmf,ACF&PACF
5,0.64,4213.481431722641,2.147763967514038,4109.464864015579,99.43052577972412,2.4139654636383057,EthanolLevel,ACF&PACF: p=0.1 q=0.1,0.1,DictRsast,ACF&PACF
