,accuracy,time,cweights_time,fsubsequence_time,tdataset_time,tclassifier_time,dataset_name,classifier_name,range_q,method,len_method
0,0.33406593406593404,94.2002341747284,0.35646796226501465,88.79677438735962,3.8750011920928955,1.1531894207000732,FiftyWords,ACF&PACF: p=0 q=0,0,Rsastmf,ACF&PACF
1,0.24395604395604395,120.8913152217865,0.5943195819854736,116.14066338539124,3.4332993030548096,0.7096619606018066,FiftyWords,ACF&PACF: p=0 q=0,0,DictRsast,ACF&PACF
2,0.33186813186813185,143.7813925743103,0.5985062122344971,138.19853520393372,3.8333845138549805,1.13930344581604,FiftyWords,ACF&PACF: p=0 q=0.1,0.1,Rsastmf,ACF&PACF
3,0.4043956043956044,136.80151677131653,0.32596278190612793,132.24533343315125,3.4568281173706055,0.7663166522979736,FiftyWords,ACF&PACF: p=0 q=0.1,0.1,DictRsast,ACF&PACF
4,0.33406593406593404,103.19080972671509,0.5110816955566406,97.54926133155823,3.986494779586792,1.1350233554840088,FiftyWords,ACF&PACF: p=0.1 q=0.1,0.1,Rsastmf,ACF&PACF
5,0.3384615384615385,76.6629068851471,0.4251210689544678,72.09392857551575,3.4128406047821045,0.7182552814483643,FiftyWords,ACF&PACF: p=0.1 q=0.1,0.1,DictRsast,ACF&PACF
