,accuracy,time,cweights_time,fsubsequence_time,tdataset_time,tclassifier_time,dataset_name,classifier_name,range_q,method,len_method
0,0.8821887213847013,1375.792664527893,1.2758901119232178,1320.7224197387695,50.34675884246826,3.4323389530181885,UWaveGestureLibraryAll,ACF&PACF: p=0 q=0,0,Rsastmf,ACF&PACF
1,0.838358458961474,1837.343599319458,1.203704833984375,1777.8814299106598,54.89691972732544,3.337794065475464,UWaveGestureLibraryAll,ACF&PACF: p=0 q=0,0,DictRsast,ACF&PACF
2,0.8900055834729201,1752.704086780548,1.2274713516235352,1700.4718542099,48.07210159301758,2.9199023246765137,UWaveGestureLibraryAll,ACF&PACF: p=0 q=0.1,0.1,Rsastmf,ACF&PACF
3,0.8137911781127861,2102.0252392292023,1.4365208148956299,2046.447046995163,50.79086136817932,3.3324475288391113,UWaveGestureLibraryAll,ACF&PACF: p=0 q=0.1,0.1,DictRsast,ACF&PACF
4,0.8994974874371859,1889.3435406684875,1.3875694274902344,1832.3078999519348,52.33633208274841,3.2982919216156006,UWaveGestureLibraryAll,ACF&PACF: p=0.1 q=0.1,0.1,Rsastmf,ACF&PACF
5,0.8257956448911222,1496.4414837360382,1.2924885749816895,1442.71239900589,49.23795485496521,3.1859359741210938,UWaveGestureLibraryAll,ACF&PACF: p=0.1 q=0.1,0.1,DictRsast,ACF&PACF
