,accuracy,time,cweights_time,fsubsequence_time,tdataset_time,tclassifier_time,dataset_name,classifier_name,range_q,method,len_method
0,0.6966666666666667,1279.9991383552551,1.0582809448242188,1265.9885578155518,12.548037052154541,0.38965511322021484,SemgHandGenderCh2,ACF&PACF: p=0 q=0,0,Rsastmf,ACF&PACF
1,0.8783333333333333,1665.588544368744,1.2607722282409668,1649.5265707969666,14.380376815795898,0.40967869758605957,SemgHandGenderCh2,ACF&PACF: p=0 q=0,0,DictRsast,ACF&PACF
2,0.765,1277.2666494846344,1.1226634979248047,1253.6545424461365,22.100950717926025,0.3799431324005127,SemgHandGenderCh2,ACF&PACF: p=0 q=0.1,0.1,Rsastmf,ACF&PACF
3,0.9116666666666666,1237.6653401851654,1.263979196548462,1215.5078873634338,20.54034399986267,0.3459460735321045,SemgHandGenderCh2,ACF&PACF: p=0 q=0.1,0.1,DictRsast,ACF&PACF
4,0.705,1312.8180947303772,1.111586332321167,1298.3938519954681,12.937560558319092,0.36826443672180176,SemgHandGenderCh2,ACF&PACF: p=0.1 q=0.1,0.1,Rsastmf,ACF&PACF
5,0.8383333333333334,1234.326392173767,1.1203842163085938,1217.847638130188,14.950740337371826,0.4013335704803467,SemgHandGenderCh2,ACF&PACF: p=0.1 q=0.1,0.1,DictRsast,ACF&PACF
