,accuracy,time,cweights_time,fsubsequence_time,tdataset_time,tclassifier_time,dataset_name,classifier_name,range_q,method,len_method
0,0.7349397590361446,78.21463632583618,0.24647259712219238,77.80513453483582,0.149275541305542,0.010676860809326172,InsectEPGSmallTrain,ACF&PACF: p=0 q=0,0,Rsastmf,ACF&PACF
1,0.9598393574297188,94.90128087997437,0.188887357711792,94.53880000114441,0.16058111190795898,0.010488271713256836,InsectEPGSmallTrain,ACF&PACF: p=0 q=0,0,DictRsast,ACF&PACF
2,0.7349397590361446,73.93228912353516,0.18869495391845703,73.57346415519714,0.15301728248596191,0.013926029205322266,InsectEPGSmallTrain,ACF&PACF: p=0 q=0.1,0.1,Rsastmf,ACF&PACF
3,0.963855421686747,67.74498414993286,0.23698210716247559,67.34780263900757,0.1425342559814453,0.014173746109008789,InsectEPGSmallTrain,ACF&PACF: p=0 q=0.1,0.1,DictRsast,ACF&PACF
4,0.7389558232931727,75.24413847923279,0.2074604034423828,74.86608910560608,0.15410399436950684,0.01210927963256836,InsectEPGSmallTrain,ACF&PACF: p=0.1 q=0.1,0.1,Rsastmf,ACF&PACF
5,0.8995983935742972,69.32344961166382,0.14130330085754395,69.00519895553589,0.16120243072509766,0.013115406036376953,InsectEPGSmallTrain,ACF&PACF: p=0.1 q=0.1,0.1,DictRsast,ACF&PACF
