,accuracy,time,cweights_time,fsubsequence_time,tdataset_time,tclassifier_time,dataset_name,classifier_name,range_q,method,len_method
0,0.9108695652173913,2992.6120097637177,0.4289548397064209,2989.6346065998077,2.5080556869506836,0.03633570671081543,CinCECGTorso,ACF&PACF: p=0 q=0,0,Rsastmf,ACF&PACF
1,0.9326086956521739,3374.91144824028,0.8331446647644043,3371.5441076755524,2.5007317066192627,0.027034282684326172,CinCECGTorso,ACF&PACF: p=0 q=0,0,DictRsast,ACF&PACF
2,0.9079710144927536,3492.009677886963,0.8345198631286621,3488.982280731201,2.1616716384887695,0.025076866149902344,CinCECGTorso,ACF&PACF: p=0 q=0.1,0.1,Rsastmf,ACF&PACF
3,0.9384057971014492,3169.662546634674,0.8436744213104248,3166.043513774872,2.7394185066223145,0.02842259407043457,CinCECGTorso,ACF&PACF: p=0 q=0.1,0.1,DictRsast,ACF&PACF
4,0.922463768115942,2868.933914422989,0.841810941696167,2865.7642135620117,2.3000383377075195,0.022568941116333008,CinCECGTorso,ACF&PACF: p=0.1 q=0.1,0.1,Rsastmf,ACF&PACF
5,0.9340579710144927,2801.5014033317566,0.8395991325378418,2798.188622236252,2.4436395168304443,0.02476668357849121,CinCECGTorso,ACF&PACF: p=0.1 q=0.1,0.1,DictRsast,ACF&PACF
