,accuracy,time,cweights_time,fsubsequence_time,tdataset_time,tclassifier_time,dataset_name,classifier_name,range_q,method,len_method
0,0.8597014925373134,1257.5474319458008,0.6424086093902588,1255.181660413742,1.664337396621704,0.05176877975463867,Mallat,ACF&PACF: p=0 q=0,0,Rsastmf,ACF&PACF
1,0.9031982942430704,1508.5568766593933,0.3496716022491455,1506.206885099411,1.9303741455078125,0.06491422653198242,Mallat,ACF&PACF: p=0 q=0,0,DictRsast,ACF&PACF
2,0.8562899786780384,1407.2722494602203,0.6473619937896729,1404.6773211956024,1.8901848793029785,0.049286603927612305,Mallat,ACF&PACF: p=0 q=0.1,0.1,Rsastmf,ACF&PACF
3,0.91727078891258,1613.258945941925,0.6441633701324463,1610.7353553771973,1.818465232849121,0.0521395206451416,Mallat,ACF&PACF: p=0 q=0.1,0.1,DictRsast,ACF&PACF
4,0.8643923240938166,1644.3831300735474,0.6649508476257324,1641.8002154827118,1.8560113906860352,0.05272245407104492,Mallat,ACF&PACF: p=0.1 q=0.1,0.1,Rsastmf,ACF&PACF
5,0.7808102345415778,1361.5423917770386,0.637984037399292,1358.8715929985046,1.9521234035491943,0.07165384292602539,Mallat,ACF&PACF: p=0.1 q=0.1,0.1,DictRsast,ACF&PACF
