,accuracy,time,cweights_time,fsubsequence_time,tdataset_time,tclassifier_time,dataset_name,classifier_name,range_q,method,len_method
0,0.5876288659793815,0.3471376895904541,0.03532147407531738,0.12296700477600098,0.06603312492370605,0.12156915664672852,MiddlePhalanxOutlineCorrect,ACF&PACF: p=0 q=0,0,Rsastmf,ACF&PACF
1,0.6219931271477663,0.3788731098175049,0.03570556640625,0.15000128746032715,0.06462216377258301,0.1273510456085205,MiddlePhalanxOutlineCorrect,ACF&PACF: p=0 q=0,0,DictRsast,ACF&PACF
2,0.5189003436426117,0.3896646499633789,0.03624153137207031,0.15082478523254395,0.06660270690917969,0.13476204872131348,MiddlePhalanxOutlineCorrect,ACF&PACF: p=0 q=0.1,0.1,Rsastmf,ACF&PACF
3,0.7457044673539519,0.36565637588500977,0.038907527923583984,0.12448716163635254,0.07346081733703613,0.12757134437561035,MiddlePhalanxOutlineCorrect,ACF&PACF: p=0 q=0.1,0.1,DictRsast,ACF&PACF
4,0.5601374570446735,0.35665082931518555,0.03601431846618652,0.1243133544921875,0.0679776668548584,0.12718462944030762,MiddlePhalanxOutlineCorrect,ACF&PACF: p=0.1 q=0.1,0.1,Rsastmf,ACF&PACF
5,0.6838487972508591,0.34897327423095703,0.029411792755126953,0.1217961311340332,0.07370162010192871,0.12292766571044922,MiddlePhalanxOutlineCorrect,ACF&PACF: p=0.1 q=0.1,0.1,DictRsast,ACF&PACF
