,accuracy,time,cweights_time,fsubsequence_time,tdataset_time,tclassifier_time,dataset_name,classifier_name,range_q,method,len_method
0,0.8877721943048577,1702.6271431446075,1.2399177551269531,1648.3513371944427,49.846036195755005,3.1725006103515625,UWaveGestureLibraryAll,ACF&PACF: p=0 q=0,0,Rsastmf,ACF&PACF
1,0.7506979341150195,1869.3544874191284,1.2549278736114502,1816.9057438373566,48.80254054069519,2.376258611679077,UWaveGestureLibraryAll,ACF&PACF: p=0 q=0,0,DictRsast,ACF&PACF
2,0.9006141820212172,1707.378508090973,1.2588114738464355,1651.3009209632874,51.407907485961914,3.398928642272949,UWaveGestureLibraryAll,ACF&PACF: p=0 q=0.1,0.1,Rsastmf,ACF&PACF
3,0.9095477386934674,1397.7217600345612,1.248321294784546,1341.1334767341614,51.89037108421326,3.4327759742736816,UWaveGestureLibraryAll,ACF&PACF: p=0 q=0.1,0.1,DictRsast,ACF&PACF
4,0.8824678950307091,1807.5614833831787,1.444453477859497,1752.8430354595184,50.02647805213928,3.231145143508911,UWaveGestureLibraryAll,ACF&PACF: p=0.1 q=0.1,0.1,Rsastmf,ACF&PACF
5,0.7144053601340034,1947.1836035251617,1.3930721282958984,1890.0352294445038,52.37659192085266,3.3582074642181396,UWaveGestureLibraryAll,ACF&PACF: p=0.1 q=0.1,0.1,DictRsast,ACF&PACF
