,accuracy,time,cweights_time,fsubsequence_time,tdataset_time,tclassifier_time,dataset_name,classifier_name,range_q,method,len_method
0,0.8420438334846323,5.796493291854858,0.17985200881958008,0.4447970390319824,1.802403450012207,3.3673183917999268,ElectricDevices,ACF&PACF: p=0 q=0,0,Rsastmf,ACF&PACF
1,0.8517701984178446,5.586347341537476,0.15099596977233887,0.431016206741333,1.6735939979553223,3.3287618160247803,ElectricDevices,ACF&PACF: p=0 q=0,0,DictRsast,ACF&PACF
2,0.8408766696926468,6.157801866531372,0.1525266170501709,0.4164266586303711,1.8705649375915527,3.71597957611084,ElectricDevices,ACF&PACF: p=0 q=0.1,0.1,Rsastmf,ACF&PACF
3,0.8017118402282454,6.138006925582886,0.14668512344360352,0.4266512393951416,1.8533565998077393,3.709514856338501,ElectricDevices,ACF&PACF: p=0 q=0.1,0.1,DictRsast,ACF&PACF
4,0.8434703670081701,6.074312448501587,0.15902042388916016,0.41649794578552246,1.8371422290802002,3.6597776412963867,ElectricDevices,ACF&PACF: p=0.1 q=0.1,0.1,Rsastmf,ACF&PACF
5,0.7679937751264427,6.435304403305054,0.16949105262756348,0.4262423515319824,2.024714708328247,3.8125550746917725,ElectricDevices,ACF&PACF: p=0.1 q=0.1,0.1,DictRsast,ACF&PACF
