,accuracy,time,cweights_time,fsubsequence_time,tdataset_time,tclassifier_time,dataset_name,classifier_name,range_q,method,len_method
0,0.589041095890411,52.33253216743469,0.1377270221710205,51.864134550094604,0.2990245819091797,0.026949167251586914,Lightning7,ACF&PACF: p=0 q=0,0,Rsastmf,ACF&PACF
1,0.547945205479452,51.07559514045715,0.10069799423217773,50.64153814315796,0.30248403549194336,0.028368234634399414,Lightning7,ACF&PACF: p=0 q=0,0,DictRsast,ACF&PACF
2,0.5753424657534246,43.37667226791382,0.10640788078308105,42.93252372741699,0.30978989601135254,0.025222301483154297,Lightning7,ACF&PACF: p=0 q=0.1,0.1,Rsastmf,ACF&PACF
3,0.5616438356164384,48.28497338294983,0.10051512718200684,47.860936403274536,0.2867095470428467,0.03452420234680176,Lightning7,ACF&PACF: p=0 q=0.1,0.1,DictRsast,ACF&PACF
4,0.589041095890411,44.19107437133789,0.16645026206970215,43.62657928466797,0.3679227828979492,0.02667546272277832,Lightning7,ACF&PACF: p=0.1 q=0.1,0.1,Rsastmf,ACF&PACF
5,0.4931506849315068,46.255356788635254,0.18211793899536133,45.68626141548157,0.35687780380249023,0.026779651641845703,Lightning7,ACF&PACF: p=0.1 q=0.1,0.1,DictRsast,ACF&PACF
