,accuracy,time,cweights_time,fsubsequence_time,tdataset_time,tclassifier_time,dataset_name,classifier_name,range_q,method,len_method
0,0.8063333333333333,31.223519802093506,0.11795759201049805,30.166070222854614,0.832528829574585,0.1011800765991211,Yoga,ACF&PACF: p=0 q=0,0,Rsastmf,ACF&PACF
1,0.703,37.93869996070862,0.2151646614074707,36.74412417411804,0.8629364967346191,0.10990285873413086,Yoga,ACF&PACF: p=0 q=0,0,DictRsast,ACF&PACF
2,0.802,28.14958620071411,0.22020220756530762,27.10413432121277,0.7328107357025146,0.08553123474121094,Yoga,ACF&PACF: p=0 q=0.1,0.1,Rsastmf,ACF&PACF
3,0.8053333333333333,25.623416662216187,0.22023963928222656,24.428329944610596,0.8668653964996338,0.10501861572265625,Yoga,ACF&PACF: p=0 q=0.1,0.1,DictRsast,ACF&PACF
4,0.8073333333333333,32.86945056915283,0.2366797924041748,31.764015197753906,0.774012565612793,0.09178733825683594,Yoga,ACF&PACF: p=0.1 q=0.1,0.1,Rsastmf,ACF&PACF
5,0.7586666666666667,26.88308835029602,0.2375035285949707,25.740140914916992,0.8139533996582031,0.08854436874389648,Yoga,ACF&PACF: p=0.1 q=0.1,0.1,DictRsast,ACF&PACF
