,accuracy,time,cweights_time,fsubsequence_time,tdataset_time,tclassifier_time,dataset_name,classifier_name,range_q,method,len_method
0,0.1201923076923077,15825.663712501526,3.0850534439086914,15770.014714956284,52.04483437538147,0.48725295066833496,PigCVP,ACF&PACF: p=0 q=0,0,Rsastmf,ACF&PACF
1,0.8173076923076923,14307.616712808609,3.1082754135131836,14250.805164337158,53.1817786693573,0.48989009857177734,PigCVP,ACF&PACF: p=0 q=0,0,DictRsast,ACF&PACF
2,0.1201923076923077,14882.21300315857,3.107281446456909,14823.041125297546,55.55111646652222,0.48322486877441406,PigCVP,ACF&PACF: p=0 q=0.1,0.1,Rsastmf,ACF&PACF
3,0.8125,14758.123403549194,3.0932488441467285,14701.461044549942,53.04330396652222,0.49686360359191895,PigCVP,ACF&PACF: p=0 q=0.1,0.1,DictRsast,ACF&PACF
4,0.11057692307692307,14844.40703201294,3.101226568222046,14787.715179681778,53.069976806640625,0.4841349124908447,PigCVP,ACF&PACF: p=0.1 q=0.1,0.1,Rsastmf,ACF&PACF
5,0.8221153846153846,14996.387627601624,3.1014461517333984,14938.679943799973,54.0855610370636,0.48697328567504883,PigCVP,ACF&PACF: p=0.1 q=0.1,0.1,DictRsast,ACF&PACF
