,accuracy,time,cweights_time,fsubsequence_time,tdataset_time,tclassifier_time,dataset_name,classifier_name,range_q,method,len_method
0,0.728,191.92258739471436,0.3924593925476074,189.24339866638184,2.170462131500244,0.11073064804077148,Computers,ACF&PACF: p=0 q=0,0,Rsastmf,ACF&PACF
1,0.684,191.14871859550476,0.3943328857421875,189.25941109657288,1.3688468933105469,0.12213969230651855,Computers,ACF&PACF: p=0 q=0,0,DictRsast,ACF&PACF
2,0.716,169.88120675086975,0.4033951759338379,167.67122673988342,1.7144689559936523,0.08909273147583008,Computers,ACF&PACF: p=0 q=0.1,0.1,Rsastmf,ACF&PACF
3,0.7,163.94875597953796,0.39432835578918457,161.19502902030945,2.222073793411255,0.13464713096618652,Computers,ACF&PACF: p=0 q=0.1,0.1,DictRsast,ACF&PACF
4,0.728,196.8013310432434,0.43010902404785156,194.38526964187622,1.8596339225769043,0.12346792221069336,Computers,ACF&PACF: p=0.1 q=0.1,0.1,Rsastmf,ACF&PACF
5,0.716,196.5129427909851,0.4041709899902344,193.89162182807922,2.0912725925445557,0.12222695350646973,Computers,ACF&PACF: p=0.1 q=0.1,0.1,DictRsast,ACF&PACF
