,accuracy,time,cweights_time,fsubsequence_time,tdataset_time,tclassifier_time,dataset_name,classifier_name,range_q,method,len_method
0,0.19883966244725737,3794.2792665958405,1.1247663497924805,3757.11106133461,34.959601402282715,1.0595571994781494,Phoneme,ACF&PACF: p=0 q=0,0,Rsastmf,ACF&PACF
1,0.2310126582278481,3768.7536861896515,1.3254318237304688,3733.533683538437,32.82719373703003,1.030315637588501,Phoneme,ACF&PACF: p=0 q=0,0,DictRsast,ACF&PACF
2,0.1998945147679325,4740.484163761139,1.58980393409729,4702.155466556549,35.644713163375854,1.0621838569641113,Phoneme,ACF&PACF: p=0 q=0.1,0.1,Rsastmf,ACF&PACF
3,0.2568565400843882,5050.081871986389,1.3251335620880127,5011.484514474869,36.181243896484375,1.0504834651947021,Phoneme,ACF&PACF: p=0 q=0.1,0.1,DictRsast,ACF&PACF
4,0.1998945147679325,4109.617602825165,1.3240890502929688,4071.854243993759,35.363027572631836,1.0434937477111816,Phoneme,ACF&PACF: p=0.1 q=0.1,0.1,Rsastmf,ACF&PACF
5,0.23681434599156118,4547.921893596649,1.383634328842163,4510.25372004509,35.188430070877075,1.0550673007965088,Phoneme,ACF&PACF: p=0.1 q=0.1,0.1,DictRsast,ACF&PACF
