,accuracy,time,cweights_time,fsubsequence_time,tdataset_time,tclassifier_time,dataset_name,classifier_name,range_q,method,len_method
0,0.6209876543209877,71.46722888946533,1.4327874183654785,54.01587653160095,10.6266930103302,5.385924816131592,FordB,ACF&PACF: p=0 q=0,0,Rsastmf,ACF&PACF
1,0.8037037037037037,69.64912247657776,1.395308017730713,52.440693378448486,10.74909496307373,5.060408592224121,FordB,ACF&PACF: p=0 q=0,0,DictRsast,ACF&PACF
2,0.6358024691358025,67.76716756820679,1.4819941520690918,49.755374908447266,11.337339878082275,5.185626745223999,FordB,ACF&PACF: p=0 q=0.1,0.1,Rsastmf,ACF&PACF
3,0.737037037037037,77.26963019371033,1.2384188175201416,59.0928680896759,12.283267498016357,4.6501874923706055,FordB,ACF&PACF: p=0 q=0.1,0.1,DictRsast,ACF&PACF
4,0.6370370370370371,51.3206000328064,1.6141457557678223,34.76530933380127,10.156745433807373,4.778032064437866,FordB,ACF&PACF: p=0.1 q=0.1,0.1,Rsastmf,ACF&PACF
5,0.7777777777777778,52.47534155845642,1.2899677753448486,35.86225962638855,11.21016001701355,4.1073317527771,FordB,ACF&PACF: p=0.1 q=0.1,0.1,DictRsast,ACF&PACF
