,accuracy,time,cweights_time,fsubsequence_time,tdataset_time,tclassifier_time,dataset_name,classifier_name,range_q,method,len_method
0,0.7697560975609756,2.8661696910858154,0.10996651649475098,2.555178642272949,0.1503896713256836,0.048755645751953125,FacesUCR,ACF&PACF: p=0 q=0,0,Rsastmf,ACF&PACF
1,0.9053658536585366,2.851870536804199,0.10136842727661133,2.555511236190796,0.1438124179840088,0.04937601089477539,FacesUCR,ACF&PACF: p=0 q=0,0,DictRsast,ACF&PACF
2,0.7575609756097561,2.9814364910125732,0.12131810188293457,2.660613536834717,0.14365220069885254,0.0534358024597168,FacesUCR,ACF&PACF: p=0 q=0.1,0.1,Rsastmf,ACF&PACF
3,0.9287804878048781,2.917771577835083,0.1090705394744873,2.6161704063415527,0.14765477180480957,0.04300355911254883,FacesUCR,ACF&PACF: p=0 q=0.1,0.1,DictRsast,ACF&PACF
4,0.7839024390243903,2.6703152656555176,0.08136320114135742,2.381303071975708,0.1575467586517334,0.048454999923706055,FacesUCR,ACF&PACF: p=0.1 q=0.1,0.1,Rsastmf,ACF&PACF
5,0.8858536585365854,2.9025719165802,0.10932374000549316,2.5972232818603516,0.1580958366394043,0.03609180450439453,FacesUCR,ACF&PACF: p=0.1 q=0.1,0.1,DictRsast,ACF&PACF
