,accuracy,time,cweights_time,fsubsequence_time,tdataset_time,tclassifier_time,dataset_name,classifier_name,range_q,method,len_method
0,0.6187050359712231,55.974690198898315,0.16536545753479004,55.4447546005249,0.301680326461792,0.061969757080078125,Earthquakes,ACF&PACF: p=0 q=0,0,Rsastmf,ACF&PACF
1,0.5755395683453237,72.45018911361694,0.2103111743927002,71.90200185775757,0.29930853843688965,0.0363314151763916,Earthquakes,ACF&PACF: p=0 q=0,0,DictRsast,ACF&PACF
2,0.7194244604316546,57.08762884140015,0.20234322547912598,56.520885705947876,0.3070545196533203,0.05611443519592285,Earthquakes,ACF&PACF: p=0 q=0.1,0.1,Rsastmf,ACF&PACF
3,0.5971223021582733,59.23013186454773,0.1968998908996582,58.69943857192993,0.2966275215148926,0.03583383560180664,Earthquakes,ACF&PACF: p=0 q=0.1,0.1,DictRsast,ACF&PACF
4,0.6834532374100719,56.41983771324158,0.1564333438873291,55.94585108757019,0.28017568588256836,0.035288333892822266,Earthquakes,ACF&PACF: p=0.1 q=0.1,0.1,Rsastmf,ACF&PACF
5,0.6115107913669064,58.31487226486206,0.18505311012268066,57.81988024711609,0.2557089328765869,0.053000450134277344,Earthquakes,ACF&PACF: p=0.1 q=0.1,0.1,DictRsast,ACF&PACF
