,accuracy,time,cweights_time,fsubsequence_time,tdataset_time,tclassifier_time,dataset_name,classifier_name,range_q,method,len_method
0,0.10576923076923077,12928.947134256363,2.9610507488250732,12871.072395801544,54.421265840530396,0.4793868064880371,PigCVP,ACF&PACF: p=0 q=0,0,Rsastmf,ACF&PACF
1,0.8173076923076923,13603.557861328125,3.078263998031616,13547.456135749817,52.53282070159912,0.4803154468536377,PigCVP,ACF&PACF: p=0 q=0,0,DictRsast,ACF&PACF
2,0.11538461538461539,13724.185981273651,3.084024429321289,13665.439996242523,55.15629458427429,0.48005032539367676,PigCVP,ACF&PACF: p=0 q=0.1,0.1,Rsastmf,ACF&PACF
3,0.8317307692307693,13801.023737430573,3.0716757774353027,13743.434196472168,54.004841566085815,0.4835529327392578,PigCVP,ACF&PACF: p=0 q=0.1,0.1,DictRsast,ACF&PACF
4,0.11538461538461539,14858.544714212418,3.0814874172210693,14799.621426582336,55.31960606575012,0.48721861839294434,PigCVP,ACF&PACF: p=0.1 q=0.1,0.1,Rsastmf,ACF&PACF
5,0.8173076923076923,14812.036087036133,3.085876226425171,14754.778873682022,53.63771414756775,0.49367284774780273,PigCVP,ACF&PACF: p=0.1 q=0.1,0.1,DictRsast,ACF&PACF
