,accuracy,time,cweights_time,fsubsequence_time,tdataset_time,tclassifier_time,dataset_name,classifier_name,range_q,method,len_method
0,0.8388888888888889,0.7733166217803955,0.046332359313964844,0.6425485610961914,0.06381440162658691,0.01969146728515625,PowerCons,ACF&PACF: p=0 q=0,0,Rsastmf,ACF&PACF
1,0.7722222222222223,0.9361178874969482,0.056610822677612305,0.7960448265075684,0.05816006660461426,0.024117469787597656,PowerCons,ACF&PACF: p=0 q=0,0,DictRsast,ACF&PACF
2,0.8,0.8583989143371582,0.04670977592468262,0.720099925994873,0.06945586204528809,0.02071690559387207,PowerCons,ACF&PACF: p=0 q=0.1,0.1,Rsastmf,ACF&PACF
3,0.8222222222222222,0.775071382522583,0.046456098556518555,0.6377911567687988,0.0690760612487793,0.020779848098754883,PowerCons,ACF&PACF: p=0 q=0.1,0.1,DictRsast,ACF&PACF
4,0.7166666666666667,0.7727260589599609,0.04640674591064453,0.6374092102050781,0.07009029388427734,0.017714977264404297,PowerCons,ACF&PACF: p=0.1 q=0.1,0.1,Rsastmf,ACF&PACF
5,0.8333333333333334,0.7870864868164062,0.058908700942993164,0.6466941833496094,0.054958343505859375,0.024529457092285156,PowerCons,ACF&PACF: p=0.1 q=0.1,0.1,DictRsast,ACF&PACF
