,accuracy,time,cweights_time,fsubsequence_time,tdataset_time,tclassifier_time,dataset_name,classifier_name,range_q,method,len_method
0,0.5082644628099173,96.47373485565186,0.25141263008117676,94.44751000404358,1.608811855316162,0.16129851341247559,OSULeaf,ACF&PACF: p=0 q=0,0,Rsastmf,ACF&PACF
1,0.8966942148760331,127.8376247882843,0.2658369541168213,126.33617758750916,1.1276772022247314,0.09958529472351074,OSULeaf,ACF&PACF: p=0 q=0,0,DictRsast,ACF&PACF
2,0.45867768595041325,99.36128211021423,0.26576948165893555,97.72410225868225,1.2450182437896729,0.11835932731628418,OSULeaf,ACF&PACF: p=0 q=0.1,0.1,Rsastmf,ACF&PACF
3,0.9380165289256198,98.93254208564758,0.22565197944641113,97.19747972488403,1.3901116847991943,0.11464858055114746,OSULeaf,ACF&PACF: p=0 q=0.1,0.1,DictRsast,ACF&PACF
4,0.48760330578512395,124.03958058357239,0.199998140335083,122.50316309928894,1.2447052001953125,0.08795547485351562,OSULeaf,ACF&PACF: p=0.1 q=0.1,0.1,Rsastmf,ACF&PACF
5,0.8966942148760331,129.55037999153137,0.2683708667755127,127.96409344673157,1.2156567573547363,0.0983889102935791,OSULeaf,ACF&PACF: p=0.1 q=0.1,0.1,DictRsast,ACF&PACF
