,accuracy,time,cweights_time,fsubsequence_time,tdataset_time,tclassifier_time,dataset_name,classifier_name,range_q,method,len_method
0,0.5,53.752832651138306,0.26454734802246094,50.84568190574646,2.1144182682037354,0.5253736972808838,CricketZ,ACF&PACF: p=0 q=0,0,Rsastmf,ACF&PACF
1,0.7153846153846154,63.35426712036133,0.26354312896728516,60.838844299316406,1.7650907039642334,0.4845285415649414,CricketZ,ACF&PACF: p=0 q=0,0,DictRsast,ACF&PACF
2,0.5205128205128206,86.89367818832397,0.26238369941711426,84.06582546234131,2.066555976867676,0.49274539947509766,CricketZ,ACF&PACF: p=0 q=0.1,0.1,Rsastmf,ACF&PACF
3,0.7307692307692307,87.70788431167603,0.21196246147155762,84.34813833236694,2.6382575035095215,0.5056118965148926,CricketZ,ACF&PACF: p=0 q=0.1,0.1,DictRsast,ACF&PACF
4,0.5,78.59043669700623,0.17042160034179688,75.82007789611816,2.104888439178467,0.489774227142334,CricketZ,ACF&PACF: p=0.1 q=0.1,0.1,Rsastmf,ACF&PACF
5,0.6666666666666666,75.91053557395935,0.18880391120910645,73.20272016525269,2.146510362625122,0.36777758598327637,CricketZ,ACF&PACF: p=0.1 q=0.1,0.1,DictRsast,ACF&PACF
