,accuracy,time,cweights_time,fsubsequence_time,tdataset_time,tclassifier_time,dataset_name,classifier_name,range_q,method,len_method
0,0.29545454545454547,31.6847562789917,0.1953744888305664,30.619063138961792,0.7104170322418213,0.15631961822509766,InsectWingbeatSound,ACF&PACF: p=0 q=0,0,Rsastmf,ACF&PACF
1,0.44595959595959594,32.906062602996826,0.21024751663208008,31.849322080612183,0.74930739402771,0.09424948692321777,InsectWingbeatSound,ACF&PACF: p=0 q=0,0,DictRsast,ACF&PACF
2,0.2898989898989899,32.235241413116455,0.19565510749816895,31.206058263778687,0.7263984680175781,0.10298705101013184,InsectWingbeatSound,ACF&PACF: p=0 q=0.1,0.1,Rsastmf,ACF&PACF
3,0.5126262626262627,33.52944040298462,0.15842008590698242,32.467482566833496,0.7725834846496582,0.12855219841003418,InsectWingbeatSound,ACF&PACF: p=0 q=0.1,0.1,DictRsast,ACF&PACF
4,0.2868686868686869,37.55252504348755,0.19506311416625977,36.4270544052124,0.8243017196655273,0.0992891788482666,InsectWingbeatSound,ACF&PACF: p=0.1 q=0.1,0.1,Rsastmf,ACF&PACF
5,0.5045454545454545,47.0894935131073,0.19947576522827148,46.01092767715454,0.7406182289123535,0.1211082935333252,InsectWingbeatSound,ACF&PACF: p=0.1 q=0.1,0.1,DictRsast,ACF&PACF
