,accuracy,time,cweights_time,fsubsequence_time,tdataset_time,tclassifier_time,dataset_name,classifier_name,range_q,method,len_method
0,0.776,250.6461489200592,0.5215713977813721,248.65735960006714,1.3347442150115967,0.12805891036987305,SmallKitchenAppliances,ACF&PACF: p=0 q=0,0,Rsastmf,ACF&PACF
1,0.7706666666666667,216.08541178703308,0.47698283195495605,213.84467315673828,1.6501202583312988,0.11090302467346191,SmallKitchenAppliances,ACF&PACF: p=0 q=0,0,DictRsast,ACF&PACF
2,0.7786666666666666,255.80512619018555,0.5237061977386475,253.3674681186676,1.7952888011932373,0.11624956130981445,SmallKitchenAppliances,ACF&PACF: p=0 q=0.1,0.1,Rsastmf,ACF&PACF
3,0.728,336.14036893844604,0.5214829444885254,334.1910343170166,1.3001887798309326,0.12604427337646484,SmallKitchenAppliances,ACF&PACF: p=0 q=0.1,0.1,DictRsast,ACF&PACF
4,0.7866666666666666,318.9233636856079,0.5204029083251953,317.0367810726166,1.2538228034973145,0.11034727096557617,SmallKitchenAppliances,ACF&PACF: p=0.1 q=0.1,0.1,Rsastmf,ACF&PACF
5,0.6853333333333333,250.42382764816284,0.4799079895019531,248.04653191566467,1.7609848976135254,0.13335347175598145,SmallKitchenAppliances,ACF&PACF: p=0.1 q=0.1,0.1,DictRsast,ACF&PACF
