,accuracy,time,cweights_time,fsubsequence_time,tdataset_time,tclassifier_time,dataset_name,classifier_name,range_q,method,len_method
0,0.7159090909090909,23.382121086120605,0.1446075439453125,23.18785309791565,0.04305243492126465,0.0050089359283447266,FaceFour,ACF&PACF: p=0 q=0,0,Rsastmf,ACF&PACF
1,0.9659090909090909,22.02032709121704,0.14325904846191406,21.824366331100464,0.04196810722351074,0.009257078170776367,FaceFour,ACF&PACF: p=0 q=0,0,DictRsast,ACF&PACF
2,0.6931818181818182,22.755985736846924,0.14599013328552246,22.561180114746094,0.04092693328857422,0.004614353179931641,FaceFour,ACF&PACF: p=0 q=0.1,0.1,Rsastmf,ACF&PACF
3,0.9431818181818182,25.160773277282715,0.08707118034362793,25.016268491744995,0.049355268478393555,0.00469517707824707,FaceFour,ACF&PACF: p=0 q=0.1,0.1,DictRsast,ACF&PACF
4,0.7386363636363636,23.733397006988525,0.10782885551452637,23.560482501983643,0.05173993110656738,0.010075807571411133,FaceFour,ACF&PACF: p=0.1 q=0.1,0.1,Rsastmf,ACF&PACF
5,0.9659090909090909,21.80752468109131,0.14496397972106934,21.606985569000244,0.046112775802612305,0.007598876953125,FaceFour,ACF&PACF: p=0.1 q=0.1,0.1,DictRsast,ACF&PACF
