,accuracy,time,cweights_time,fsubsequence_time,tdataset_time,tclassifier_time,dataset_name,classifier_name,range_q,method,len_method
0,0.5463917525773195,0.33243560791015625,0.029233694076538086,0.12102460861206055,0.06356143951416016,0.11753368377685547,MiddlePhalanxOutlineCorrect,ACF&PACF: p=0 q=0,0,Rsastmf,ACF&PACF
1,0.6735395189003437,0.3192012310028076,0.02934098243713379,0.12093329429626465,0.0634303092956543,0.10452938079833984,MiddlePhalanxOutlineCorrect,ACF&PACF: p=0 q=0,0,DictRsast,ACF&PACF
2,0.5532646048109966,0.4261136054992676,0.03938102722167969,0.1240084171295166,0.07692480087280273,0.18412423133850098,MiddlePhalanxOutlineCorrect,ACF&PACF: p=0 q=0.1,0.1,Rsastmf,ACF&PACF
3,0.6804123711340206,0.361980676651001,0.035878896713256836,0.12700295448303223,0.06702327728271484,0.13089919090270996,MiddlePhalanxOutlineCorrect,ACF&PACF: p=0 q=0.1,0.1,DictRsast,ACF&PACF
4,0.5395189003436426,0.36832737922668457,0.035675048828125,0.1273176670074463,0.07975935935974121,0.12441492080688477,MiddlePhalanxOutlineCorrect,ACF&PACF: p=0.1 q=0.1,0.1,Rsastmf,ACF&PACF
5,0.6941580756013745,0.34838175773620605,0.03881120681762695,0.12366509437561035,0.07046127319335938,0.11409401893615723,MiddlePhalanxOutlineCorrect,ACF&PACF: p=0.1 q=0.1,0.1,DictRsast,ACF&PACF
