,accuracy,time,cweights_time,fsubsequence_time,tdataset_time,tclassifier_time,dataset_name,classifier_name,range_q,method,len_method
0,0.6493827160493827,76.28454637527466,1.0766465663909912,58.44219398498535,11.839820861816406,4.9200146198272705,FordB,ACF&PACF: p=0 q=0,0,Rsastmf,ACF&PACF
1,0.7876543209876543,65.88690662384033,1.4277732372283936,51.081934690475464,8.952985525131226,4.4196226596832275,FordB,ACF&PACF: p=0 q=0,0,DictRsast,ACF&PACF
2,0.6530864197530865,70.39789700508118,1.5603210926055908,53.500408411026,10.558045625686646,4.77256178855896,FordB,ACF&PACF: p=0 q=0.1,0.1,Rsastmf,ACF&PACF
3,0.754320987654321,67.04817724227905,1.5173122882843018,50.575515270233154,9.958995342254639,4.9889397621154785,FordB,ACF&PACF: p=0 q=0.1,0.1,DictRsast,ACF&PACF
4,0.6530864197530865,83.54897475242615,1.274228811264038,65.70653176307678,11.431013345718384,5.12681770324707,FordB,ACF&PACF: p=0.1 q=0.1,0.1,Rsastmf,ACF&PACF
5,0.7716049382716049,65.98817467689514,1.3593645095825195,49.19174003601074,11.26985502243042,4.157310724258423,FordB,ACF&PACF: p=0.1 q=0.1,0.1,DictRsast,ACF&PACF
