,accuracy,time,cweights_time,fsubsequence_time,tdataset_time,tclassifier_time,dataset_name,classifier_name,range_q,method,len_method
0,0.6188888888888889,0.558678388595581,0.030292987823486328,0.5040349960327148,0.019606351852416992,0.0036363601684570312,CBF,ACF&PACF: p=0 q=0,0,Rsastmf,ACF&PACF
1,0.67,0.5568642616271973,0.029530048370361328,0.5035858154296875,0.019038915634155273,0.003750324249267578,CBF,ACF&PACF: p=0 q=0,0,DictRsast,ACF&PACF
2,0.5955555555555555,0.749192476272583,0.05117321014404297,0.6682794094085693,0.020212888717651367,0.007478952407836914,CBF,ACF&PACF: p=0 q=0.1,0.1,Rsastmf,ACF&PACF
3,0.7433333333333333,0.9468038082122803,0.05384659767150879,0.8635544776916504,0.021094322204589844,0.006752729415893555,CBF,ACF&PACF: p=0 q=0.1,0.1,DictRsast,ACF&PACF
4,0.6122222222222222,0.9390649795532227,0.0499880313873291,0.8560066223144531,0.020935773849487305,0.00948786735534668,CBF,ACF&PACF: p=0.1 q=0.1,0.1,Rsastmf,ACF&PACF
5,0.6866666666666666,0.8584630489349365,0.04909491539001465,0.7818424701690674,0.02203655242919922,0.0040857791900634766,CBF,ACF&PACF: p=0.1 q=0.1,0.1,DictRsast,ACF&PACF
