,accuracy,time,cweights_time,fsubsequence_time,tdataset_time,tclassifier_time,dataset_name,classifier_name,range_q,method,len_method
0,0.5877777777777777,0.550438642501831,0.03044867515563965,0.49321722984313965,0.020427227020263672,0.005247831344604492,CBF,ACF&PACF: p=0 q=0,0,Rsastmf,ACF&PACF
1,0.7111111111111111,0.7375624179840088,0.048096418380737305,0.6607208251953125,0.020540237426757812,0.0067217350006103516,CBF,ACF&PACF: p=0 q=0,0,DictRsast,ACF&PACF
2,0.5811111111111111,0.7383542060852051,0.040555477142333984,0.664564847946167,0.024326324462890625,0.007439851760864258,CBF,ACF&PACF: p=0 q=0.1,0.1,Rsastmf,ACF&PACF
3,0.7311111111111112,0.7349803447723389,0.040845394134521484,0.6673092842102051,0.02106332778930664,0.004507541656494141,CBF,ACF&PACF: p=0 q=0.1,0.1,DictRsast,ACF&PACF
4,0.6033333333333334,0.735018253326416,0.0406033992767334,0.6653473377227783,0.020472288131713867,0.0070149898529052734,CBF,ACF&PACF: p=0.1 q=0.1,0.1,Rsastmf,ACF&PACF
5,0.6888888888888889,0.7330060005187988,0.04017162322998047,0.6639394760131836,0.020794391632080078,0.00696110725402832,CBF,ACF&PACF: p=0.1 q=0.1,0.1,DictRsast,ACF&PACF
