,accuracy,time,cweights_time,fsubsequence_time,tdataset_time,tclassifier_time,dataset_name,classifier_name,range_q,method,len_method
0,0.49173553719008267,115.08037114143372,0.2630636692047119,113.39028763771057,1.2993190288543701,0.12231993675231934,OSULeaf,ACF&PACF: p=0 q=0,0,Rsastmf,ACF&PACF
1,0.8636363636363636,111.10182356834412,0.2615489959716797,109.43537783622742,1.2602078914642334,0.140519380569458,OSULeaf,ACF&PACF: p=0 q=0,0,DictRsast,ACF&PACF
2,0.5,105.24803113937378,0.26535749435424805,103.65478706359863,1.1914377212524414,0.1315915584564209,OSULeaf,ACF&PACF: p=0 q=0.1,0.1,Rsastmf,ACF&PACF
3,0.8966942148760331,100.40102338790894,0.2737295627593994,98.60334920883179,1.3551878929138184,0.16010713577270508,OSULeaf,ACF&PACF: p=0 q=0.1,0.1,DictRsast,ACF&PACF
4,0.48760330578512395,80.95782351493835,0.26476263999938965,79.3159191608429,1.2242283821105957,0.14478516578674316,OSULeaf,ACF&PACF: p=0.1 q=0.1,0.1,Rsastmf,ACF&PACF
5,0.8925619834710744,90.0676429271698,0.19733572006225586,88.21817994117737,1.5049185752868652,0.14342641830444336,OSULeaf,ACF&PACF: p=0.1 q=0.1,0.1,DictRsast,ACF&PACF
