,accuracy,time,cweights_time,fsubsequence_time,tdataset_time,tclassifier_time,dataset_name,classifier_name,range_q,method,len_method
0,0.51171875,1.4466700553894043,0.05558156967163086,1.183223009109497,0.1218254566192627,0.08514809608459473,ChlorineConcentration,ACF&PACF: p=0 q=0,0,Rsastmf,ACF&PACF
1,0.6770833333333334,1.7858576774597168,0.06725454330444336,1.5041475296020508,0.12611746788024902,0.08743810653686523,ChlorineConcentration,ACF&PACF: p=0 q=0,0,DictRsast,ACF&PACF
2,0.48020833333333335,1.635810375213623,0.0767970085144043,1.3751683235168457,0.10201668739318848,0.08076882362365723,ChlorineConcentration,ACF&PACF: p=0 q=0.1,0.1,Rsastmf,ACF&PACF
3,0.71484375,1.4625568389892578,0.05648303031921387,1.1762254238128662,0.12851881980895996,0.10047340393066406,ChlorineConcentration,ACF&PACF: p=0 q=0.1,0.1,DictRsast,ACF&PACF
4,0.49947916666666664,1.849822759628296,0.08516359329223633,1.540393590927124,0.12903523445129395,0.094207763671875,ChlorineConcentration,ACF&PACF: p=0.1 q=0.1,0.1,Rsastmf,ACF&PACF
5,0.6536458333333334,1.8744165897369385,0.08951902389526367,1.575113296508789,0.12317538261413574,0.08550548553466797,ChlorineConcentration,ACF&PACF: p=0.1 q=0.1,0.1,DictRsast,ACF&PACF
