,accuracy,time,cweights_time,fsubsequence_time,tdataset_time,tclassifier_time,dataset_name,classifier_name,range_q,method,len_method
0,0.8614072494669509,1411.6197481155396,0.6431577205657959,1409.3247821331024,1.5839083194732666,0.05567502975463867,Mallat,ACF&PACF: p=0 q=0,0,Rsastmf,ACF&PACF
1,0.9121535181236674,1553.2546830177307,0.6445276737213135,1550.7336480617523,1.826833963394165,0.04152727127075195,Mallat,ACF&PACF: p=0 q=0,0,DictRsast,ACF&PACF
2,0.8605543710021322,1338.4467566013336,0.6478865146636963,1335.8469207286835,1.8923008441925049,0.05125617980957031,Mallat,ACF&PACF: p=0 q=0.1,0.1,Rsastmf,ACF&PACF
3,0.915138592750533,1582.5295495986938,0.6427109241485596,1579.8257744312286,1.9924700260162354,0.057254791259765625,Mallat,ACF&PACF: p=0 q=0.1,0.1,DictRsast,ACF&PACF
4,0.8626865671641791,1395.251413345337,0.6397416591644287,1392.4197974205017,2.0913381576538086,0.09166836738586426,Mallat,ACF&PACF: p=0.1 q=0.1,0.1,Rsastmf,ACF&PACF
5,0.7859275053304904,1357.5963208675385,0.6468236446380615,1355.0569477081299,1.8359498977661133,0.04931783676147461,Mallat,ACF&PACF: p=0.1 q=0.1,0.1,DictRsast,ACF&PACF
