,accuracy,time,cweights_time,fsubsequence_time,tdataset_time,tclassifier_time,dataset_name,classifier_name,range_q,method,len_method
0,0.41555555555555557,4370.37576675415,1.568171501159668,4302.9137506484985,63.884427070617676,1.9935417175292969,SemgHandMovementCh2,ACF&PACF: p=0 q=0,0,Rsastmf,ACF&PACF
1,0.5377777777777778,4119.66183590889,1.6208269596099854,4051.807716846466,64.25384998321533,1.964508295059204,SemgHandMovementCh2,ACF&PACF: p=0 q=0,0,DictRsast,ACF&PACF
2,0.41333333333333333,4424.02161860466,1.811931848526001,4354.424841165543,65.85758423805237,1.9076263904571533,SemgHandMovementCh2,ACF&PACF: p=0 q=0.1,0.1,Rsastmf,ACF&PACF
3,0.5888888888888889,4201.131432771683,1.8014967441558838,4136.940034866333,60.47445344924927,1.8965473175048828,SemgHandMovementCh2,ACF&PACF: p=0 q=0.1,0.1,DictRsast,ACF&PACF
4,0.4,4523.731826305389,1.599780797958374,4459.2498161792755,60.93044662475586,1.9322845935821533,SemgHandMovementCh2,ACF&PACF: p=0.1 q=0.1,0.1,Rsastmf,ACF&PACF
5,0.5666666666666667,3844.838012456894,1.6257750988006592,3768.357369661331,72.94455885887146,1.8942031860351562,SemgHandMovementCh2,ACF&PACF: p=0.1 q=0.1,0.1,DictRsast,ACF&PACF
