,accuracy,time,cweights_time,fsubsequence_time,tdataset_time,tclassifier_time,dataset_name,classifier_name,range_q,method,len_method
0,0.1998945147679325,5216.265548467636,1.3375329971313477,5177.743360996246,36.09122323989868,1.0604722499847412,Phoneme,ACF&PACF: p=0 q=0,0,Rsastmf,ACF&PACF
1,0.2320675105485232,4323.872579097748,1.347736120223999,4286.718116521835,34.71912860870361,1.0604581832885742,Phoneme,ACF&PACF: p=0 q=0,0,DictRsast,ACF&PACF
2,0.20253164556962025,5007.682161569595,1.3859210014343262,4967.800799608231,37.412853479385376,1.0375854969024658,Phoneme,ACF&PACF: p=0 q=0.1,0.1,Rsastmf,ACF&PACF
3,0.25369198312236285,4557.753472805023,1.3944523334503174,4519.5838742256165,35.67371845245361,1.0631980895996094,Phoneme,ACF&PACF: p=0 q=0.1,0.1,DictRsast,ACF&PACF
4,0.19778481012658228,3760.4770181179047,1.311239242553711,3723.5057532787323,34.570942640304565,1.0615959167480469,Phoneme,ACF&PACF: p=0.1 q=0.1,0.1,Rsastmf,ACF&PACF
5,0.23575949367088608,4831.655162096024,1.3403947353363037,4792.056864500046,37.18275284767151,1.0460937023162842,Phoneme,ACF&PACF: p=0.1 q=0.1,0.1,DictRsast,ACF&PACF
