,accuracy,time,cweights_time,fsubsequence_time,tdataset_time,tclassifier_time,dataset_name,classifier_name,range_q,method,len_method
0,0.6103896103896104,345.5219392776489,0.5071735382080078,342.86119270324707,2.038926839828491,0.11111569404602051,WormsTwoClass,ACF&PACF: p=0 q=0,0,Rsastmf,ACF&PACF
1,0.7012987012987013,323.68947863578796,0.4759969711303711,319.4406154155731,3.666640281677246,0.10258817672729492,WormsTwoClass,ACF&PACF: p=0 q=0,0,DictRsast,ACF&PACF
2,0.6753246753246753,393.96515464782715,0.4755747318267822,391.1257996559143,2.263963460922241,0.09632015228271484,WormsTwoClass,ACF&PACF: p=0 q=0.1,0.1,Rsastmf,ACF&PACF
3,0.7402597402597403,356.8620581626892,0.5020618438720703,353.28516459465027,2.9656732082366943,0.10588431358337402,WormsTwoClass,ACF&PACF: p=0 q=0.1,0.1,DictRsast,ACF&PACF
4,0.6753246753246753,367.5565767288208,0.5142312049865723,363.5472238063812,3.3914735317230225,0.09908437728881836,WormsTwoClass,ACF&PACF: p=0.1 q=0.1,0.1,Rsastmf,ACF&PACF
5,0.7662337662337663,442.2157726287842,0.5052750110626221,438.21560287475586,3.389817237854004,0.10144758224487305,WormsTwoClass,ACF&PACF: p=0.1 q=0.1,0.1,DictRsast,ACF&PACF
