,accuracy,time,cweights_time,fsubsequence_time,tdataset_time,tclassifier_time,dataset_name,classifier_name,range_q,method,len_method
0,0.5974025974025974,655.5636236667633,0.5957233905792236,648.0694251060486,6.721600532531738,0.16892766952514648,Worms,ACF&PACF: p=0 q=0,0,Rsastmf,ACF&PACF
1,0.5844155844155844,847.7509753704071,0.5730271339416504,840.5242605209351,6.458796739578247,0.18821454048156738,Worms,ACF&PACF: p=0 q=0,0,DictRsast,ACF&PACF
2,0.5324675324675324,734.8751544952393,0.5679454803466797,728.1586937904358,5.893250226974487,0.24694013595581055,Worms,ACF&PACF: p=0 q=0.1,0.1,Rsastmf,ACF&PACF
3,0.6103896103896104,860.5621657371521,0.5734987258911133,852.9195280075073,6.8209710121154785,0.23927807807922363,Worms,ACF&PACF: p=0 q=0.1,0.1,DictRsast,ACF&PACF
4,0.5324675324675324,906.7603285312653,0.5718960762023926,900.022034406662,5.9198431968688965,0.23817920684814453,Worms,ACF&PACF: p=0.1 q=0.1,0.1,Rsastmf,ACF&PACF
5,0.6753246753246753,1015.6762387752533,0.5923550128936768,1008.5211985111237,6.325082063674927,0.22906231880187988,Worms,ACF&PACF: p=0.1 q=0.1,0.1,DictRsast,ACF&PACF
