,accuracy,time,cweights_time,fsubsequence_time,tdataset_time,tclassifier_time,dataset_name,classifier_name,range_q,method,len_method
0,0.7609756097560976,0.3570713996887207,0.02944660186767578,0.18122339248657227,0.06622886657714844,0.0789635181427002,ProximalPhalanxOutlineAgeGroup,ACF&PACF: p=0 q=0,0,Rsastmf,ACF&PACF
1,0.8439024390243902,0.335040807723999,0.029782533645629883,0.18232512474060059,0.06071877479553223,0.06083273887634277,ProximalPhalanxOutlineAgeGroup,ACF&PACF: p=0 q=0,0,DictRsast,ACF&PACF
2,0.7609756097560976,0.36060619354248047,0.03640556335449219,0.18445587158203125,0.06930875778198242,0.06918215751647949,ProximalPhalanxOutlineAgeGroup,ACF&PACF: p=0 q=0.1,0.1,Rsastmf,ACF&PACF
3,0.848780487804878,0.35680532455444336,0.042360544204711914,0.18369817733764648,0.06789231300354004,0.06153464317321777,ProximalPhalanxOutlineAgeGroup,ACF&PACF: p=0 q=0.1,0.1,DictRsast,ACF&PACF
4,0.7170731707317073,0.42607617378234863,0.047745704650878906,0.2261061668395996,0.06937170028686523,0.08097553253173828,ProximalPhalanxOutlineAgeGroup,ACF&PACF: p=0.1 q=0.1,0.1,Rsastmf,ACF&PACF
5,0.8195121951219512,0.4549827575683594,0.05225777626037598,0.25821375846862793,0.0695188045501709,0.07307004928588867,ProximalPhalanxOutlineAgeGroup,ACF&PACF: p=0.1 q=0.1,0.1,DictRsast,ACF&PACF
