,accuracy,time,cweights_time,fsubsequence_time,tdataset_time,tclassifier_time,dataset_name,classifier_name,range_q,method,len_method
0,0.2513812154696133,4664.6966326236725,1.412647008895874,4608.6011736392975,52.45617723464966,2.193962574005127,EOGHorizontalSignal,ACF&PACF: p=0 q=0,0,Rsastmf,ACF&PACF
1,0.48066298342541436,4877.4375677108765,1.4236295223236084,4822.340722322464,51.41769886016846,2.2268450260162354,EOGHorizontalSignal,ACF&PACF: p=0 q=0,0,DictRsast,ACF&PACF
2,0.24585635359116023,5027.627971410751,1.4284436702728271,4967.71125626564,56.186705350875854,2.2762973308563232,EOGHorizontalSignal,ACF&PACF: p=0 q=0.1,0.1,Rsastmf,ACF&PACF
3,0.5193370165745856,5218.15761756897,1.5211100578308105,5162.620759725571,51.684847354888916,2.305128812789917,EOGHorizontalSignal,ACF&PACF: p=0 q=0.1,0.1,DictRsast,ACF&PACF
4,0.24861878453038674,5933.757283449173,1.405397891998291,5875.795826435089,54.28274893760681,2.24499249458313,EOGHorizontalSignal,ACF&PACF: p=0.1 q=0.1,0.1,Rsastmf,ACF&PACF
5,0.3370165745856354,4940.325497627258,1.3942513465881348,4881.6882791519165,54.97234010696411,2.2407891750335693,EOGHorizontalSignal,ACF&PACF: p=0.1 q=0.1,0.1,DictRsast,ACF&PACF
