,accuracy,time,cweights_time,fsubsequence_time,tdataset_time,tclassifier_time,dataset_name,classifier_name,range_q,method,len_method
0,0.7936,3.4923479557037354,0.06929612159729004,2.3691155910491943,0.6864063739776611,0.3582422733306885,SwedishLeaf,ACF&PACF: p=0 q=0,0,Rsastmf,ACF&PACF
1,0.856,3.9025444984436035,0.12390565872192383,2.8102428913116455,0.6676807403564453,0.2980155944824219,SwedishLeaf,ACF&PACF: p=0 q=0,0,DictRsast,ACF&PACF
2,0.7792,3.9113852977752686,0.12316560745239258,2.8410520553588867,0.6639285087585449,0.28032755851745605,SwedishLeaf,ACF&PACF: p=0 q=0.1,0.1,Rsastmf,ACF&PACF
3,0.9248,4.046998739242554,0.13495135307312012,2.8692514896392822,0.7291133403778076,0.3100874423980713,SwedishLeaf,ACF&PACF: p=0 q=0.1,0.1,DictRsast,ACF&PACF
4,0.7824,3.7963409423828125,0.12358689308166504,2.66923189163208,0.7316713333129883,0.2688899040222168,SwedishLeaf,ACF&PACF: p=0.1 q=0.1,0.1,Rsastmf,ACF&PACF
5,0.8352,4.062129259109497,0.12389707565307617,2.895355463027954,0.7062897682189941,0.3327951431274414,SwedishLeaf,ACF&PACF: p=0.1 q=0.1,0.1,DictRsast,ACF&PACF
