,accuracy,time,cweights_time,fsubsequence_time,tdataset_time,tclassifier_time,dataset_name,classifier_name,range_q,method,len_method
0,0.9030927835051547,1392.047568321228,1.0866410732269287,1364.0205855369568,25.63949465751648,1.2916808128356934,MixedShapesRegularTrain,ACF&PACF: p=0 q=0,0,Rsastmf,ACF&PACF
1,0.9216494845360824,1251.4056422710419,0.9602506160736084,1223.7809174060822,25.413735389709473,1.2402245998382568,MixedShapesRegularTrain,ACF&PACF: p=0 q=0,0,DictRsast,ACF&PACF
2,0.8985567010309279,1386.980658531189,1.016916275024414,1360.678165435791,24.06548237800598,1.204050064086914,MixedShapesRegularTrain,ACF&PACF: p=0 q=0.1,0.1,Rsastmf,ACF&PACF
3,0.931958762886598,1401.4151542186737,1.0874900817871094,1374.273347377777,24.800243854522705,1.240799903869629,MixedShapesRegularTrain,ACF&PACF: p=0 q=0.1,0.1,DictRsast,ACF&PACF
4,0.9068041237113402,1187.1942040920258,1.0796658992767334,1162.9710102081299,21.912428379058838,1.2115201950073242,MixedShapesRegularTrain,ACF&PACF: p=0.1 q=0.1,0.1,Rsastmf,ACF&PACF
5,0.9063917525773196,1367.6416294574738,1.0735511779785156,1341.460621356964,23.869919300079346,1.227454423904419,MixedShapesRegularTrain,ACF&PACF: p=0.1 q=0.1,0.1,DictRsast,ACF&PACF
