,accuracy,time,cweights_time,fsubsequence_time,tdataset_time,tclassifier_time,dataset_name,classifier_name,range_q,method,len_method
0,0.8469718583841266,6.099025011062622,0.23964285850524902,0.6579885482788086,1.915703296661377,3.2835774421691895,ElectricDevices,ACF&PACF: p=0 q=0,0,Rsastmf,ACF&PACF
1,0.850473349760083,6.348722696304321,0.15024757385253906,0.43038153648376465,1.8579249382019043,3.9081828594207764,ElectricDevices,ACF&PACF: p=0 q=0,0,DictRsast,ACF&PACF
2,0.8356892750616003,5.857350826263428,0.1842942237854004,0.46486330032348633,1.8368513584136963,3.369521141052246,ElectricDevices,ACF&PACF: p=0 q=0.1,0.1,Rsastmf,ACF&PACF
3,0.8065101802619634,5.9855146408081055,0.14789628982543945,0.4371471405029297,1.7588491439819336,3.639904260635376,ElectricDevices,ACF&PACF: p=0 q=0.1,0.1,DictRsast,ACF&PACF
4,0.8441187913370509,7.381932735443115,0.18847966194152832,0.5600054264068604,1.9470155239105225,4.683255910873413,ElectricDevices,ACF&PACF: p=0.1 q=0.1,0.1,Rsastmf,ACF&PACF
5,0.7827778498249254,7.181566953659058,0.1497483253479004,0.4182708263397217,1.8858084678649902,4.724838495254517,ElectricDevices,ACF&PACF: p=0.1 q=0.1,0.1,DictRsast,ACF&PACF
