,accuracy,time,cweights_time,fsubsequence_time,tdataset_time,tclassifier_time,dataset_name,classifier_name,range_q,method,len_method
0,1.0,1.6314911842346191,0.07238960266113281,1.4147591590881348,0.11556386947631836,0.02690744400024414,Plane,ACF&PACF: p=0 q=0,0,Rsastmf,ACF&PACF
1,1.0,2.346184253692627,0.06128215789794922,2.1522393226623535,0.10511946678161621,0.024900197982788086,Plane,ACF&PACF: p=0 q=0,0,DictRsast,ACF&PACF
2,1.0,2.3956797122955322,0.0738835334777832,2.1820790767669678,0.11249399185180664,0.0241546630859375,Plane,ACF&PACF: p=0 q=0.1,0.1,Rsastmf,ACF&PACF
3,1.0,2.6075069904327393,0.07494616508483887,2.3879404067993164,0.11729669570922852,0.02436351776123047,Plane,ACF&PACF: p=0 q=0.1,0.1,DictRsast,ACF&PACF
4,1.0,2.4381165504455566,0.07423782348632812,2.2254369258880615,0.11692404747009277,0.0187680721282959,Plane,ACF&PACF: p=0.1 q=0.1,0.1,Rsastmf,ACF&PACF
5,1.0,2.3674237728118896,0.06113839149475098,2.1600255966186523,0.11928772926330566,0.024578094482421875,Plane,ACF&PACF: p=0.1 q=0.1,0.1,DictRsast,ACF&PACF
