,accuracy,time,cweights_time,fsubsequence_time,tdataset_time,tclassifier_time,dataset_name,classifier_name,range_q,method,len_method
0,0.67,0.24750471115112305,0.035819053649902344,0.18064141273498535,0.02303767204284668,0.007016181945800781,ECG200,ACF&PACF: p=0 q=0,0,Rsastmf,ACF&PACF
1,0.75,0.2418220043182373,0.02997446060180664,0.1814417839050293,0.021334171295166016,0.007731914520263672,ECG200,ACF&PACF: p=0 q=0,0,DictRsast,ACF&PACF
2,0.71,0.24481463432312012,0.035479068756103516,0.17902898788452148,0.021883010864257812,0.0076406002044677734,ECG200,ACF&PACF: p=0 q=0.1,0.1,Rsastmf,ACF&PACF
3,0.74,0.2892608642578125,0.03523373603820801,0.22407007217407227,0.020465373992919922,0.008591413497924805,ECG200,ACF&PACF: p=0 q=0.1,0.1,DictRsast,ACF&PACF
4,0.71,0.2370460033416748,0.02872490882873535,0.17931652069091797,0.021467208862304688,0.0069773197174072266,ECG200,ACF&PACF: p=0.1 q=0.1,0.1,Rsastmf,ACF&PACF
5,0.77,0.2971820831298828,0.03605031967163086,0.2252819538116455,0.02307915687561035,0.012096166610717773,ECG200,ACF&PACF: p=0.1 q=0.1,0.1,DictRsast,ACF&PACF
