,accuracy,time,cweights_time,fsubsequence_time,tdataset_time,tclassifier_time,dataset_name,classifier_name,range_q,method,len_method
0,0.5733333333333334,272.9677755832672,0.5211567878723145,266.9583547115326,5.14371395111084,0.34081339836120605,ScreenType,ACF&PACF: p=0 q=0,0,Rsastmf,ACF&PACF
1,0.5493333333333333,297.31153416633606,0.5230369567871094,293.0077266693115,3.4358160495758057,0.34140610694885254,ScreenType,ACF&PACF: p=0 q=0,0,DictRsast,ACF&PACF
2,0.6533333333333333,319.6076285839081,0.5209908485412598,315.1325008869171,3.657432794570923,0.2929706573486328,ScreenType,ACF&PACF: p=0 q=0.1,0.1,Rsastmf,ACF&PACF
3,0.3973333333333333,211.4959008693695,0.47667765617370605,205.38989090919495,5.306601524353027,0.31867432594299316,ScreenType,ACF&PACF: p=0 q=0.1,0.1,DictRsast,ACF&PACF
4,0.5893333333333334,171.93500971794128,0.4640190601348877,167.59321975708008,3.5412967205047607,0.32607245445251465,ScreenType,ACF&PACF: p=0.1 q=0.1,0.1,Rsastmf,ACF&PACF
5,0.4053333333333333,185.35318183898926,0.5268468856811523,181.0538671016693,3.454200506210327,0.3133816719055176,ScreenType,ACF&PACF: p=0.1 q=0.1,0.1,DictRsast,ACF&PACF
