,accuracy,time,cweights_time,fsubsequence_time,tdataset_time,tclassifier_time,dataset_name,classifier_name,range_q,method,len_method
0,0.4448051948051948,1580.9728350639343,0.6992855072021484,1573.153493642807,6.929326772689819,0.1802690029144287,Haptics,ACF&PACF: p=0 q=0,0,Rsastmf,ACF&PACF
1,0.4805194805194805,1692.0721435546875,0.6946117877960205,1683.805191040039,7.284346580505371,0.2767667770385742,Haptics,ACF&PACF: p=0 q=0,0,DictRsast,ACF&PACF
2,0.4090909090909091,1537.4525952339172,0.6979293823242188,1529.400084733963,7.056596517562866,0.28806066513061523,Haptics,ACF&PACF: p=0 q=0.1,0.1,Rsastmf,ACF&PACF
3,0.487012987012987,1510.9146263599396,0.7253084182739258,1502.6625063419342,7.234050512313843,0.2781789302825928,Haptics,ACF&PACF: p=0 q=0.1,0.1,DictRsast,ACF&PACF
4,0.41233766233766234,1587.4941408634186,0.4066135883331299,1579.566624879837,7.22380256652832,0.2864546775817871,Haptics,ACF&PACF: p=0.1 q=0.1,0.1,Rsastmf,ACF&PACF
5,0.41233766233766234,1397.6081030368805,0.6960434913635254,1388.7452466487885,7.862748861312866,0.28535032272338867,Haptics,ACF&PACF: p=0.1 q=0.1,0.1,DictRsast,ACF&PACF
