,accuracy,time,cweights_time,fsubsequence_time,tdataset_time,tclassifier_time,dataset_name,classifier_name,range_q,method,len_method
0,0.26243093922651933,6001.205801486969,1.5295188426971436,5944.3791172504425,53.03044652938843,2.2331249713897705,EOGHorizontalSignal,ACF&PACF: p=0 q=0,0,Rsastmf,ACF&PACF
1,0.4613259668508287,4730.461601257324,1.550196886062622,4671.842092037201,54.77042865753174,2.2682979106903076,EOGHorizontalSignal,ACF&PACF: p=0 q=0,0,DictRsast,ACF&PACF
2,0.2569060773480663,5892.618914842606,1.5054552555084229,5834.570965051651,54.31165623664856,2.2035579681396484,EOGHorizontalSignal,ACF&PACF: p=0 q=0.1,0.1,Rsastmf,ACF&PACF
3,0.5027624309392266,5617.141058206558,1.4258179664611816,5559.588251829147,53.891228675842285,2.208967447280884,EOGHorizontalSignal,ACF&PACF: p=0 q=0.1,0.1,DictRsast,ACF&PACF
4,0.281767955801105,5830.428343296051,1.5214016437530518,5774.804675102234,52.701794385910034,1.3737680912017822,EOGHorizontalSignal,ACF&PACF: p=0.1 q=0.1,0.1,Rsastmf,ACF&PACF
5,0.32320441988950277,5822.073925495148,1.4400031566619873,5763.164034843445,55.177263498306274,2.253453493118286,EOGHorizontalSignal,ACF&PACF: p=0.1 q=0.1,0.1,DictRsast,ACF&PACF
