,accuracy,time,cweights_time,fsubsequence_time,tdataset_time,tclassifier_time,dataset_name,classifier_name,range_q,method,len_method
0,0.2625,33.779589891433716,0.12380695343017578,33.23040056228638,0.3725318908691406,0.044803619384765625,DodgerLoopDay,ACF&PACF: p=0 q=0,0,Rsastmf,ACF&PACF
1,0.3125,31.29559016227722,0.09059286117553711,30.780417919158936,0.3759450912475586,0.043930768966674805,DodgerLoopDay,ACF&PACF: p=0 q=0,0,DictRsast,ACF&PACF
2,0.2125,34.149924516677856,0.15128684043884277,33.590166091918945,0.3584742546081543,0.0432741641998291,DodgerLoopDay,ACF&PACF: p=0 q=0.1,0.1,Rsastmf,ACF&PACF
3,0.3375,32.309773206710815,0.09055447578430176,31.681214809417725,0.4884300231933594,0.0450434684753418,DodgerLoopDay,ACF&PACF: p=0 q=0.1,0.1,DictRsast,ACF&PACF
4,0.2875,43.487870931625366,0.12453627586364746,42.88947534561157,0.4303436279296875,0.037236928939819336,DodgerLoopDay,ACF&PACF: p=0.1 q=0.1,0.1,Rsastmf,ACF&PACF
5,0.3625,42.74588894844055,0.12280917167663574,42.187105655670166,0.3955526351928711,0.03448939323425293,DodgerLoopDay,ACF&PACF: p=0.1 q=0.1,0.1,DictRsast,ACF&PACF
