,accuracy,time,cweights_time,fsubsequence_time,tdataset_time,tclassifier_time,dataset_name,classifier_name,range_q,method,len_method
0,0.8540540540540541,5238.389577627182,10.428728818893433,5090.820394515991,133.90327262878418,3.222747564315796,HandOutlines,ACF&PACF: p=0 q=0,0,Rsastmf,ACF&PACF
1,0.8108108108108109,5206.190181016922,10.375786304473877,5065.8057906627655,126.88804388046265,3.1069743633270264,HandOutlines,ACF&PACF: p=0 q=0,0,DictRsast,ACF&PACF
2,0.845945945945946,5645.6746418476105,8.621899366378784,5505.962996721268,127.88454866409302,3.192145347595215,HandOutlines,ACF&PACF: p=0 q=0.1,0.1,Rsastmf,ACF&PACF
3,0.7972972972972973,5139.23934173584,9.249831438064575,4999.503649234772,127.35727286338806,3.1173620223999023,HandOutlines,ACF&PACF: p=0 q=0.1,0.1,DictRsast,ACF&PACF
4,0.8486486486486486,5714.067736625671,14.660833835601807,5571.499030590057,124.72876572608948,3.1663684844970703,HandOutlines,ACF&PACF: p=0.1 q=0.1,0.1,Rsastmf,ACF&PACF
5,0.7108108108108108,5473.206199169159,9.143301486968994,5331.853714466095,129.0534529685974,3.144526720046997,HandOutlines,ACF&PACF: p=0.1 q=0.1,0.1,DictRsast,ACF&PACF
