,accuracy,time,cweights_time,fsubsequence_time,tdataset_time,tclassifier_time,dataset_name,classifier_name,range_q,method,len_method
0,0.2781818181818182,9263.961027622223,1.3927001953125,9238.181236982346,24.022233486175537,0.3434271812438965,InlineSkate,ACF&PACF: p=0 q=0,0,Rsastmf,ACF&PACF
1,0.2818181818181818,9032.560605287552,1.4024772644042969,9007.743963241577,23.049046754837036,0.34364771842956543,InlineSkate,ACF&PACF: p=0 q=0,0,DictRsast,ACF&PACF
2,0.2672727272727273,8433.81474518776,1.3420908451080322,8408.574485778809,23.535664558410645,0.3414442539215088,InlineSkate,ACF&PACF: p=0 q=0.1,0.1,Rsastmf,ACF&PACF
3,0.29818181818181816,8135.615377902985,1.3544981479644775,8110.227789878845,23.667837858200073,0.34412598609924316,InlineSkate,ACF&PACF: p=0 q=0.1,0.1,DictRsast,ACF&PACF
4,0.27090909090909093,9177.976518630981,1.3426804542541504,9154.124783039093,22.144980430603027,0.34329867362976074,InlineSkate,ACF&PACF: p=0.1 q=0.1,0.1,Rsastmf,ACF&PACF
5,0.32727272727272727,8760.468746423721,1.403111457824707,8732.458656311035,26.24249792098999,0.3432583808898926,InlineSkate,ACF&PACF: p=0.1 q=0.1,0.1,DictRsast,ACF&PACF
