,accuracy,time,cweights_time,fsubsequence_time,tdataset_time,tclassifier_time,dataset_name,classifier_name,range_q,method,len_method
0,0.6674242424242425,64.53857254981995,1.3777387142181396,46.786163330078125,11.065695524215698,5.3055644035339355,FordA,ACF&PACF: p=0 q=0,0,Rsastmf,ACF&PACF
1,0.7295454545454545,83.4065797328949,1.4736454486846924,64.27685904502869,13.000706434249878,4.650984525680542,FordA,ACF&PACF: p=0 q=0,0,DictRsast,ACF&PACF
2,0.6636363636363637,74.9997353553772,1.3737223148345947,55.741464614868164,12.840096712112427,5.041057825088501,FordA,ACF&PACF: p=0 q=0.1,0.1,Rsastmf,ACF&PACF
3,0.771969696969697,70.83979034423828,1.3888099193572998,52.355401039123535,12.140898704528809,4.951007843017578,FordA,ACF&PACF: p=0 q=0.1,0.1,DictRsast,ACF&PACF
4,0.6568181818181819,74.65948748588562,1.280024766921997,55.14842224121094,13.378446817398071,4.845539808273315,FordA,ACF&PACF: p=0.1 q=0.1,0.1,Rsastmf,ACF&PACF
5,0.7772727272727272,65.83196377754211,1.5326900482177734,47.13182091712952,12.787004232406616,4.375110149383545,FordA,ACF&PACF: p=0.1 q=0.1,0.1,DictRsast,ACF&PACF
