,accuracy,time,cweights_time,fsubsequence_time,tdataset_time,tclassifier_time,dataset_name,classifier_name,range_q,method,len_method
0,0.6698858647936786,0.14024806022644043,0.021847009658813477,0.10691261291503906,0.007690906524658203,0.003047466278076172,TwoLeadECG,ACF&PACF: p=0 q=0,0,Rsastmf,ACF&PACF
1,0.8287971905179983,0.1454622745513916,0.02208399772644043,0.11114001274108887,0.008083105087280273,0.003123044967651367,TwoLeadECG,ACF&PACF: p=0 q=0,0,DictRsast,ACF&PACF
2,0.6953467954345918,0.14087748527526855,0.021892547607421875,0.10655474662780762,0.007894039154052734,0.003924846649169922,TwoLeadECG,ACF&PACF: p=0 q=0.1,0.1,Rsastmf,ACF&PACF
3,0.8630377524143986,0.151533842086792,0.028186798095703125,0.11081790924072266,0.00862431526184082,0.002922534942626953,TwoLeadECG,ACF&PACF: p=0 q=0.1,0.1,DictRsast,ACF&PACF
4,0.6804214223002634,0.13950800895690918,0.021777868270874023,0.1064755916595459,0.0075664520263671875,0.0030307769775390625,TwoLeadECG,ACF&PACF: p=0.1 q=0.1,0.1,Rsastmf,ACF&PACF
5,0.8595258999122037,0.14214634895324707,0.021762609481811523,0.10739016532897949,0.008303165435791016,0.003659486770629883,TwoLeadECG,ACF&PACF: p=0.1 q=0.1,0.1,DictRsast,ACF&PACF
