,accuracy,time,cweights_time,fsubsequence_time,tdataset_time,tclassifier_time,dataset_name,classifier_name,range_q,method,len_method
0,0.75,51.29646039009094,0.14748120307922363,51.062235593795776,0.07946348190307617,0.004469156265258789,BeetleFly,ACF&PACF: p=0 q=0,0,Rsastmf,ACF&PACF
1,0.7,53.69152212142944,0.11880826950073242,53.489644289016724,0.07534933090209961,0.004609346389770508,BeetleFly,ACF&PACF: p=0 q=0,0,DictRsast,ACF&PACF
2,0.7,60.52307152748108,0.17857980728149414,60.25349736213684,0.08367657661437988,0.005070209503173828,BeetleFly,ACF&PACF: p=0 q=0.1,0.1,Rsastmf,ACF&PACF
3,0.85,62.519588232040405,0.16362738609313965,62.2640323638916,0.0767521858215332,0.012723922729492188,BeetleFly,ACF&PACF: p=0 q=0.1,0.1,DictRsast,ACF&PACF
4,0.75,80.13078141212463,0.1525285243988037,79.88754081726074,0.07798290252685547,0.00894784927368164,BeetleFly,ACF&PACF: p=0.1 q=0.1,0.1,Rsastmf,ACF&PACF
5,0.7,82.7038950920105,0.14996814727783203,82.46594524383545,0.07841300964355469,0.006273508071899414,BeetleFly,ACF&PACF: p=0.1 q=0.1,0.1,DictRsast,ACF&PACF
