,accuracy,time,cweights_time,fsubsequence_time,tdataset_time,tclassifier_time,dataset_name,classifier_name,range_q,method,len_method
0,0.4112227805695142,62.133721351623535,0.3036229610443115,56.233266830444336,4.342747926712036,1.2436511516571045,UWaveGestureLibraryZ,ACF&PACF: p=0 q=0,0,Rsastmf,ACF&PACF
1,0.33472920156337244,52.7036349773407,0.3008849620819092,46.401384115219116,4.591382265090942,1.4022119045257568,UWaveGestureLibraryZ,ACF&PACF: p=0 q=0,0,DictRsast,ACF&PACF
2,0.43634840871021774,41.11220169067383,0.3212697505950928,34.43396997451782,4.517664670944214,1.8327031135559082,UWaveGestureLibraryZ,ACF&PACF: p=0 q=0.1,0.1,Rsastmf,ACF&PACF
3,0.3595756560580681,51.7815055847168,0.2970921993255615,45.64913463592529,4.506862163543701,1.3221514225006104,UWaveGestureLibraryZ,ACF&PACF: p=0 q=0.1,0.1,DictRsast,ACF&PACF
4,0.4369067560022334,69.37511110305786,0.29819798469543457,62.744375705718994,4.429861068725586,1.8956279754638672,UWaveGestureLibraryZ,ACF&PACF: p=0.1 q=0.1,0.1,Rsastmf,ACF&PACF
5,0.36543830262423227,55.41197896003723,0.323941707611084,48.9966983795166,4.430687665939331,1.6528027057647705,UWaveGestureLibraryZ,ACF&PACF: p=0.1 q=0.1,0.1,DictRsast,ACF&PACF
