,accuracy,time,cweights_time,fsubsequence_time,tdataset_time,tclassifier_time,dataset_name,classifier_name,range_q,method,len_method
0,0.4666666666666667,0.4586756229400635,0.032227516174316406,0.29518985748291016,0.06897139549255371,0.06008195877075195,SyntheticControl,ACF&PACF: p=0 q=0,0,Rsastmf,ACF&PACF
1,0.8366666666666667,0.4024324417114258,0.026133060455322266,0.23087477684020996,0.07152962684631348,0.07213234901428223,SyntheticControl,ACF&PACF: p=0 q=0,0,DictRsast,ACF&PACF
2,0.4633333333333333,0.5221128463745117,0.03742861747741699,0.30864930152893066,0.09006738662719727,0.0833582878112793,SyntheticControl,ACF&PACF: p=0 q=0.1,0.1,Rsastmf,ACF&PACF
3,0.91,0.39145565032958984,0.02624344825744629,0.2304387092590332,0.06780552864074707,0.06556367874145508,SyntheticControl,ACF&PACF: p=0 q=0.1,0.1,DictRsast,ACF&PACF
4,0.56,0.3939235210418701,0.02619791030883789,0.22785711288452148,0.06734800338745117,0.06928539276123047,SyntheticControl,ACF&PACF: p=0.1 q=0.1,0.1,Rsastmf,ACF&PACF
5,0.8366666666666667,0.47437143325805664,0.031786203384399414,0.2926502227783203,0.07918524742126465,0.06862163543701172,SyntheticControl,ACF&PACF: p=0.1 q=0.1,0.1,DictRsast,ACF&PACF
