,accuracy,time,cweights_time,fsubsequence_time,tdataset_time,tclassifier_time,dataset_name,classifier_name,range_q,method,len_method
0,0.7727272727272727,21.057268619537354,0.10362839698791504,20.902414321899414,0.0396120548248291,0.0075953006744384766,FaceFour,ACF&PACF: p=0 q=0,0,Rsastmf,ACF&PACF
1,0.9659090909090909,21.481607913970947,0.11819076538085938,21.312901496887207,0.03917527198791504,0.007600545883178711,FaceFour,ACF&PACF: p=0 q=0,0,DictRsast,ACF&PACF
2,0.7272727272727273,21.683150053024292,0.1183786392211914,21.513956546783447,0.039687395095825195,0.008378982543945312,FaceFour,ACF&PACF: p=0 q=0.1,0.1,Rsastmf,ACF&PACF
3,0.9886363636363636,21.389716863632202,0.117462158203125,21.221367120742798,0.04094386100769043,0.0075550079345703125,FaceFour,ACF&PACF: p=0 q=0.1,0.1,DictRsast,ACF&PACF
4,0.7159090909090909,20.794776439666748,0.1187446117401123,20.626545429229736,0.03888368606567383,0.007560014724731445,FaceFour,ACF&PACF: p=0.1 q=0.1,0.1,Rsastmf,ACF&PACF
5,0.9545454545454546,20.811296224594116,0.11948251724243164,20.637008905410767,0.04471564292907715,0.007408618927001953,FaceFour,ACF&PACF: p=0.1 q=0.1,0.1,DictRsast,ACF&PACF
