,accuracy,time,cweights_time,fsubsequence_time,tdataset_time,tclassifier_time,dataset_name,classifier_name,range_q,method,len_method
0,0.2909090909090909,44.575331926345825,0.16869688034057617,43.62331485748291,0.6787388324737549,0.10024762153625488,InsectWingbeatSound,ACF&PACF: p=0 q=0,0,Rsastmf,ACF&PACF
1,0.4212121212121212,32.46460223197937,0.20549440383911133,31.483131170272827,0.6523423194885254,0.11523652076721191,InsectWingbeatSound,ACF&PACF: p=0 q=0,0,DictRsast,ACF&PACF
2,0.3106060606060606,42.24042105674744,0.19883513450622559,41.208616733551025,0.7264714241027832,0.09802937507629395,InsectWingbeatSound,ACF&PACF: p=0 q=0.1,0.1,Rsastmf,ACF&PACF
3,0.5070707070707071,35.4394896030426,0.19503402709960938,34.49197340011597,0.6553199291229248,0.09355497360229492,InsectWingbeatSound,ACF&PACF: p=0 q=0.1,0.1,DictRsast,ACF&PACF
4,0.29797979797979796,43.92869448661804,0.1959669589996338,42.78567910194397,0.7997937202453613,0.14337682723999023,InsectWingbeatSound,ACF&PACF: p=0.1 q=0.1,0.1,Rsastmf,ACF&PACF
5,0.5186868686868686,34.81516075134277,0.20566058158874512,33.70409822463989,0.7803103923797607,0.12034749984741211,InsectWingbeatSound,ACF&PACF: p=0.1 q=0.1,0.1,DictRsast,ACF&PACF
