,accuracy,time,cweights_time,fsubsequence_time,tdataset_time,tclassifier_time,dataset_name,classifier_name,range_q,method,len_method
0,0.3785594639865997,46.786744356155396,0.3036787509918213,39.81960129737854,4.8552868366241455,1.798088550567627,UWaveGestureLibraryY,ACF&PACF: p=0 q=0,0,Rsastmf,ACF&PACF
1,0.30318257956448913,55.36254000663757,0.3199779987335205,49.01703476905823,4.613929748535156,1.4009923934936523,UWaveGestureLibraryY,ACF&PACF: p=0 q=0,0,DictRsast,ACF&PACF
2,0.4156895589056393,37.48705744743347,0.3193070888519287,29.73563051223755,5.280762195587158,2.144244432449341,UWaveGestureLibraryY,ACF&PACF: p=0 q=0.1,0.1,Rsastmf,ACF&PACF
3,0.33500837520938026,52.546332359313965,0.31847047805786133,46.14078617095947,4.582002401351929,1.4974517822265625,UWaveGestureLibraryY,ACF&PACF: p=0 q=0.1,0.1,DictRsast,ACF&PACF
4,0.42294807370184256,65.53288245201111,0.30106329917907715,57.828219413757324,5.243038654327393,2.1526923179626465,UWaveGestureLibraryY,ACF&PACF: p=0.1 q=0.1,0.1,Rsastmf,ACF&PACF
5,0.3232830820770519,70.70108890533447,0.316927433013916,63.450133085250854,4.848890542984009,2.0747499465942383,UWaveGestureLibraryY,ACF&PACF: p=0.1 q=0.1,0.1,DictRsast,ACF&PACF
