,accuracy,time,cweights_time,fsubsequence_time,tdataset_time,tclassifier_time,dataset_name,classifier_name,range_q,method,len_method
0,0.7337662337662337,0.3702380657196045,0.03914976119995117,0.1839761734008789,0.06636953353881836,0.07918453216552734,MiddlePhalanxOutlineAgeGroup,ACF&PACF: p=0 q=0,0,Rsastmf,ACF&PACF
1,0.7532467532467533,0.3737490177154541,0.03927206993103027,0.1871628761291504,0.06526350975036621,0.0804755687713623,MiddlePhalanxOutlineAgeGroup,ACF&PACF: p=0 q=0,0,DictRsast,ACF&PACF
2,0.7077922077922078,0.35851478576660156,0.03907608985900879,0.1880340576171875,0.06332278251647949,0.06643319129943848,MiddlePhalanxOutlineAgeGroup,ACF&PACF: p=0 q=0.1,0.1,Rsastmf,ACF&PACF
3,0.7207792207792207,0.37065982818603516,0.03018641471862793,0.1829681396484375,0.07373332977294922,0.08198213577270508,MiddlePhalanxOutlineAgeGroup,ACF&PACF: p=0 q=0.1,0.1,DictRsast,ACF&PACF
4,0.6363636363636364,0.376570463180542,0.039246320724487305,0.18768000602722168,0.06704902648925781,0.08086729049682617,MiddlePhalanxOutlineAgeGroup,ACF&PACF: p=0.1 q=0.1,0.1,Rsastmf,ACF&PACF
5,0.7272727272727273,0.3665893077850342,0.034549713134765625,0.18192768096923828,0.0704503059387207,0.07825350761413574,MiddlePhalanxOutlineAgeGroup,ACF&PACF: p=0.1 q=0.1,0.1,DictRsast,ACF&PACF
