,accuracy,time,cweights_time,fsubsequence_time,tdataset_time,tclassifier_time,dataset_name,classifier_name,range_q,method,len_method
0,0.8869596891694997,905.1409044265747,1.2047431468963623,870.9794375896454,30.03707003593445,2.906094789505005,StarLightCurves,ACF&PACF: p=0 q=0,0,Rsastmf,ACF&PACF
1,0.8457989315201554,920.556113243103,1.148435354232788,888.4894270896912,28.07728934288025,2.8288347721099854,StarLightCurves,ACF&PACF: p=0 q=0,0,DictRsast,ACF&PACF
2,0.8827100534239922,868.0862901210785,1.1838734149932861,836.057648897171,28.00346803665161,2.8326053619384766,StarLightCurves,ACF&PACF: p=0 q=0.1,0.1,Rsastmf,ACF&PACF
3,0.9153715395823215,849.014431476593,1.2186660766601562,817.9667391777039,27.071303606033325,2.746645450592041,StarLightCurves,ACF&PACF: p=0 q=0.1,0.1,DictRsast,ACF&PACF
4,0.8904808159300631,869.3765251636505,1.533822774887085,835.5779502391815,29.399080753326416,2.854253053665161,StarLightCurves,ACF&PACF: p=0.1 q=0.1,0.1,Rsastmf,ACF&PACF
5,0.9050509956289461,873.428612947464,1.2594828605651855,840.2065737247467,29.11748242378235,2.8359220027923584,StarLightCurves,ACF&PACF: p=0.1 q=0.1,0.1,DictRsast,ACF&PACF
