,accuracy,time,cweights_time,fsubsequence_time,tdataset_time,tclassifier_time,dataset_name,classifier_name,range_q,method,len_method
0,0.8464531189210219,6.004664182662964,0.2551109790802002,0.6068120002746582,1.6972806453704834,3.433079957962036,ElectricDevices,ACF&PACF: p=0 q=0,0,Rsastmf,ACF&PACF
1,0.8566982233173389,8.050616979598999,0.26853060722351074,0.7821061611175537,1.9906928539276123,4.996161222457886,ElectricDevices,ACF&PACF: p=0 q=0,0,DictRsast,ACF&PACF
2,0.8412657242899754,6.790410041809082,0.1594834327697754,0.42347025871276855,1.68802809715271,4.5158164501190186,ElectricDevices,ACF&PACF: p=0 q=0.1,0.1,Rsastmf,ACF&PACF
3,0.8098819867721437,7.0714335441589355,0.1535816192626953,0.42140746116638184,1.7834858894348145,4.710211277008057,ElectricDevices,ACF&PACF: p=0 q=0.1,0.1,DictRsast,ACF&PACF
4,0.8506030346258592,7.969878196716309,0.18715763092041016,0.49178290367126465,2.003807544708252,5.283892631530762,ElectricDevices,ACF&PACF: p=0.1 q=0.1,0.1,Rsastmf,ACF&PACF
5,0.7819997406302684,6.7016518115997314,0.2504262924194336,0.6615798473358154,2.0143883228302,3.773303270339966,ElectricDevices,ACF&PACF: p=0.1 q=0.1,0.1,DictRsast,ACF&PACF
