,accuracy,time,cweights_time,fsubsequence_time,tdataset_time,tclassifier_time,dataset_name,classifier_name,range_q,method,len_method
0,0.39195979899497485,56.43708610534668,0.29080843925476074,49.586360931396484,4.68461799621582,1.8671495914459229,UWaveGestureLibraryY,ACF&PACF: p=0 q=0,0,Rsastmf,ACF&PACF
1,0.2917364600781686,51.22030854225159,0.3114652633666992,43.37809991836548,5.452746152877808,2.071061134338379,UWaveGestureLibraryY,ACF&PACF: p=0 q=0,0,DictRsast,ACF&PACF
2,0.4159687325516471,61.02120065689087,0.30094218254089355,54.18670129776001,4.972470760345459,1.551175594329834,UWaveGestureLibraryY,ACF&PACF: p=0 q=0.1,0.1,Rsastmf,ACF&PACF
3,0.35175879396984927,49.22776412963867,0.29663586616516113,41.228825092315674,5.541993856430054,2.147941827774048,UWaveGestureLibraryY,ACF&PACF: p=0 q=0.1,0.1,DictRsast,ACF&PACF
4,0.426856504745952,59.048835039138794,0.30176353454589844,51.85868287086487,4.9915008544921875,1.888396978378296,UWaveGestureLibraryY,ACF&PACF: p=0.1 q=0.1,0.1,Rsastmf,ACF&PACF
5,0.32160804020100503,54.12238550186157,0.2822997570037842,45.79530715942383,5.8707051277160645,2.1648943424224854,UWaveGestureLibraryY,ACF&PACF: p=0.1 q=0.1,0.1,DictRsast,ACF&PACF
