,accuracy,time,cweights_time,fsubsequence_time,tdataset_time,tclassifier_time,dataset_name,classifier_name,range_q,method,len_method
0,0.86977648202138,0.05805611610412598,0.009769678115844727,0.03315281867980957,0.008585453033447266,0.005966901779174805,ItalyPowerDemand,ACF&PACF: p=0 q=0,0,Rsastmf,ACF&PACF
1,0.9387755102040817,0.05591893196105957,0.009733438491821289,0.034844160079956055,0.005984783172607422,0.004480123519897461,ItalyPowerDemand,ACF&PACF: p=0 q=0,0,DictRsast,ACF&PACF
2,0.8862973760932945,0.041608572006225586,0.007283210754394531,0.0250399112701416,0.005043745040893555,0.0034439563751220703,ItalyPowerDemand,ACF&PACF: p=0 q=0.1,0.1,Rsastmf,ACF&PACF
3,0.9378036929057337,0.046482086181640625,0.007549285888671875,0.025708436965942383,0.008022546768188477,0.004533529281616211,ItalyPowerDemand,ACF&PACF: p=0 q=0.1,0.1,DictRsast,ACF&PACF
4,0.8940719144800777,0.04213309288024902,0.0075566768646240234,0.02515244483947754,0.0047664642333984375,0.004024028778076172,ItalyPowerDemand,ACF&PACF: p=0.1 q=0.1,0.1,Rsastmf,ACF&PACF
5,0.9300291545189504,0.04348444938659668,0.00743556022644043,0.025523662567138672,0.006502866744995117,0.0034570693969726562,ItalyPowerDemand,ACF&PACF: p=0.1 q=0.1,0.1,DictRsast,ACF&PACF
