,accuracy,time,cweights_time,fsubsequence_time,tdataset_time,tclassifier_time,dataset_name,classifier_name,range_q,method,len_method
0,0.521875,1.9714508056640625,0.08831214904785156,1.6699578762054443,0.11957025527954102,0.09249687194824219,ChlorineConcentration,ACF&PACF: p=0 q=0,0,Rsastmf,ACF&PACF
1,0.6403645833333333,2.0912728309631348,0.08603882789611816,1.7928180694580078,0.1233205795288086,0.08786559104919434,ChlorineConcentration,ACF&PACF: p=0 q=0,0,DictRsast,ACF&PACF
2,0.49661458333333336,1.9724736213684082,0.0882112979888916,1.669684648513794,0.11800241470336914,0.09550309181213379,ChlorineConcentration,ACF&PACF: p=0 q=0.1,0.1,Rsastmf,ACF&PACF
3,0.6997395833333333,2.0474088191986084,0.08809089660644531,1.7398388385772705,0.12810277938842773,0.09036040306091309,ChlorineConcentration,ACF&PACF: p=0 q=0.1,0.1,DictRsast,ACF&PACF
4,0.5026041666666666,2.0318264961242676,0.08829379081726074,1.7288799285888672,0.12807536125183105,0.08556151390075684,ChlorineConcentration,ACF&PACF: p=0.1 q=0.1,0.1,Rsastmf,ACF&PACF
5,0.6346354166666667,2.0406672954559326,0.09007740020751953,1.7112176418304443,0.13173627853393555,0.10646462440490723,ChlorineConcentration,ACF&PACF: p=0.1 q=0.1,0.1,DictRsast,ACF&PACF
