,accuracy,time,cweights_time,fsubsequence_time,tdataset_time,tclassifier_time,dataset_name,classifier_name,range_q,method,len_method
0,0.55,1.4100415706634521,0.07381510734558105,1.0763323307037354,0.13894414901733398,0.11899971961975098,MedicalImages,ACF&PACF: p=0 q=0,0,Rsastmf,ACF&PACF
1,0.5328947368421053,1.4296152591705322,0.06689667701721191,1.0717308521270752,0.1598644256591797,0.12959814071655273,MedicalImages,ACF&PACF: p=0 q=0,0,DictRsast,ACF&PACF
2,0.5447368421052632,1.409045934677124,0.0673825740814209,1.0596623420715332,0.15431475639343262,0.12598276138305664,MedicalImages,ACF&PACF: p=0 q=0.1,0.1,Rsastmf,ACF&PACF
3,0.5605263157894737,1.1522088050842285,0.05472135543823242,0.8203704357147217,0.16466808319091797,0.11104869842529297,MedicalImages,ACF&PACF: p=0 q=0.1,0.1,DictRsast,ACF&PACF
4,0.5473684210526316,1.1506075859069824,0.06803154945373535,0.813514232635498,0.16285085678100586,0.10439038276672363,MedicalImages,ACF&PACF: p=0.1 q=0.1,0.1,Rsastmf,ACF&PACF
5,0.5605263157894737,1.4453730583190918,0.06772470474243164,1.0859856605529785,0.1599724292755127,0.12995052337646484,MedicalImages,ACF&PACF: p=0.1 q=0.1,0.1,DictRsast,ACF&PACF
