,accuracy,time,cweights_time,fsubsequence_time,tdataset_time,tclassifier_time,dataset_name,classifier_name,range_q,method,len_method
0,0.8695555555555555,1.672778844833374,0.08959126472473145,1.3268074989318848,0.16119170188903809,0.09351825714111328,ECG5000,ACF&PACF: p=0 q=0,0,Rsastmf,ACF&PACF
1,0.832,1.5463080406188965,0.06385588645935059,1.1919288635253906,0.17901206016540527,0.11017274856567383,ECG5000,ACF&PACF: p=0 q=0,0,DictRsast,ACF&PACF
2,0.8695555555555555,1.7455873489379883,0.08552742004394531,1.3896925449371338,0.17192578315734863,0.09683346748352051,ECG5000,ACF&PACF: p=0 q=0.1,0.1,Rsastmf,ACF&PACF
3,0.894,1.7202820777893066,0.08647036552429199,1.3294744491577148,0.18418478965759277,0.11839771270751953,ECG5000,ACF&PACF: p=0 q=0.1,0.1,DictRsast,ACF&PACF
4,0.8935555555555555,1.609196662902832,0.07736015319824219,1.2242789268493652,0.17232537269592285,0.1335899829864502,ECG5000,ACF&PACF: p=0.1 q=0.1,0.1,Rsastmf,ACF&PACF
5,0.8546666666666667,1.675065040588379,0.0969233512878418,1.2778527736663818,0.1857743263244629,0.11283302307128906,ECG5000,ACF&PACF: p=0.1 q=0.1,0.1,DictRsast,ACF&PACF
