,accuracy,time,cweights_time,fsubsequence_time,tdataset_time,tclassifier_time,dataset_name,classifier_name,range_q,method,len_method
0,0.88,14.227092027664185,0.07211017608642578,13.84790849685669,0.2567615509033203,0.04511070251464844,Trace,ACF&PACF: p=0 q=0,0,Rsastmf,ACF&PACF
1,1.0,16.23049020767212,0.11789393424987793,15.800184965133667,0.26336216926574707,0.04294633865356445,Trace,ACF&PACF: p=0 q=0,0,DictRsast,ACF&PACF
2,0.88,15.607717037200928,0.0830991268157959,15.180949687957764,0.29604077339172363,0.04354977607727051,Trace,ACF&PACF: p=0 q=0.1,0.1,Rsastmf,ACF&PACF
3,1.0,14.623100519180298,0.09856605529785156,14.196692705154419,0.28774595260620117,0.03659701347351074,Trace,ACF&PACF: p=0 q=0.1,0.1,DictRsast,ACF&PACF
4,0.87,16.371305465698242,0.11976361274719238,15.945817470550537,0.2647113800048828,0.037351369857788086,Trace,ACF&PACF: p=0.1 q=0.1,0.1,Rsastmf,ACF&PACF
5,1.0,14.69550108909607,0.07319927215576172,14.299519538879395,0.27988529205322266,0.0396881103515625,Trace,ACF&PACF: p=0.1 q=0.1,0.1,DictRsast,ACF&PACF
