,accuracy,time,cweights_time,fsubsequence_time,tdataset_time,tclassifier_time,dataset_name,classifier_name,range_q,method,len_method
0,0.538961038961039,0.7838873863220215,0.04369854927062988,0.4678518772125244,0.13637018203735352,0.13356375694274902,MiddlePhalanxTW,ACF&PACF: p=0 q=0,0,Rsastmf,ACF&PACF
1,0.5844155844155844,0.6221141815185547,0.04326605796813965,0.36164355278015137,0.12482929229736328,0.09061002731323242,MiddlePhalanxTW,ACF&PACF: p=0 q=0,0,DictRsast,ACF&PACF
2,0.5324675324675324,0.6515190601348877,0.04317784309387207,0.36040163040161133,0.12904787063598633,0.11550450325012207,MiddlePhalanxTW,ACF&PACF: p=0 q=0.1,0.1,Rsastmf,ACF&PACF
3,0.5194805194805194,0.7625558376312256,0.04712104797363281,0.479433536529541,0.12834596633911133,0.10556221008300781,MiddlePhalanxTW,ACF&PACF: p=0 q=0.1,0.1,DictRsast,ACF&PACF
4,0.525974025974026,0.6465873718261719,0.04418063163757324,0.360154390335083,0.12711334228515625,0.1120603084564209,MiddlePhalanxTW,ACF&PACF: p=0.1 q=0.1,0.1,Rsastmf,ACF&PACF
5,0.538961038961039,0.6245107650756836,0.04272961616516113,0.36037516593933105,0.12860512733459473,0.09091567993164062,MiddlePhalanxTW,ACF&PACF: p=0.1 q=0.1,0.1,DictRsast,ACF&PACF
