,accuracy,time,cweights_time,fsubsequence_time,tdataset_time,tclassifier_time,dataset_name,classifier_name,range_q,method,len_method
0,0.8491765011023213,8.18267273902893,0.20870041847229004,0.5527043342590332,2.0318779945373535,5.385174989700317,ElectricDevices,ACF&PACF: p=0 q=0,0,Rsastmf,ACF&PACF
1,0.848139022176112,6.356674671173096,0.17923235893249512,0.46750307083129883,1.8540208339691162,3.8532841205596924,ElectricDevices,ACF&PACF: p=0 q=0,0,DictRsast,ACF&PACF
2,0.8328362080145247,7.358712911605835,0.15047216415405273,0.4290318489074707,1.897874355316162,4.8784074783325195,ElectricDevices,ACF&PACF: p=0 q=0.1,0.1,Rsastmf,ACF&PACF
3,0.8028790040202308,6.787074089050293,0.14956974983215332,0.4067115783691406,1.7090044021606445,4.518926382064819,ElectricDevices,ACF&PACF: p=0 q=0.1,0.1,DictRsast,ACF&PACF
4,0.8489171313707691,7.983751535415649,0.15410971641540527,0.41719508171081543,1.9933152198791504,5.416140079498291,ElectricDevices,ACF&PACF: p=0.1 q=0.1,0.1,Rsastmf,ACF&PACF
5,0.7787576189858644,8.224716424942017,0.2142505645751953,0.6140823364257812,2.0307133197784424,5.36262845993042,ElectricDevices,ACF&PACF: p=0.1 q=0.1,0.1,DictRsast,ACF&PACF
