,accuracy,time,cweights_time,fsubsequence_time,tdataset_time,tclassifier_time,dataset_name,classifier_name,range_q,method,len_method
0,0.9192982456140351,8.017985343933105,0.12649250030517578,7.655220985412598,0.20204854011535645,0.03186964988708496,FreezerRegularTrain,ACF&PACF: p=0 q=0,0,Rsastmf,ACF&PACF
1,0.7866666666666666,7.952889442443848,0.12246942520141602,7.585474014282227,0.21115541458129883,0.029465913772583008,FreezerRegularTrain,ACF&PACF: p=0 q=0,0,DictRsast,ACF&PACF
2,0.9235087719298246,11.02755618095398,0.10891175270080566,10.680385828018188,0.20486688613891602,0.027604103088378906,FreezerRegularTrain,ACF&PACF: p=0 q=0.1,0.1,Rsastmf,ACF&PACF
3,0.8792982456140351,7.652163505554199,0.08165979385375977,7.337273359298706,0.2054157257080078,0.026421070098876953,FreezerRegularTrain,ACF&PACF: p=0 q=0.1,0.1,DictRsast,ACF&PACF
4,0.9003508771929825,7.772394895553589,0.09431052207946777,7.393811941146851,0.2552945613861084,0.02729010581970215,FreezerRegularTrain,ACF&PACF: p=0.1 q=0.1,0.1,Rsastmf,ACF&PACF
5,0.9526315789473684,14.167117595672607,0.13141083717346191,13.747430086135864,0.25751614570617676,0.02886819839477539,FreezerRegularTrain,ACF&PACF: p=0.1 q=0.1,0.1,DictRsast,ACF&PACF
