,accuracy,time,cweights_time,fsubsequence_time,tdataset_time,tclassifier_time,dataset_name,classifier_name,range_q,method,len_method
0,0.7666666666666667,96.30218076705933,0.14643096923828125,95.95319294929504,0.17872047424316406,0.019290447235107422,OliveOil,ACF&PACF: p=0 q=0,0,Rsastmf,ACF&PACF
1,0.7666666666666667,89.16384506225586,0.20685267448425293,88.76058411598206,0.17774438858032227,0.012279033660888672,OliveOil,ACF&PACF: p=0 q=0,0,DictRsast,ACF&PACF
2,0.6666666666666666,85.70336127281189,0.1760718822479248,85.31871008872986,0.18589115142822266,0.012812376022338867,OliveOil,ACF&PACF: p=0 q=0.1,0.1,Rsastmf,ACF&PACF
3,0.8333333333333334,86.29245376586914,0.24507522583007812,85.85572385787964,0.17719340324401855,0.010809183120727539,OliveOil,ACF&PACF: p=0 q=0.1,0.1,DictRsast,ACF&PACF
4,0.7666666666666667,106.04615950584412,0.14654779434204102,105.70155143737793,0.1779797077178955,0.014560699462890625,OliveOil,ACF&PACF: p=0.1 q=0.1,0.1,Rsastmf,ACF&PACF
5,0.9333333333333333,140.43380069732666,0.14680814743041992,140.0874035358429,0.18073153495788574,0.013771295547485352,OliveOil,ACF&PACF: p=0.1 q=0.1,0.1,DictRsast,ACF&PACF
