,accuracy,time,cweights_time,fsubsequence_time,tdataset_time,tclassifier_time,dataset_name,classifier_name,range_q,method,len_method
0,0.888,1.6466925144195557,0.0850067138671875,1.2693123817443848,0.17602992057800293,0.11512422561645508,ECG5000,ACF&PACF: p=0 q=0,0,Rsastmf,ACF&PACF
1,0.8544444444444445,1.7724685668945312,0.08461141586303711,1.3818528652191162,0.17456364631652832,0.13019394874572754,ECG5000,ACF&PACF: p=0 q=0,0,DictRsast,ACF&PACF
2,0.8875555555555555,1.7043495178222656,0.08444738388061523,1.3117871284484863,0.17899394035339355,0.1278080940246582,ECG5000,ACF&PACF: p=0 q=0.1,0.1,Rsastmf,ACF&PACF
3,0.8991111111111111,1.760636568069458,0.0848386287689209,1.3524925708770752,0.19320988655090332,0.128892183303833,ECG5000,ACF&PACF: p=0 q=0.1,0.1,DictRsast,ACF&PACF
4,0.88,1.679399013519287,0.08395004272460938,1.3113300800323486,0.1840076446533203,0.0988624095916748,ECG5000,ACF&PACF: p=0.1 q=0.1,0.1,Rsastmf,ACF&PACF
5,0.88,1.669121503829956,0.08474254608154297,1.2969975471496582,0.18966031074523926,0.09646224975585938,ECG5000,ACF&PACF: p=0.1 q=0.1,0.1,DictRsast,ACF&PACF
