,accuracy,time,cweights_time,fsubsequence_time,tdataset_time,tclassifier_time,dataset_name,classifier_name,range_q,method,len_method
0,0.6118881118881119,0.36315226554870605,0.03957796096801758,0.09134888648986816,0.1538834571838379,0.07745146751403809,PhalangesOutlinesCorrect,ACF&PACF: p=0 q=0,0,Rsastmf,ACF&PACF
1,0.682983682983683,0.9432802200317383,0.04795646667480469,0.15050363540649414,0.162703275680542,0.5811617374420166,PhalangesOutlinesCorrect,ACF&PACF: p=0 q=0,0,DictRsast,ACF&PACF
2,0.585081585081585,0.4510679244995117,0.048584938049316406,0.14991497993469238,0.1708965301513672,0.08072829246520996,PhalangesOutlinesCorrect,ACF&PACF: p=0 q=0.1,0.1,Rsastmf,ACF&PACF
3,0.6993006993006993,0.9249818325042725,0.05199933052062988,0.12150216102600098,0.1702561378479004,0.5802512168884277,PhalangesOutlinesCorrect,ACF&PACF: p=0 q=0.1,0.1,DictRsast,ACF&PACF
4,0.583916083916084,0.3874931335449219,0.039551496505737305,0.11101984977722168,0.16565871238708496,0.0704197883605957,PhalangesOutlinesCorrect,ACF&PACF: p=0.1 q=0.1,0.1,Rsastmf,ACF&PACF
5,0.6899766899766899,1.0073881149291992,0.04826068878173828,0.11863541603088379,0.16823697090148926,0.6713566780090332,PhalangesOutlinesCorrect,ACF&PACF: p=0.1 q=0.1,0.1,DictRsast,ACF&PACF
