,accuracy,time,cweights_time,fsubsequence_time,tdataset_time,tclassifier_time,dataset_name,classifier_name,range_q,method,len_method
0,0.8588486140724947,1260.0719118118286,0.6427812576293945,1257.5263838768005,1.8462305068969727,0.04852557182312012,Mallat,ACF&PACF: p=0 q=0,0,Rsastmf,ACF&PACF
1,0.9100213219616204,1497.9660584926605,0.6515002250671387,1495.4657032489777,1.7720296382904053,0.058603763580322266,Mallat,ACF&PACF: p=0 q=0,0,DictRsast,ACF&PACF
2,0.8686567164179104,1449.366547346115,0.42904233932495117,1447.1372213363647,1.7458622455596924,0.04472184181213379,Mallat,ACF&PACF: p=0 q=0.1,0.1,Rsastmf,ACF&PACF
3,0.9010660980810234,1352.800922870636,0.6481113433837891,1350.4230234622955,1.6769495010375977,0.04173445701599121,Mallat,ACF&PACF: p=0 q=0.1,0.1,DictRsast,ACF&PACF
4,0.8626865671641791,1501.59237074852,0.6431629657745361,1499.1817541122437,1.6974618434906006,0.06249880790710449,Mallat,ACF&PACF: p=0.1 q=0.1,0.1,Rsastmf,ACF&PACF
5,0.7833688699360342,1419.1914200782776,0.653156042098999,1416.5130698680878,1.954845666885376,0.05659890174865723,Mallat,ACF&PACF: p=0.1 q=0.1,0.1,DictRsast,ACF&PACF
