,accuracy,time,cweights_time,fsubsequence_time,tdataset_time,tclassifier_time,dataset_name,classifier_name,range_q,method,len_method
0,0.8309037900874635,0.03751540184020996,0.007399320602416992,0.021614789962768555,0.005952358245849609,0.0020999908447265625,Chinatown,ACF&PACF: p=0 q=0,0,Rsastmf,ACF&PACF
1,0.9650145772594753,0.03683829307556152,0.007170200347900391,0.021356821060180664,0.0058481693267822266,0.002038240432739258,Chinatown,ACF&PACF: p=0 q=0,0,DictRsast,ACF&PACF
2,0.8717201166180758,0.03864860534667969,0.007241725921630859,0.02150130271911621,0.007256269454956055,0.0022139549255371094,Chinatown,ACF&PACF: p=0 q=0.1,0.1,Rsastmf,ACF&PACF
3,0.9504373177842566,0.03702878952026367,0.007285356521606445,0.02153325080871582,0.0058248043060302734,0.001990795135498047,Chinatown,ACF&PACF: p=0 q=0.1,0.1,DictRsast,ACF&PACF
4,0.8658892128279884,0.03888988494873047,0.007534980773925781,0.022200345993041992,0.00591731071472168,0.002537965774536133,Chinatown,ACF&PACF: p=0.1 q=0.1,0.1,Rsastmf,ACF&PACF
5,0.9504373177842566,0.03745579719543457,0.007166385650634766,0.021734237670898438,0.005916118621826172,0.002114534378051758,Chinatown,ACF&PACF: p=0.1 q=0.1,0.1,DictRsast,ACF&PACF
