,accuracy,time,cweights_time,fsubsequence_time,tdataset_time,tclassifier_time,dataset_name,classifier_name,range_q,method,len_method
0,0.5266666666666666,3742.215124607086,0.8138313293457031,3691.7503595352173,48.01170492172241,1.625138282775879,SemgHandSubjectCh2,ACF&PACF: p=0 q=0,0,Rsastmf,ACF&PACF
1,0.7777777777777778,4018.263491153717,1.7598423957824707,3967.5593359470367,47.18826699256897,1.7370810508728027,SemgHandSubjectCh2,ACF&PACF: p=0 q=0,0,DictRsast,ACF&PACF
2,0.5511111111111111,3494.3503482341766,1.7605502605438232,3431.788054227829,59.138752460479736,1.6497650146484375,SemgHandSubjectCh2,ACF&PACF: p=0 q=0.1,0.1,Rsastmf,ACF&PACF
3,0.8577777777777778,3485.262968301773,1.7508213520050049,3424.8641226291656,56.89711666107178,1.7362706661224365,SemgHandSubjectCh2,ACF&PACF: p=0 q=0.1,0.1,DictRsast,ACF&PACF
4,0.54,3358.4134678840637,1.5533857345581055,3294.350999355316,60.80945062637329,1.6863694190979004,SemgHandSubjectCh2,ACF&PACF: p=0.1 q=0.1,0.1,Rsastmf,ACF&PACF
5,0.8955555555555555,3091.8420448303223,1.7551591396331787,3036.7687759399414,51.77211141586304,1.531693696975708,SemgHandSubjectCh2,ACF&PACF: p=0.1 q=0.1,0.1,DictRsast,ACF&PACF
