,accuracy,time,cweights_time,fsubsequence_time,tdataset_time,tclassifier_time,dataset_name,classifier_name,range_q,method,len_method
0,0.8408247422680413,1221.7614874839783,0.6053407192230225,1215.3849003314972,5.632936954498291,0.1283707618713379,MixedShapesSmallTrain,ACF&PACF: p=0 q=0,0,Rsastmf,ACF&PACF
1,0.8230927835051547,1541.087494134903,0.6042680740356445,1534.7118418216705,5.632014274597168,0.1289081573486328,MixedShapesSmallTrain,ACF&PACF: p=0 q=0,0,DictRsast,ACF&PACF
2,0.843298969072165,1551.3408203125,0.6284000873565674,1544.3635976314545,6.211212873458862,0.12597203254699707,MixedShapesSmallTrain,ACF&PACF: p=0 q=0.1,0.1,Rsastmf,ACF&PACF
3,0.8746391752577319,1547.329528093338,0.6046552658081055,1541.1202998161316,5.469776153564453,0.12647676467895508,MixedShapesSmallTrain,ACF&PACF: p=0 q=0.1,0.1,DictRsast,ACF&PACF
4,0.8445360824742268,1134.6318719387054,0.5952451229095459,1128.6279888153076,5.261754751205444,0.13883209228515625,MixedShapesSmallTrain,ACF&PACF: p=0.1 q=0.1,0.1,Rsastmf,ACF&PACF
5,0.84,1498.9410054683685,0.6078653335571289,1492.6507141590118,5.5374555587768555,0.13669323921203613,MixedShapesSmallTrain,ACF&PACF: p=0.1 q=0.1,0.1,DictRsast,ACF&PACF
