,accuracy,time,cweights_time,fsubsequence_time,tdataset_time,tclassifier_time,dataset_name,classifier_name,range_q,method,len_method
0,0.717391304347826,8.820952653884888,0.07551026344299316,8.702804803848267,0.03521466255187988,0.005059719085693359,DodgerLoopWeekend,ACF&PACF: p=0 q=0,0,Rsastmf,ACF&PACF
1,0.7101449275362319,5.690947532653809,0.07612109184265137,5.576074123382568,0.03242182731628418,0.004476785659790039,DodgerLoopWeekend,ACF&PACF: p=0 q=0,0,DictRsast,ACF&PACF
2,0.7028985507246377,5.250613689422607,0.07561349868774414,5.130370855331421,0.03707766532897949,0.005446910858154297,DodgerLoopWeekend,ACF&PACF: p=0 q=0.1,0.1,Rsastmf,ACF&PACF
3,0.7753623188405797,6.653886795043945,0.07860517501831055,6.530003309249878,0.03719329833984375,0.0061075687408447266,DodgerLoopWeekend,ACF&PACF: p=0 q=0.1,0.1,DictRsast,ACF&PACF
4,0.7101449275362319,7.365424394607544,0.07568788528442383,7.245753765106201,0.03774452209472656,0.004179477691650391,DodgerLoopWeekend,ACF&PACF: p=0.1 q=0.1,0.1,Rsastmf,ACF&PACF
5,0.8768115942028986,8.607087135314941,0.06259822845458984,8.498841285705566,0.038446903228759766,0.005041837692260742,DodgerLoopWeekend,ACF&PACF: p=0.1 q=0.1,0.1,DictRsast,ACF&PACF
