,accuracy,time,cweights_time,fsubsequence_time,tdataset_time,tclassifier_time,dataset_name,classifier_name,range_q,method,len_method
0,0.9666666666666667,79.86882138252258,0.10852599143981934,79.45812320709229,0.2761070728302002,0.02085733413696289,Meat,ACF&PACF: p=0 q=0,0,Rsastmf,ACF&PACF
1,0.9833333333333333,57.85733890533447,0.1140296459197998,57.46527314186096,0.2526082992553711,0.022594451904296875,Meat,ACF&PACF: p=0 q=0,0,DictRsast,ACF&PACF
2,0.9666666666666667,64.95413827896118,0.10916352272033691,64.5098807811737,0.31328916549682617,0.019056320190429688,Meat,ACF&PACF: p=0 q=0.1,0.1,Rsastmf,ACF&PACF
3,0.9666666666666667,74.98918032646179,0.10806465148925781,74.58406400680542,0.27270078659057617,0.021631479263305664,Meat,ACF&PACF: p=0 q=0.1,0.1,DictRsast,ACF&PACF
4,0.9833333333333333,59.7201783657074,0.14729022979736328,59.25702261924744,0.28783679008483887,0.025078296661376953,Meat,ACF&PACF: p=0.1 q=0.1,0.1,Rsastmf,ACF&PACF
5,0.9833333333333333,62.137717723846436,0.1458115577697754,61.69627261161804,0.2706291675567627,0.022234201431274414,Meat,ACF&PACF: p=0.1 q=0.1,0.1,DictRsast,ACF&PACF
