,accuracy,time,cweights_time,fsubsequence_time,tdataset_time,tclassifier_time,dataset_name,classifier_name,range_q,method,len_method
0,0.10576923076923077,14438.906870365143,3.099302053451538,14380.941097259521,54.35344052314758,0.48368406295776367,PigCVP,ACF&PACF: p=0 q=0,0,Rsastmf,ACF&PACF
1,0.8173076923076923,14141.356296539307,3.097382068634033,14083.496266841888,54.24292182922363,0.4884815216064453,PigCVP,ACF&PACF: p=0 q=0,0,DictRsast,ACF&PACF
2,0.11057692307692307,14433.53162574768,3.1274518966674805,14375.670218467712,54.2211275100708,0.4799036979675293,PigCVP,ACF&PACF: p=0 q=0.1,0.1,Rsastmf,ACF&PACF
3,0.8076923076923077,14684.320247411728,3.10497784614563,14626.821431875229,53.87004089355469,0.4878361225128174,PigCVP,ACF&PACF: p=0 q=0.1,0.1,DictRsast,ACF&PACF
4,0.10576923076923077,13231.504165410995,3.1186254024505615,13174.63354086876,53.225295543670654,0.4959986209869385,PigCVP,ACF&PACF: p=0.1 q=0.1,0.1,Rsastmf,ACF&PACF
5,0.8221153846153846,15169.287546396255,3.108508825302124,15110.344932556152,55.32048416137695,0.4880082607269287,PigCVP,ACF&PACF: p=0.1 q=0.1,0.1,DictRsast,ACF&PACF
