,accuracy,time,cweights_time,fsubsequence_time,tdataset_time,tclassifier_time,dataset_name,classifier_name,range_q,method,len_method
0,0.5360824742268041,0.34761857986450195,0.03889608383178711,0.12254881858825684,0.06593012809753418,0.11886882781982422,MiddlePhalanxOutlineCorrect,ACF&PACF: p=0 q=0,0,Rsastmf,ACF&PACF
1,0.6563573883161512,0.3479444980621338,0.034552574157714844,0.12282919883728027,0.07508516311645508,0.11425971984863281,MiddlePhalanxOutlineCorrect,ACF&PACF: p=0 q=0,0,DictRsast,ACF&PACF
2,0.5738831615120275,0.3563680648803711,0.045491695404052734,0.12698650360107422,0.06601643562316895,0.1160740852355957,MiddlePhalanxOutlineCorrect,ACF&PACF: p=0 q=0.1,0.1,Rsastmf,ACF&PACF
3,0.711340206185567,0.3286266326904297,0.030815839767456055,0.12113809585571289,0.06497430801391602,0.11070370674133301,MiddlePhalanxOutlineCorrect,ACF&PACF: p=0 q=0.1,0.1,DictRsast,ACF&PACF
4,0.5051546391752577,0.34095072746276855,0.02957010269165039,0.12108445167541504,0.07430195808410645,0.11480569839477539,MiddlePhalanxOutlineCorrect,ACF&PACF: p=0.1 q=0.1,0.1,Rsastmf,ACF&PACF
5,0.6563573883161512,0.32181692123413086,0.030124425888061523,0.12095475196838379,0.06905245780944824,0.10040903091430664,MiddlePhalanxOutlineCorrect,ACF&PACF: p=0.1 q=0.1,0.1,DictRsast,ACF&PACF
