,accuracy,time,cweights_time,fsubsequence_time,tdataset_time,tclassifier_time,dataset_name,classifier_name,range_q,method,len_method
0,0.5966666666666667,0.735647439956665,0.040486812591552734,0.6663517951965332,0.02145099639892578,0.0060040950775146484,CBF,ACF&PACF: p=0 q=0,0,Rsastmf,ACF&PACF
1,0.6866666666666666,0.746985912322998,0.051845550537109375,0.6644606590270996,0.021926403045654297,0.007099151611328125,CBF,ACF&PACF: p=0 q=0,0,DictRsast,ACF&PACF
2,0.5866666666666667,0.9209823608398438,0.04903244972229004,0.8421125411987305,0.022416114807128906,0.005911827087402344,CBF,ACF&PACF: p=0 q=0.1,0.1,Rsastmf,ACF&PACF
3,0.7366666666666667,0.7987525463104248,0.049651145935058594,0.7205133438110352,0.022930383682250977,0.004178762435913086,CBF,ACF&PACF: p=0 q=0.1,0.1,DictRsast,ACF&PACF
4,0.6,0.5578553676605225,0.030703067779541016,0.4971892833709717,0.020705223083496094,0.008046388626098633,CBF,ACF&PACF: p=0.1 q=0.1,0.1,Rsastmf,ACF&PACF
5,0.6711111111111111,0.5568146705627441,0.03153681755065918,0.4993462562561035,0.020967483520507812,0.0039844512939453125,CBF,ACF&PACF: p=0.1 q=0.1,0.1,DictRsast,ACF&PACF
