,accuracy,time,cweights_time,fsubsequence_time,tdataset_time,tclassifier_time,dataset_name,classifier_name,range_q,method,len_method
0,0.9833333333333333,61.234862089157104,0.10866761207580566,60.835163593292236,0.2686021327972412,0.019642114639282227,Meat,ACF&PACF: p=0 q=0,0,Rsastmf,ACF&PACF
1,1.0,50.14392638206482,0.14639782905578613,49.7186005115509,0.25319385528564453,0.022924423217773438,Meat,ACF&PACF: p=0 q=0,0,DictRsast,ACF&PACF
2,0.9666666666666667,44.30135893821716,0.1489582061767578,43.85683536529541,0.27153706550598145,0.019636154174804688,Meat,ACF&PACF: p=0 q=0.1,0.1,Rsastmf,ACF&PACF
3,0.9833333333333333,67.10231924057007,0.11101698875427246,66.66552996635437,0.2953157424926758,0.02659463882446289,Meat,ACF&PACF: p=0 q=0.1,0.1,DictRsast,ACF&PACF
4,1.0,78.09337401390076,0.11124420166015625,77.68786525726318,0.2604250907897949,0.030745983123779297,Meat,ACF&PACF: p=0.1 q=0.1,0.1,Rsastmf,ACF&PACF
5,0.9833333333333333,55.828253746032715,0.10956668853759766,55.42207098007202,0.27271413803100586,0.02089977264404297,Meat,ACF&PACF: p=0.1 q=0.1,0.1,DictRsast,ACF&PACF
