,accuracy,time,cweights_time,fsubsequence_time,tdataset_time,tclassifier_time,dataset_name,classifier_name,range_q,method,len_method
0,0.8037974683544303,0.6628191471099854,0.04264354705810547,0.5203347206115723,0.07653999328613281,0.021258831024169922,GunPointAgeSpan,ACF&PACF: p=0 q=0,0,Rsastmf,ACF&PACF
1,0.7943037974683544,0.6317315101623535,0.05774497985839844,0.4735555648803711,0.07328081130981445,0.024813413619995117,GunPointAgeSpan,ACF&PACF: p=0 q=0,0,DictRsast,ACF&PACF
2,0.7974683544303798,0.6438291072845459,0.05759739875793457,0.48323631286621094,0.08131790161132812,0.02024078369140625,GunPointAgeSpan,ACF&PACF: p=0 q=0.1,0.1,Rsastmf,ACF&PACF
3,0.8924050632911392,0.6432995796203613,0.05807352066040039,0.4800131320953369,0.08000802993774414,0.023952722549438477,GunPointAgeSpan,ACF&PACF: p=0 q=0.1,0.1,DictRsast,ACF&PACF
4,0.7974683544303798,0.6488769054412842,0.05792069435119629,0.4833037853240967,0.08154416084289551,0.024760723114013672,GunPointAgeSpan,ACF&PACF: p=0.1 q=0.1,0.1,Rsastmf,ACF&PACF
5,0.939873417721519,0.9903888702392578,0.05734729766845703,0.814507246017456,0.09502649307250977,0.022164106369018555,GunPointAgeSpan,ACF&PACF: p=0.1 q=0.1,0.1,DictRsast,ACF&PACF
