,accuracy,time,cweights_time,fsubsequence_time,tdataset_time,tclassifier_time,dataset_name,classifier_name,range_q,method,len_method
0,0.5584415584415584,0.5811901092529297,0.03180336952209473,0.35271167755126953,0.1027364730834961,0.09149527549743652,MiddlePhalanxTW,ACF&PACF: p=0 q=0,0,Rsastmf,ACF&PACF
1,0.5714285714285714,0.7474205493927002,0.044315338134765625,0.4675917625427246,0.12133121490478516,0.10950565338134766,MiddlePhalanxTW,ACF&PACF: p=0 q=0,0,DictRsast,ACF&PACF
2,0.5324675324675324,0.69181227684021,0.04352259635925293,0.3631761074066162,0.13352704048156738,0.1492624282836914,MiddlePhalanxTW,ACF&PACF: p=0 q=0.1,0.1,Rsastmf,ACF&PACF
3,0.5584415584415584,0.6392598152160645,0.03847551345825195,0.35958433151245117,0.12402725219726562,0.11316752433776855,MiddlePhalanxTW,ACF&PACF: p=0 q=0.1,0.1,DictRsast,ACF&PACF
4,0.512987012987013,0.6436262130737305,0.04005002975463867,0.35855960845947266,0.1373610496520996,0.10414624214172363,MiddlePhalanxTW,ACF&PACF: p=0.1 q=0.1,0.1,Rsastmf,ACF&PACF
5,0.5454545454545454,0.6526353359222412,0.043329477310180664,0.3621535301208496,0.13489413261413574,0.1106865406036377,MiddlePhalanxTW,ACF&PACF: p=0.1 q=0.1,0.1,DictRsast,ACF&PACF
