,accuracy,time,cweights_time,fsubsequence_time,tdataset_time,tclassifier_time,dataset_name,classifier_name,range_q,method,len_method
0,0.764,185.30795884132385,0.41880345344543457,182.93265318870544,1.826120138168335,0.1273636817932129,Computers,ACF&PACF: p=0 q=0,0,Rsastmf,ACF&PACF
1,0.632,206.6460738182068,0.42582011222839355,203.62260103225708,2.4656054973602295,0.12857890129089355,Computers,ACF&PACF: p=0 q=0,0,DictRsast,ACF&PACF
2,0.704,208.03496980667114,0.39325881004333496,205.09522080421448,2.3957107067108154,0.1479489803314209,Computers,ACF&PACF: p=0 q=0.1,0.1,Rsastmf,ACF&PACF
3,0.664,198.55692887306213,0.4191572666168213,196.21762895584106,1.801919937133789,0.1155996322631836,Computers,ACF&PACF: p=0 q=0.1,0.1,DictRsast,ACF&PACF
4,0.688,183.31755709648132,0.4033200740814209,181.51613640785217,1.28505277633667,0.10915994644165039,Computers,ACF&PACF: p=0.1 q=0.1,0.1,Rsastmf,ACF&PACF
5,0.7,192.22584104537964,0.39106225967407227,189.544189453125,2.1740424633026123,0.11403203010559082,Computers,ACF&PACF: p=0.1 q=0.1,0.1,DictRsast,ACF&PACF
