,accuracy,time,cweights_time,fsubsequence_time,tdataset_time,tclassifier_time,dataset_name,classifier_name,range_q,method,len_method
0,0.5631578947368421,0.8607585430145264,0.04127955436706543,0.5665521621704102,0.14848113059997559,0.10197925567626953,MedicalImages,ACF&PACF: p=0 q=0,0,Rsastmf,ACF&PACF
1,0.5618421052631579,1.4371068477630615,0.06721735000610352,1.0884628295898438,0.16229963302612305,0.11610889434814453,MedicalImages,ACF&PACF: p=0 q=0,0,DictRsast,ACF&PACF
2,0.5644736842105263,1.1222059726715088,0.06783294677734375,0.7595992088317871,0.16707158088684082,0.1260991096496582,MedicalImages,ACF&PACF: p=0 q=0.1,0.1,Rsastmf,ACF&PACF
3,0.5710526315789474,1.1389050483703613,0.05494379997253418,0.8153131008148193,0.15978598594665527,0.10738563537597656,MedicalImages,ACF&PACF: p=0 q=0.1,0.1,DictRsast,ACF&PACF
4,0.5631578947368421,1.1281065940856934,0.055571794509887695,0.8038489818572998,0.15549373626708984,0.11167716979980469,MedicalImages,ACF&PACF: p=0.1 q=0.1,0.1,Rsastmf,ACF&PACF
5,0.5894736842105263,1.4706552028656006,0.06905674934387207,1.0872266292572021,0.18950629234313965,0.1233971118927002,MedicalImages,ACF&PACF: p=0.1 q=0.1,0.1,DictRsast,ACF&PACF
