,accuracy,time,cweights_time,fsubsequence_time,tdataset_time,tclassifier_time,dataset_name,classifier_name,range_q,method,len_method
0,0.9335443037974683,0.7868127822875977,0.04640388488769531,0.6388406753540039,0.07575726509094238,0.024618148803710938,GunPointMaleVersusFemale,ACF&PACF: p=0 q=0,0,Rsastmf,ACF&PACF
1,0.7974683544303798,0.9698147773742676,0.05655980110168457,0.810142993927002,0.07912826538085938,0.022706270217895508,GunPointMaleVersusFemale,ACF&PACF: p=0 q=0,0,DictRsast,ACF&PACF
2,0.9335443037974683,0.7784862518310547,0.046314239501953125,0.6326751708984375,0.07513213157653809,0.023177146911621094,GunPointMaleVersusFemale,ACF&PACF: p=0 q=0.1,0.1,Rsastmf,ACF&PACF
3,0.9177215189873418,0.7882421016693115,0.04681253433227539,0.634929895401001,0.08040046691894531,0.024947643280029297,GunPointMaleVersusFemale,ACF&PACF: p=0 q=0.1,0.1,DictRsast,ACF&PACF
4,0.9335443037974683,0.7240879535675049,0.04680323600769043,0.5636007785797119,0.08414435386657715,0.02834630012512207,GunPointMaleVersusFemale,ACF&PACF: p=0.1 q=0.1,0.1,Rsastmf,ACF&PACF
5,0.9272151898734177,0.7887673377990723,0.04665565490722656,0.6311719417572021,0.08091473579406738,0.02888011932373047,GunPointMaleVersusFemale,ACF&PACF: p=0.1 q=0.1,0.1,DictRsast,ACF&PACF
