,accuracy,time,cweights_time,fsubsequence_time,tdataset_time,tclassifier_time,dataset_name,classifier_name,range_q,method,len_method
0,0.4318181818181818,1551.1503570079803,0.6832902431488037,1542.654946088791,7.51032567024231,0.2844681739807129,Haptics,ACF&PACF: p=0 q=0,0,Rsastmf,ACF&PACF
1,0.4707792207792208,1594.15269947052,0.6466965675354004,1585.9109253883362,7.302924156188965,0.2828793525695801,Haptics,ACF&PACF: p=0 q=0,0,DictRsast,ACF&PACF
2,0.42857142857142855,1653.863774061203,0.6952300071716309,1644.9559819698334,7.918487787246704,0.281383752822876,Haptics,ACF&PACF: p=0 q=0.1,0.1,Rsastmf,ACF&PACF
3,0.45454545454545453,1551.8487734794617,0.6952090263366699,1543.894791841507,6.9594035148620605,0.2858426570892334,Haptics,ACF&PACF: p=0 q=0.1,0.1,DictRsast,ACF&PACF
4,0.4155844155844156,1461.8523802757263,0.6955227851867676,1453.7584626674652,7.106446981430054,0.28116750717163086,Haptics,ACF&PACF: p=0.1 q=0.1,0.1,Rsastmf,ACF&PACF
5,0.4253246753246753,1673.0437588691711,0.697455644607544,1665.1116607189178,7.028074741363525,0.19620752334594727,Haptics,ACF&PACF: p=0.1 q=0.1,0.1,DictRsast,ACF&PACF
