,accuracy,time,cweights_time,fsubsequence_time,tdataset_time,tclassifier_time,dataset_name,classifier_name,range_q,method,len_method
0,0.4140145170295924,52.19078230857849,0.342268705368042,46.06926107406616,4.348432302474976,1.419419765472412,UWaveGestureLibraryX,ACF&PACF: p=0 q=0,0,Rsastmf,ACF&PACF
1,0.34394193188163036,61.32832145690918,0.3129425048828125,54.57888627052307,4.68920373916626,1.7392323017120361,UWaveGestureLibraryX,ACF&PACF: p=0 q=0,0,DictRsast,ACF&PACF
2,0.4276940256839754,62.85600996017456,0.3238844871520996,56.472384452819824,4.362627029418945,1.687267780303955,UWaveGestureLibraryX,ACF&PACF: p=0 q=0.1,0.1,Rsastmf,ACF&PACF
3,0.40871021775544386,53.407355070114136,0.3208897113800049,45.949671030044556,5.17031717300415,1.9548015594482422,UWaveGestureLibraryX,ACF&PACF: p=0 q=0.1,0.1,DictRsast,ACF&PACF
4,0.45784477945281965,65.83053636550903,0.29956674575805664,59.530858278274536,4.46909499168396,1.5226116180419922,UWaveGestureLibraryX,ACF&PACF: p=0.1 q=0.1,0.1,Rsastmf,ACF&PACF
5,0.4184812953657175,53.40766501426697,0.2994232177734375,46.276408672332764,4.894558906555176,1.9304709434509277,UWaveGestureLibraryX,ACF&PACF: p=0.1 q=0.1,0.1,DictRsast,ACF&PACF
