,accuracy,time,cweights_time,fsubsequence_time,tdataset_time,tclassifier_time,dataset_name,classifier_name,range_q,method,len_method
0,0.9068041237113402,1348.980301141739,0.5856826305389404,1322.1962568759918,24.92288112640381,1.2572903633117676,MixedShapesRegularTrain,ACF&PACF: p=0 q=0,0,Rsastmf,ACF&PACF
1,0.9175257731958762,1382.7946503162384,0.9719624519348145,1355.180089712143,25.35207748413086,1.2687838077545166,MixedShapesRegularTrain,ACF&PACF: p=0 q=0,0,DictRsast,ACF&PACF
2,0.8989690721649485,1414.6850504875183,0.960474967956543,1386.4921097755432,25.95779848098755,1.2658250331878662,MixedShapesRegularTrain,ACF&PACF: p=0 q=0.1,0.1,Rsastmf,ACF&PACF
3,0.9389690721649484,1408.581759929657,1.0800585746765137,1384.1359748840332,22.144256830215454,1.212465524673462,MixedShapesRegularTrain,ACF&PACF: p=0 q=0.1,0.1,DictRsast,ACF&PACF
4,0.9035051546391752,1442.9151711463928,0.9753036499023438,1415.7257928848267,24.984222888946533,1.219533920288086,MixedShapesRegularTrain,ACF&PACF: p=0.1 q=0.1,0.1,Rsastmf,ACF&PACF
5,0.9191752577319587,1124.3557348251343,1.0657422542572021,1100.4440383911133,21.645573377609253,1.1880073547363281,MixedShapesRegularTrain,ACF&PACF: p=0.1 q=0.1,0.1,DictRsast,ACF&PACF
