,accuracy,time,cweights_time,fsubsequence_time,tdataset_time,tclassifier_time,dataset_name,classifier_name,range_q,method,len_method
0,0.8739644970414201,3.47111439704895,0.1405029296875,2.6424660682678223,0.43044161796569824,0.25507616996765137,FaceAll,ACF&PACF: p=0 q=0,0,Rsastmf,ACF&PACF
1,0.9372781065088758,3.453969717025757,0.1261143684387207,2.7184271812438965,0.4071779251098633,0.20012688636779785,FaceAll,ACF&PACF: p=0 q=0,0,DictRsast,ACF&PACF
2,0.8680473372781065,3.7090673446655273,0.13872671127319336,2.932307720184326,0.4395771026611328,0.19594645500183105,FaceAll,ACF&PACF: p=0 q=0.1,0.1,Rsastmf,ACF&PACF
3,0.9633136094674556,3.5905981063842773,0.12686538696289062,2.8300302028656006,0.43593716621398926,0.19568252563476562,FaceAll,ACF&PACF: p=0 q=0.1,0.1,DictRsast,ACF&PACF
4,0.8982248520710059,4.144757270812988,0.12573504447937012,3.41208553314209,0.41164469718933105,0.1932532787322998,FaceAll,ACF&PACF: p=0.1 q=0.1,0.1,Rsastmf,ACF&PACF
5,0.9502958579881656,3.481393814086914,0.14658808708190918,2.597412347793579,0.4651012420654297,0.2697560787200928,FaceAll,ACF&PACF: p=0.1 q=0.1,0.1,DictRsast,ACF&PACF
