,accuracy,time,cweights_time,fsubsequence_time,tdataset_time,tclassifier_time,dataset_name,classifier_name,range_q,method,len_method
0,0.30407523510971785,73.15008902549744,0.18883275985717773,71.48261785507202,1.2220797538757324,0.24895501136779785,WordSynonyms,ACF&PACF: p=0 q=0,0,Rsastmf,ACF&PACF
1,0.18808777429467086,59.33053112030029,0.24230289459228516,57.23565316200256,1.5847163200378418,0.2597391605377197,WordSynonyms,ACF&PACF: p=0 q=0,0,DictRsast,ACF&PACF
2,0.30250783699059564,57.852349042892456,0.24538135528564453,55.97732615470886,1.3261768817901611,0.29448699951171875,WordSynonyms,ACF&PACF: p=0 q=0.1,0.1,Rsastmf,ACF&PACF
3,0.2711598746081505,71.63044929504395,0.3422086238861084,69.79390478134155,1.2383849620819092,0.2460479736328125,WordSynonyms,ACF&PACF: p=0 q=0.1,0.1,DictRsast,ACF&PACF
4,0.31191222570532917,75.23617267608643,0.2996680736541748,73.18906235694885,1.5314981937408447,0.21019434928894043,WordSynonyms,ACF&PACF: p=0.1 q=0.1,0.1,Rsastmf,ACF&PACF
5,0.2664576802507837,59.62014698982239,0.34036898612976074,57.73422074317932,1.3178315162658691,0.2222881317138672,WordSynonyms,ACF&PACF: p=0.1 q=0.1,0.1,DictRsast,ACF&PACF
