,accuracy,time,cweights_time,fsubsequence_time,tdataset_time,tclassifier_time,dataset_name,classifier_name,range_q,method,len_method
0,0.9066666666666666,0.5307905673980713,0.030161619186401367,0.4762129783630371,0.02006697654724121,0.003988504409790039,BME,ACF&PACF: p=0 q=0,0,Rsastmf,ACF&PACF
1,0.4866666666666667,0.7061944007873535,0.04568195343017578,0.6323757171630859,0.023024559020996094,0.00429844856262207,BME,ACF&PACF: p=0 q=0,0,DictRsast,ACF&PACF
2,0.94,0.7100725173950195,0.04901885986328125,0.6292762756347656,0.024003982543945312,0.0061588287353515625,BME,ACF&PACF: p=0 q=0.1,0.1,Rsastmf,ACF&PACF
3,0.6733333333333333,0.7151761054992676,0.04956221580505371,0.6329236030578613,0.02536630630493164,0.006173133850097656,BME,ACF&PACF: p=0 q=0.1,0.1,DictRsast,ACF&PACF
4,0.9133333333333333,0.7118189334869385,0.04906105995178223,0.6309695243835449,0.026533842086791992,0.004161357879638672,BME,ACF&PACF: p=0.1 q=0.1,0.1,Rsastmf,ACF&PACF
5,0.7,0.6992697715759277,0.04085707664489746,0.6256241798400879,0.026123046875,0.005774021148681641,BME,ACF&PACF: p=0.1 q=0.1,0.1,DictRsast,ACF&PACF
