,accuracy,time,cweights_time,fsubsequence_time,tdataset_time,tclassifier_time,dataset_name,classifier_name,range_q,method,len_method
0,0.9173913043478261,3092.264251470566,0.8391807079315186,3088.2513835430145,3.1337010860443115,0.031569480895996094,CinCECGTorso,ACF&PACF: p=0 q=0,0,Rsastmf,ACF&PACF
1,0.9260869565217391,3141.350365638733,0.8431620597839355,3137.9388608932495,2.5293850898742676,0.02909064292907715,CinCECGTorso,ACF&PACF: p=0 q=0,0,DictRsast,ACF&PACF
2,0.9130434782608695,3004.810118198395,0.8237462043762207,3001.3730750083923,2.580066442489624,0.026003360748291016,CinCECGTorso,ACF&PACF: p=0 q=0.1,0.1,Rsastmf,ACF&PACF
3,0.9253623188405797,2944.771484851837,0.8418834209442139,2941.155910730362,2.743723154067993,0.02470684051513672,CinCECGTorso,ACF&PACF: p=0 q=0.1,0.1,DictRsast,ACF&PACF
4,0.9202898550724637,3141.985945224762,0.8460252285003662,3138.6250824928284,2.481987237930298,0.025148391723632812,CinCECGTorso,ACF&PACF: p=0.1 q=0.1,0.1,Rsastmf,ACF&PACF
5,0.9304347826086956,3045.3605954647064,0.8345828056335449,3042.295652627945,2.1990132331848145,0.026685714721679688,CinCECGTorso,ACF&PACF: p=0.1 q=0.1,0.1,DictRsast,ACF&PACF
