,accuracy,time,cweights_time,fsubsequence_time,tdataset_time,tclassifier_time,dataset_name,classifier_name,range_q,method,len_method
0,0.8413954091557515,6.645688056945801,0.24189281463623047,0.736182689666748,1.584190845489502,4.080721855163574,ElectricDevices,ACF&PACF: p=0 q=0,0,Rsastmf,ACF&PACF
1,0.8450265853974841,5.689023017883301,0.1941204071044922,0.5463964939117432,1.7219998836517334,3.224419355392456,ElectricDevices,ACF&PACF: p=0 q=0,0,DictRsast,ACF&PACF
2,0.8376345480482428,6.672131061553955,0.19014692306518555,0.48021960258483887,1.9608063697814941,4.0390706062316895,ElectricDevices,ACF&PACF: p=0 q=0.1,0.1,Rsastmf,ACF&PACF
3,0.8033977434833355,6.247280120849609,0.1703329086303711,0.4249234199523926,1.8529212474822998,3.7972264289855957,ElectricDevices,ACF&PACF: p=0 q=0.1,0.1,DictRsast,ACF&PACF
4,0.8458046945921411,5.754202127456665,0.15078091621398926,0.4140636920928955,1.7434353828430176,3.4440011978149414,ElectricDevices,ACF&PACF: p=0.1 q=0.1,0.1,Rsastmf,ACF&PACF
5,0.7799247827778498,5.960631608963013,0.16648149490356445,0.40149474143981934,1.9192352294921875,3.4715676307678223,ElectricDevices,ACF&PACF: p=0.1 q=0.1,0.1,DictRsast,ACF&PACF
