,accuracy,time,cweights_time,fsubsequence_time,tdataset_time,tclassifier_time,dataset_name,classifier_name,range_q,method,len_method
0,0.2659846547314578,16.353086233139038,0.2413187026977539,12.744354963302612,2.75374698638916,0.6027164459228516,Adiac,ACF&PACF: p=0 q=0,0,Rsastmf,ACF&PACF
1,0.38107416879795397,16.517046451568604,0.30037426948547363,12.722760677337646,2.4268369674682617,1.0570499897003174,Adiac,ACF&PACF: p=0 q=0,0,DictRsast,ACF&PACF
2,0.2710997442455243,16.196929693222046,0.2969472408294678,12.798080682754517,2.490910291671753,0.6012086868286133,Adiac,ACF&PACF: p=0 q=0.1,0.1,Rsastmf,ACF&PACF
3,0.5319693094629157,16.26172137260437,0.2999742031097412,12.885957956314087,2.500438690185547,0.565680980682373,Adiac,ACF&PACF: p=0 q=0.1,0.1,DictRsast,ACF&PACF
4,0.26854219948849106,16.26884365081787,0.23474597930908203,12.579399824142456,2.5160207748413086,0.92954421043396,Adiac,ACF&PACF: p=0.1 q=0.1,0.1,Rsastmf,ACF&PACF
5,0.49104859335038364,19.17711043357849,0.2100963592529297,15.791794061660767,2.6053826808929443,0.5582911968231201,Adiac,ACF&PACF: p=0.1 q=0.1,0.1,DictRsast,ACF&PACF
