,accuracy,time,cweights_time,fsubsequence_time,tdataset_time,tclassifier_time,dataset_name,classifier_name,range_q,method,len_method
0,0.7450980392156863,14.195162057876587,0.13333559036254883,14.010753393173218,0.04404401779174805,0.005683422088623047,DiatomSizeReduction,ACF&PACF: p=0 q=0,0,Rsastmf,ACF&PACF
1,0.8856209150326797,16.70892310142517,0.13418292999267578,16.52761960029602,0.04041266441345215,0.005503177642822266,DiatomSizeReduction,ACF&PACF: p=0 q=0,0,DictRsast,ACF&PACF
2,0.7516339869281046,12.809844732284546,0.10869884490966797,12.650268316268921,0.04122567176818848,0.007047891616821289,DiatomSizeReduction,ACF&PACF: p=0 q=0.1,0.1,Rsastmf,ACF&PACF
3,0.8823529411764706,13.656308650970459,0.12595891952514648,13.486892938613892,0.035559654235839844,0.0049207210540771484,DiatomSizeReduction,ACF&PACF: p=0 q=0.1,0.1,DictRsast,ACF&PACF
4,0.7516339869281046,7.722992420196533,0.0804908275604248,7.601811408996582,0.03400397300720215,0.0042095184326171875,DiatomSizeReduction,ACF&PACF: p=0.1 q=0.1,0.1,Rsastmf,ACF&PACF
5,0.803921568627451,12.574352025985718,0.09747982025146484,12.43343734741211,0.03688383102416992,0.004541158676147461,DiatomSizeReduction,ACF&PACF: p=0.1 q=0.1,0.1,DictRsast,ACF&PACF
