,accuracy,time,cweights_time,fsubsequence_time,tdataset_time,tclassifier_time,dataset_name,classifier_name,range_q,method,len_method
0,0.41429369067560023,51.29462933540344,0.2974588871002197,44.83521771430969,4.714675664901733,1.4415581226348877,UWaveGestureLibraryZ,ACF&PACF: p=0 q=0,0,Rsastmf,ACF&PACF
1,0.318537130094919,57.98594117164612,0.31833457946777344,50.938647985458374,4.920694351196289,1.8010952472686768,UWaveGestureLibraryZ,ACF&PACF: p=0 q=0,0,DictRsast,ACF&PACF
2,0.43188163037409266,57.42115354537964,0.32045722007751465,49.61777472496033,5.480050802230835,1.9953405857086182,UWaveGestureLibraryZ,ACF&PACF: p=0 q=0.1,0.1,Rsastmf,ACF&PACF
3,0.3601340033500838,38.333396673202515,0.32260775566101074,31.66386318206787,4.884343385696411,1.4552216529846191,UWaveGestureLibraryZ,ACF&PACF: p=0 q=0.1,0.1,DictRsast,ACF&PACF
4,0.43634840871021774,57.597102642059326,0.20590519905090332,49.8433723449707,5.565696716308594,1.9761569499969482,UWaveGestureLibraryZ,ACF&PACF: p=0.1 q=0.1,0.1,Rsastmf,ACF&PACF
5,0.34198771635957564,66.17862439155579,0.32372355461120605,59.476943492889404,4.601364850997925,1.7690634727478027,UWaveGestureLibraryZ,ACF&PACF: p=0.1 q=0.1,0.1,DictRsast,ACF&PACF
