,accuracy,time,cweights_time,fsubsequence_time,tdataset_time,tclassifier_time,dataset_name,classifier_name,range_q,method,len_method
0,0.5866666666666667,285.4241518974304,0.4789600372314453,280.6842987537384,3.929410219192505,0.3210437297821045,ScreenType,ACF&PACF: p=0 q=0,0,Rsastmf,ACF&PACF
1,0.6,323.52437567710876,0.4761345386505127,317.56551814079285,5.166579723358154,0.3108053207397461,ScreenType,ACF&PACF: p=0 q=0,0,DictRsast,ACF&PACF
2,0.6133333333333333,262.7768828868866,0.472334623336792,258.0653121471405,3.917689085006714,0.31505918502807617,ScreenType,ACF&PACF: p=0 q=0.1,0.1,Rsastmf,ACF&PACF
3,0.45066666666666666,300.4103944301605,0.48924708366394043,294.0644254684448,5.536563873291016,0.31334614753723145,ScreenType,ACF&PACF: p=0 q=0.1,0.1,DictRsast,ACF&PACF
4,0.5866666666666667,304.98124861717224,0.5318057537078857,299.05024337768555,5.08055305480957,0.3110651969909668,ScreenType,ACF&PACF: p=0.1 q=0.1,0.1,Rsastmf,ACF&PACF
5,0.432,295.1484315395355,0.48438215255737305,289.1992607116699,5.119601011276245,0.34010815620422363,ScreenType,ACF&PACF: p=0.1 q=0.1,0.1,DictRsast,ACF&PACF
