,accuracy,time,cweights_time,fsubsequence_time,tdataset_time,tclassifier_time,dataset_name,classifier_name,range_q,method,len_method
0,0.8319327731092437,2971.16130566597,0.8994967937469482,2966.307362794876,3.919377565383911,0.028011322021484375,HouseTwenty,ACF&PACF: p=0 q=0,0,Rsastmf,ACF&PACF
1,0.9663865546218487,2935.664960384369,0.9010672569274902,2931.6274995803833,3.1005258560180664,0.028144121170043945,HouseTwenty,ACF&PACF: p=0 q=0,0,DictRsast,ACF&PACF
2,0.8319327731092437,2764.8162293434143,0.9301927089691162,2760.864989757538,2.985125780105591,0.03003072738647461,HouseTwenty,ACF&PACF: p=0 q=0.1,0.1,Rsastmf,ACF&PACF
3,0.9747899159663865,2971.6644270420074,0.903515100479126,2966.3530507087708,4.369854927062988,0.031014204025268555,HouseTwenty,ACF&PACF: p=0 q=0.1,0.1,DictRsast,ACF&PACF
4,0.8235294117647058,2807.231374502182,0.8981363773345947,2802.9848215579987,3.317208766937256,0.025495529174804688,HouseTwenty,ACF&PACF: p=0.1 q=0.1,0.1,Rsastmf,ACF&PACF
5,0.907563025210084,2856.5055973529816,0.9312739372253418,2852.8387730121613,2.6982955932617188,0.029841899871826172,HouseTwenty,ACF&PACF: p=0.1 q=0.1,0.1,DictRsast,ACF&PACF
