,accuracy,time,cweights_time,fsubsequence_time,tdataset_time,tclassifier_time,dataset_name,classifier_name,range_q,method,len_method
0,0.792,319.43854546546936,0.47570109367370605,317.0582993030548,1.7758936882019043,0.12615704536437988,LargeKitchenAppliances,ACF&PACF: p=0 q=0,0,Rsastmf,ACF&PACF
1,0.7946666666666666,215.02245807647705,0.47426652908325195,211.56157279014587,2.800222396850586,0.18288779258728027,LargeKitchenAppliances,ACF&PACF: p=0 q=0,0,DictRsast,ACF&PACF
2,0.76,315.9277603626251,0.4823915958404541,313.1946699619293,2.0685503482818604,0.17797517776489258,LargeKitchenAppliances,ACF&PACF: p=0 q=0.1,0.1,Rsastmf,ACF&PACF
3,0.592,302.8131802082062,0.4783964157104492,299.2167778015137,2.92712140083313,0.1870741844177246,LargeKitchenAppliances,ACF&PACF: p=0 q=0.1,0.1,DictRsast,ACF&PACF
4,0.7653333333333333,308.2343759536743,0.4770848751068115,304.70453214645386,2.834618330001831,0.21500229835510254,LargeKitchenAppliances,ACF&PACF: p=0.1 q=0.1,0.1,Rsastmf,ACF&PACF
5,0.384,268.3504605293274,0.4738180637359619,264.88859033584595,2.8279640674591064,0.15736722946166992,LargeKitchenAppliances,ACF&PACF: p=0.1 q=0.1,0.1,DictRsast,ACF&PACF
