,accuracy,time,cweights_time,fsubsequence_time,tdataset_time,tclassifier_time,dataset_name,classifier_name,range_q,method,len_method
0,0.6571428571428571,36.398035764694214,0.1041254997253418,36.13568091392517,0.13736891746520996,0.01895737648010254,Ham,ACF&PACF: p=0 q=0,0,Rsastmf,ACF&PACF
1,0.6761904761904762,35.63451671600342,0.11596322059631348,35.35057187080383,0.14188933372497559,0.023956775665283203,Ham,ACF&PACF: p=0 q=0,0,DictRsast,ACF&PACF
2,0.638095238095238,34.156261682510376,0.1276702880859375,33.85655927658081,0.1540369987487793,0.016065120697021484,Ham,ACF&PACF: p=0 q=0.1,0.1,Rsastmf,ACF&PACF
3,0.7619047619047619,34.89902067184448,0.10453677177429199,34.62016749382019,0.15213465690612793,0.020461559295654297,Ham,ACF&PACF: p=0 q=0.1,0.1,DictRsast,ACF&PACF
4,0.7238095238095238,28.779197216033936,0.11155486106872559,28.503336906433105,0.14250397682189941,0.01759624481201172,Ham,ACF&PACF: p=0.1 q=0.1,0.1,Rsastmf,ACF&PACF
5,0.638095238095238,31.96527099609375,0.12681055068969727,31.687621593475342,0.13429045677185059,0.014907360076904297,Ham,ACF&PACF: p=0.1 q=0.1,0.1,DictRsast,ACF&PACF
