,accuracy,time,cweights_time,fsubsequence_time,tdataset_time,tclassifier_time,dataset_name,classifier_name,range_q,method,len_method
0,0.5289855072463768,0.41295599937438965,0.04735374450683594,0.15292906761169434,0.0770559310913086,0.13414430618286133,DistalPhalanxOutlineCorrect,ACF&PACF: p=0 q=0,0,Rsastmf,ACF&PACF
1,0.6811594202898551,0.3619081974029541,0.03586411476135254,0.1508619785308838,0.06363344192504883,0.11051154136657715,DistalPhalanxOutlineCorrect,ACF&PACF: p=0 q=0,0,DictRsast,ACF&PACF
2,0.4963768115942029,0.38568758964538574,0.03592705726623535,0.1512587070465088,0.07260370254516602,0.12480568885803223,DistalPhalanxOutlineCorrect,ACF&PACF: p=0 q=0.1,0.1,Rsastmf,ACF&PACF
3,0.7210144927536232,0.42493295669555664,0.049591779708862305,0.16344022750854492,0.077972412109375,0.13238191604614258,DistalPhalanxOutlineCorrect,ACF&PACF: p=0 q=0.1,0.1,DictRsast,ACF&PACF
4,0.5688405797101449,0.41082310676574707,0.03629040718078613,0.15385770797729492,0.08333802223205566,0.13622212409973145,DistalPhalanxOutlineCorrect,ACF&PACF: p=0.1 q=0.1,0.1,Rsastmf,ACF&PACF
5,0.7644927536231884,0.39703845977783203,0.03581547737121582,0.15360260009765625,0.07801675796508789,0.12848305702209473,DistalPhalanxOutlineCorrect,ACF&PACF: p=0.1 q=0.1,0.1,DictRsast,ACF&PACF
