,accuracy,time,cweights_time,fsubsequence_time,tdataset_time,tclassifier_time,dataset_name,classifier_name,range_q,method,len_method
0,0.6189393939393939,66.0272159576416,0.8936669826507568,50.477654218673706,9.727193117141724,4.9162867069244385,FordA,ACF&PACF: p=0 q=0,0,Rsastmf,ACF&PACF
1,0.8015151515151515,61.252068758010864,1.1886231899261475,45.17007327079773,10.537002325057983,4.3475422859191895,FordA,ACF&PACF: p=0 q=0,0,DictRsast,ACF&PACF
2,0.6356060606060606,65.28934097290039,1.4600048065185547,48.34431195259094,9.789108276367188,5.691782474517822,FordA,ACF&PACF: p=0 q=0.1,0.1,Rsastmf,ACF&PACF
3,0.775,65.382817029953,1.421140432357788,47.47690725326538,10.831357955932617,5.6504292488098145,FordA,ACF&PACF: p=0 q=0.1,0.1,DictRsast,ACF&PACF
4,0.6878787878787879,71.85278296470642,1.3313074111938477,49.563902854919434,15.109171867370605,5.843953371047974,FordA,ACF&PACF: p=0.1 q=0.1,0.1,Rsastmf,ACF&PACF
5,0.7257575757575757,69.37875056266785,1.383897066116333,48.40345573425293,13.924222946166992,5.663125514984131,FordA,ACF&PACF: p=0.1 q=0.1,0.1,DictRsast,ACF&PACF
