,accuracy,time,cweights_time,fsubsequence_time,tdataset_time,tclassifier_time,dataset_name,classifier_name,range_q,method,len_method
0,0.8053333333333333,293.84771943092346,0.47667980194091797,290.29451990127563,2.9068491458892822,0.1649181842803955,LargeKitchenAppliances,ACF&PACF: p=0 q=0,0,Rsastmf,ACF&PACF
1,0.68,257.7173616886139,0.47756004333496094,255.79300117492676,1.3229801654815674,0.11893200874328613,LargeKitchenAppliances,ACF&PACF: p=0 q=0,0,DictRsast,ACF&PACF
2,0.7066666666666667,253.75881338119507,0.5262565612792969,250.38120913505554,2.6829774379730225,0.16451454162597656,LargeKitchenAppliances,ACF&PACF: p=0 q=0.1,0.1,Rsastmf,ACF&PACF
3,0.6106666666666667,282.19281673431396,0.47609734535217285,279.7802255153656,1.7659382820129395,0.16567540168762207,LargeKitchenAppliances,ACF&PACF: p=0 q=0.1,0.1,DictRsast,ACF&PACF
4,0.736,259.19536876678467,0.4886178970336914,256.2463433742523,2.2876439094543457,0.16939711570739746,LargeKitchenAppliances,ACF&PACF: p=0.1 q=0.1,0.1,Rsastmf,ACF&PACF
5,0.3973333333333333,283.6608748435974,0.5254361629486084,279.8600342273712,3.0852580070495605,0.18770360946655273,LargeKitchenAppliances,ACF&PACF: p=0.1 q=0.1,0.1,DictRsast,ACF&PACF
