,accuracy,time,cweights_time,fsubsequence_time,tdataset_time,tclassifier_time,dataset_name,classifier_name,range_q,method,len_method
0,0.7819512195121952,2.706058979034424,0.10178351402282715,2.4139957427978516,0.13997793197631836,0.048397064208984375,FacesUCR,ACF&PACF: p=0 q=0,0,Rsastmf,ACF&PACF
1,0.9292682926829269,2.843956708908081,0.10914158821105957,2.5329995155334473,0.14719247817993164,0.051790714263916016,FacesUCR,ACF&PACF: p=0 q=0,0,DictRsast,ACF&PACF
2,0.7829268292682927,2.8759765625,0.10487079620361328,2.5814194679260254,0.15105485916137695,0.036936283111572266,FacesUCR,ACF&PACF: p=0 q=0.1,0.1,Rsastmf,ACF&PACF
3,0.9297560975609757,2.8639371395111084,0.10929226875305176,2.535270929336548,0.16723346710205078,0.0495455265045166,FacesUCR,ACF&PACF: p=0 q=0.1,0.1,DictRsast,ACF&PACF
4,0.7678048780487805,2.8146259784698486,0.10705304145812988,2.501406669616699,0.15547513961791992,0.04852032661437988,FacesUCR,ACF&PACF: p=0.1 q=0.1,0.1,Rsastmf,ACF&PACF
5,0.9175609756097561,2.9791781902313232,0.12076950073242188,2.647263526916504,0.16353774070739746,0.04381966590881348,FacesUCR,ACF&PACF: p=0.1 q=0.1,0.1,DictRsast,ACF&PACF
