,accuracy,time,cweights_time,fsubsequence_time,tdataset_time,tclassifier_time,dataset_name,classifier_name,range_q,method,len_method
0,0.8405405405405405,4919.027168750763,8.69520115852356,4765.8517389297485,141.2278974056244,3.2354695796966553,HandOutlines,ACF&PACF: p=0 q=0,0,Rsastmf,ACF&PACF
1,0.7864864864864864,5025.701108932495,7.978814125061035,4885.417676210403,129.15349912643433,3.1411221027374268,HandOutlines,ACF&PACF: p=0 q=0,0,DictRsast,ACF&PACF
2,0.8567567567567568,5322.179572582245,8.327943801879883,5177.681040525436,132.94874596595764,3.211881399154663,HandOutlines,ACF&PACF: p=0 q=0.1,0.1,Rsastmf,ACF&PACF
3,0.7972972972972973,5038.471814632416,8.5420663356781,4891.2313141822815,135.53590726852417,3.1518797874450684,HandOutlines,ACF&PACF: p=0 q=0.1,0.1,DictRsast,ACF&PACF
4,0.8540540540540541,4926.6747398376465,8.54305100440979,4774.418309926987,140.40982341766357,3.2906627655029297,HandOutlines,ACF&PACF: p=0.1 q=0.1,0.1,Rsastmf,ACF&PACF
5,0.7189189189189189,4897.377964019775,10.272417306900024,4757.720075130463,126.24292707443237,3.1328938007354736,HandOutlines,ACF&PACF: p=0.1 q=0.1,0.1,DictRsast,ACF&PACF
