,accuracy,time,cweights_time,fsubsequence_time,tdataset_time,tclassifier_time,dataset_name,classifier_name,range_q,method,len_method
0,0.8648648648648649,4686.514129161835,8.799617290496826,4525.047282218933,149.46258521080017,3.196619749069214,HandOutlines,ACF&PACF: p=0 q=0,0,Rsastmf,ACF&PACF
1,0.7648648648648648,5069.170957326889,13.932971477508545,4921.425817728043,130.64607071876526,3.154607057571411,HandOutlines,ACF&PACF: p=0 q=0,0,DictRsast,ACF&PACF
2,0.8486486486486486,5632.5931050777435,7.08454442024231,5492.250283718109,130.07721614837646,3.1686034202575684,HandOutlines,ACF&PACF: p=0 q=0.1,0.1,Rsastmf,ACF&PACF
3,0.8,5121.237876415253,10.171567678451538,4975.057604789734,132.88968777656555,3.1094284057617188,HandOutlines,ACF&PACF: p=0 q=0.1,0.1,DictRsast,ACF&PACF
4,0.8432432432432433,5039.981637716293,8.644508123397827,4889.06999874115,139.04760122299194,3.2059154510498047,HandOutlines,ACF&PACF: p=0.1 q=0.1,0.1,Rsastmf,ACF&PACF
5,0.6567567567567567,5267.145797729492,7.100313186645508,5133.721707820892,123.2338695526123,3.0807993412017822,HandOutlines,ACF&PACF: p=0.1 q=0.1,0.1,DictRsast,ACF&PACF
