,accuracy,time,cweights_time,fsubsequence_time,tdataset_time,tclassifier_time,dataset_name,classifier_name,range_q,method,len_method
0,0.5694444444444444,1.0581443309783936,0.05832624435424805,0.9563024044036865,0.03631114959716797,0.0054111480712890625,UMD,ACF&PACF: p=0 q=0,0,Rsastmf,ACF&PACF
1,0.5625,1.144562005996704,0.047478675842285156,1.050774097442627,0.03669118881225586,0.008032560348510742,UMD,ACF&PACF: p=0 q=0,0,DictRsast,ACF&PACF
2,0.5763888888888888,1.108666181564331,0.048197031021118164,1.0130188465118408,0.039041996002197266,0.006939888000488281,UMD,ACF&PACF: p=0 q=0.1,0.1,Rsastmf,ACF&PACF
3,0.8472222222222222,1.1521739959716797,0.04721426963806152,1.0581872463226318,0.03725600242614746,0.00800776481628418,UMD,ACF&PACF: p=0 q=0.1,0.1,DictRsast,ACF&PACF
4,0.6111111111111112,1.4358348846435547,0.05842852592468262,1.3236596584320068,0.04307913780212402,0.00897836685180664,UMD,ACF&PACF: p=0.1 q=0.1,0.1,Rsastmf,ACF&PACF
5,0.875,1.1573998928070068,0.04732632637023926,1.056713581085205,0.04230618476867676,0.009823322296142578,UMD,ACF&PACF: p=0.1 q=0.1,0.1,DictRsast,ACF&PACF
