,accuracy,time,cweights_time,fsubsequence_time,tdataset_time,tclassifier_time,dataset_name,classifier_name,range_q,method,len_method
0,0.7727272727272727,20.777466773986816,0.11870980262756348,20.607821226119995,0.04043388366699219,0.007601261138916016,FaceFour,ACF&PACF: p=0 q=0,0,Rsastmf,ACF&PACF
1,0.9318181818181818,21.06136441230774,0.11834025382995605,20.888022899627686,0.04449057579040527,0.00816655158996582,FaceFour,ACF&PACF: p=0 q=0,0,DictRsast,ACF&PACF
2,0.6704545454545454,20.738492488861084,0.11839842796325684,20.566312551498413,0.04354548454284668,0.007409334182739258,FaceFour,ACF&PACF: p=0 q=0.1,0.1,Rsastmf,ACF&PACF
3,0.9659090909090909,20.830561637878418,0.14506006240844727,20.63328742980957,0.042088985443115234,0.007692575454711914,FaceFour,ACF&PACF: p=0 q=0.1,0.1,DictRsast,ACF&PACF
4,0.7272727272727273,21.10758066177368,0.11811971664428711,20.917885303497314,0.05757713317871094,0.011171102523803711,FaceFour,ACF&PACF: p=0.1 q=0.1,0.1,Rsastmf,ACF&PACF
5,0.9431818181818182,20.757651567459106,0.10850095748901367,20.592390298843384,0.04367995262145996,0.006658792495727539,FaceFour,ACF&PACF: p=0.1 q=0.1,0.1,DictRsast,ACF&PACF
