,accuracy,time,cweights_time,fsubsequence_time,tdataset_time,tclassifier_time,dataset_name,classifier_name,range_q,method,len_method
0,0.865,1.8876242637634277,0.06550931930541992,0.8360850811004639,0.38157176971435547,0.6009666919708252,TwoPatterns,ACF&PACF: p=0 q=0,0,Rsastmf,ACF&PACF
1,0.8205,1.7678921222686768,0.08749747276306152,0.9640629291534424,0.32454419136047363,0.3886251449584961,TwoPatterns,ACF&PACF: p=0 q=0,0,DictRsast,ACF&PACF
2,0.85775,1.8540191650390625,0.08693909645080566,1.0548229217529297,0.3122098445892334,0.3985559940338135,TwoPatterns,ACF&PACF: p=0 q=0.1,0.1,Rsastmf,ACF&PACF
3,0.8085,1.987837553024292,0.08657217025756836,1.0674176216125488,0.3709242343902588,0.4615046977996826,TwoPatterns,ACF&PACF: p=0 q=0.1,0.1,DictRsast,ACF&PACF
4,0.85175,1.8209702968597412,0.08541655540466309,0.9850366115570068,0.3558669090270996,0.39328455924987793,TwoPatterns,ACF&PACF: p=0.1 q=0.1,0.1,Rsastmf,ACF&PACF
5,0.80625,1.7180418968200684,0.08826518058776855,0.896613597869873,0.36574268341064453,0.3652799129486084,TwoPatterns,ACF&PACF: p=0.1 q=0.1,0.1,DictRsast,ACF&PACF
