,accuracy,time,cweights_time,fsubsequence_time,tdataset_time,tclassifier_time,dataset_name,classifier_name,range_q,method,len_method
0,0.31347962382445144,52.18653130531311,0.34194064140319824,50.267714500427246,1.3670079708099365,0.19933509826660156,WordSynonyms,ACF&PACF: p=0 q=0,0,Rsastmf,ACF&PACF
1,0.19592476489028213,70.18218350410461,0.3579270839691162,68.24083375930786,1.335582971572876,0.23745441436767578,WordSynonyms,ACF&PACF: p=0 q=0,0,DictRsast,ACF&PACF
2,0.30250783699059564,65.71376466751099,0.34052467346191406,63.82832884788513,1.2302250862121582,0.3079254627227783,WordSynonyms,ACF&PACF: p=0 q=0.1,0.1,Rsastmf,ACF&PACF
3,0.27899686520376177,59.18631625175476,0.34142255783081055,57.295456647872925,1.3290438652038574,0.2143869400024414,WordSynonyms,ACF&PACF: p=0 q=0.1,0.1,DictRsast,ACF&PACF
4,0.30407523510971785,42.949223279953,0.19962692260742188,40.93500590324402,1.5093989372253418,0.30077290534973145,WordSynonyms,ACF&PACF: p=0.1 q=0.1,0.1,Rsastmf,ACF&PACF
5,0.26332288401253917,69.77106952667236,0.34650349617004395,67.67214965820312,1.5126092433929443,0.2340259552001953,WordSynonyms,ACF&PACF: p=0.1 q=0.1,0.1,DictRsast,ACF&PACF
