,accuracy,time,cweights_time,fsubsequence_time,tdataset_time,tclassifier_time,dataset_name,classifier_name,range_q,method,len_method
0,0.28585858585858587,32.64155840873718,0.195875883102417,31.500759840011597,0.8128726482391357,0.12717461585998535,InsectWingbeatSound,ACF&PACF: p=0 q=0,0,Rsastmf,ACF&PACF
1,0.42424242424242425,37.358757734298706,0.19407176971435547,36.24406981468201,0.8161971569061279,0.09975481033325195,InsectWingbeatSound,ACF&PACF: p=0 q=0,0,DictRsast,ACF&PACF
2,0.2914141414141414,33.50190305709839,0.206573486328125,32.43409562110901,0.7471096515655518,0.10661029815673828,InsectWingbeatSound,ACF&PACF: p=0 q=0.1,0.1,Rsastmf,ACF&PACF
3,0.5212121212121212,46.58754539489746,0.2047595977783203,45.4752197265625,0.80336594581604,0.09707021713256836,InsectWingbeatSound,ACF&PACF: p=0 q=0.1,0.1,DictRsast,ACF&PACF
4,0.30707070707070705,45.276811599731445,0.19600629806518555,44.12182092666626,0.8273341655731201,0.1266014575958252,InsectWingbeatSound,ACF&PACF: p=0.1 q=0.1,0.1,Rsastmf,ACF&PACF
5,0.5161616161616162,21.180779218673706,0.1928412914276123,20.20848274230957,0.6821327209472656,0.09367656707763672,InsectWingbeatSound,ACF&PACF: p=0.1 q=0.1,0.1,DictRsast,ACF&PACF
