,accuracy,time,cweights_time,fsubsequence_time,tdataset_time,tclassifier_time,dataset_name,classifier_name,range_q,method,len_method
0,0.14516129032258066,1.8441343307495117,0.1017909049987793,1.7257790565490723,0.01053309440612793,0.00439906120300293,Fungi,ACF&PACF: p=0 q=0,0,Rsastmf,ACF&PACF
1,0.08064516129032258,1.9734208583831787,0.10337233543395996,1.845022201538086,0.01688361167907715,0.00494074821472168,Fungi,ACF&PACF: p=0 q=0,0,DictRsast,ACF&PACF
2,0.12903225806451613,1.8103599548339844,0.09517908096313477,1.6912670135498047,0.01057744026184082,0.003345012664794922,Fungi,ACF&PACF: p=0 q=0.1,0.1,Rsastmf,ACF&PACF
3,0.12365591397849462,1.7172324657440186,0.09486746788024902,1.6001901626586914,0.013966083526611328,0.005360126495361328,Fungi,ACF&PACF: p=0 q=0.1,0.1,DictRsast,ACF&PACF
4,0.11827956989247312,1.7757880687713623,0.10187268257141113,1.6581063270568848,0.01075291633605957,0.0032966136932373047,Fungi,ACF&PACF: p=0.1 q=0.1,0.1,Rsastmf,ACF&PACF
5,0.16666666666666666,1.8622033596038818,0.0949087142944336,1.7506041526794434,0.011866331100463867,0.003329038619995117,Fungi,ACF&PACF: p=0.1 q=0.1,0.1,DictRsast,ACF&PACF
