,accuracy,time,cweights_time,fsubsequence_time,tdataset_time,tclassifier_time,dataset_name,classifier_name,range_q,method,len_method
0,0.8901846452866861,0.042220115661621094,0.0069653987884521484,0.024524450302124023,0.006778717041015625,0.003486156463623047,ItalyPowerDemand,ACF&PACF: p=0 q=0,0,Rsastmf,ACF&PACF
1,0.9251700680272109,0.037749528884887695,0.006694793701171875,0.022826671600341797,0.004762172698974609,0.0030951499938964844,ItalyPowerDemand,ACF&PACF: p=0 q=0,0,DictRsast,ACF&PACF
2,0.8658892128279884,0.04328203201293945,0.007056713104248047,0.025257587432861328,0.006716012954711914,0.003715038299560547,ItalyPowerDemand,ACF&PACF: p=0 q=0.1,0.1,Rsastmf,ACF&PACF
3,0.9280855199222546,0.037509918212890625,0.00650334358215332,0.02287912368774414,0.004540920257568359,0.0031638145446777344,ItalyPowerDemand,ACF&PACF: p=0 q=0.1,0.1,DictRsast,ACF&PACF
4,0.9067055393586005,0.03849625587463379,0.0066967010498046875,0.022643327713012695,0.005442380905151367,0.0033407211303710938,ItalyPowerDemand,ACF&PACF: p=0.1 q=0.1,0.1,Rsastmf,ACF&PACF
5,0.9057337220602527,0.04188179969787598,0.007136344909667969,0.023514509201049805,0.006273508071899414,0.004217863082885742,ItalyPowerDemand,ACF&PACF: p=0.1 q=0.1,0.1,DictRsast,ACF&PACF
