,accuracy,time,cweights_time,fsubsequence_time,tdataset_time,tclassifier_time,dataset_name,classifier_name,range_q,method,len_method
0,0.5666666666666667,55.84507918357849,0.13994240760803223,55.522504806518555,0.1608726978302002,0.015577316284179688,Beef,ACF&PACF: p=0 q=0,0,Rsastmf,ACF&PACF
1,0.7,53.216843605041504,0.15333962440490723,52.87842679023743,0.16609692573547363,0.014613151550292969,Beef,ACF&PACF: p=0 q=0,0,DictRsast,ACF&PACF
2,0.5333333333333333,78.72157311439514,0.21810364723205566,78.3109998703003,0.17302536964416504,0.013676166534423828,Beef,ACF&PACF: p=0 q=0.1,0.1,Rsastmf,ACF&PACF
3,0.7,84.83586692810059,0.1292579174041748,84.50855660438538,0.17836570739746094,0.0158841609954834,Beef,ACF&PACF: p=0 q=0.1,0.1,DictRsast,ACF&PACF
4,0.6333333333333333,60.95269012451172,0.12697148323059082,60.63000679016113,0.17070412635803223,0.019443511962890625,Beef,ACF&PACF: p=0.1 q=0.1,0.1,Rsastmf,ACF&PACF
5,0.7,89.65998649597168,0.17494678497314453,89.30555701255798,0.1598200798034668,0.01505136489868164,Beef,ACF&PACF: p=0.1 q=0.1,0.1,DictRsast,ACF&PACF
