,accuracy,time,cweights_time,fsubsequence_time,tdataset_time,tclassifier_time,dataset_name,classifier_name,range_q,method,len_method
0,0.31504702194357365,67.39114785194397,0.25768399238586426,65.4871232509613,1.3474247455596924,0.2911949157714844,WordSynonyms,ACF&PACF: p=0 q=0,0,Rsastmf,ACF&PACF
1,0.20532915360501566,65.2938814163208,0.34189319610595703,63.32186675071716,1.393155574798584,0.23110365867614746,WordSynonyms,ACF&PACF: p=0 q=0,0,DictRsast,ACF&PACF
2,0.31347962382445144,64.20623636245728,0.3227226734161377,62.4659423828125,1.212547779083252,0.19692230224609375,WordSynonyms,ACF&PACF: p=0 q=0.1,0.1,Rsastmf,ACF&PACF
3,0.2617554858934169,67.69615721702576,0.34024977684020996,65.65098547935486,1.4340145587921143,0.26500701904296875,WordSynonyms,ACF&PACF: p=0 q=0.1,0.1,DictRsast,ACF&PACF
4,0.30877742946708464,59.06493926048279,0.26425766944885254,57.137168884277344,1.404146432876587,0.25132179260253906,WordSynonyms,ACF&PACF: p=0.1 q=0.1,0.1,Rsastmf,ACF&PACF
5,0.25235109717868337,73.906414270401,0.3331723213195801,71.75159621238708,1.5090701580047607,0.30326390266418457,WordSynonyms,ACF&PACF: p=0.1 q=0.1,0.1,DictRsast,ACF&PACF
