,accuracy,time,cweights_time,fsubsequence_time,tdataset_time,tclassifier_time,dataset_name,classifier_name,range_q,method,len_method
0,0.5342465753424658,37.73562979698181,0.10073590278625488,37.319408893585205,0.28618836402893066,0.023131608963012695,Lightning7,ACF&PACF: p=0 q=0,0,Rsastmf,ACF&PACF
1,0.547945205479452,23.800599336624146,0.10107064247131348,23.35610556602478,0.31279826164245605,0.027035951614379883,Lightning7,ACF&PACF: p=0 q=0,0,DictRsast,ACF&PACF
2,0.5753424657534246,33.340506076812744,0.1294386386871338,32.85453677177429,0.3272733688354492,0.026128053665161133,Lightning7,ACF&PACF: p=0 q=0.1,0.1,Rsastmf,ACF&PACF
3,0.589041095890411,50.90134525299072,0.13684415817260742,50.437567949295044,0.2975757122039795,0.026420116424560547,Lightning7,ACF&PACF: p=0 q=0.1,0.1,DictRsast,ACF&PACF
4,0.5753424657534246,22.855507850646973,0.1004495620727539,22.42732572555542,0.30043816566467285,0.02462458610534668,Lightning7,ACF&PACF: p=0.1 q=0.1,0.1,Rsastmf,ACF&PACF
5,0.5068493150684932,38.318665981292725,0.13622736930847168,37.82806754112244,0.31525659561157227,0.03654670715332031,Lightning7,ACF&PACF: p=0.1 q=0.1,0.1,DictRsast,ACF&PACF
