,accuracy,time,cweights_time,fsubsequence_time,tdataset_time,tclassifier_time,dataset_name,classifier_name,range_q,method,len_method
0,0.5974025974025974,793.6348357200623,0.5671744346618652,786.5875196456909,6.23193359375,0.23819851875305176,Worms,ACF&PACF: p=0 q=0,0,Rsastmf,ACF&PACF
1,0.5324675324675324,950.395210981369,0.5972380638122559,941.6586480140686,7.897950172424316,0.2343757152557373,Worms,ACF&PACF: p=0 q=0,0,DictRsast,ACF&PACF
2,0.6233766233766234,843.5173852443695,0.5938491821289062,835.5488932132721,7.13753342628479,0.22899150848388672,Worms,ACF&PACF: p=0 q=0.1,0.1,Rsastmf,ACF&PACF
3,0.5974025974025974,759.2261898517609,0.5667483806610107,750.4650964736938,7.945944309234619,0.23988127708435059,Worms,ACF&PACF: p=0 q=0.1,0.1,DictRsast,ACF&PACF
4,0.6103896103896104,709.2092137336731,0.575925350189209,701.3865973949432,6.984816074371338,0.25020623207092285,Worms,ACF&PACF: p=0.1 q=0.1,0.1,Rsastmf,ACF&PACF
5,0.6233766233766234,933.6554253101349,0.5788428783416748,925.4652018547058,7.368618011474609,0.23224449157714844,Worms,ACF&PACF: p=0.1 q=0.1,0.1,DictRsast,ACF&PACF
