,accuracy,time,cweights_time,fsubsequence_time,tdataset_time,tclassifier_time,dataset_name,classifier_name,range_q,method,len_method
0,0.2636363636363636,9594.287960290909,1.3860869407653809,9565.651624441147,26.866715908050537,0.3455061912536621,InlineSkate,ACF&PACF: p=0 q=0,0,Rsastmf,ACF&PACF
1,0.2545454545454545,8402.808972597122,1.3961317539215088,8377.317899227142,23.717315673828125,0.3452622890472412,InlineSkate,ACF&PACF: p=0 q=0,0,DictRsast,ACF&PACF
2,0.2672727272727273,8508.797102928162,1.3305702209472656,8480.671207427979,26.42989945411682,0.33739757537841797,InlineSkate,ACF&PACF: p=0 q=0.1,0.1,Rsastmf,ACF&PACF
3,0.2727272727272727,8463.213829517365,1.324324369430542,8436.994906425476,24.523911714553833,0.3450496196746826,InlineSkate,ACF&PACF: p=0 q=0.1,0.1,DictRsast,ACF&PACF
4,0.26545454545454544,8254.664990663528,1.378295660018921,8228.530854940414,24.391228675842285,0.34092020988464355,InlineSkate,ACF&PACF: p=0.1 q=0.1,0.1,Rsastmf,ACF&PACF
5,0.32181818181818184,8816.843949079514,1.331662654876709,8791.786036968231,23.363563299179077,0.34066176414489746,InlineSkate,ACF&PACF: p=0.1 q=0.1,0.1,DictRsast,ACF&PACF
