,accuracy,time,cweights_time,fsubsequence_time,tdataset_time,tclassifier_time,dataset_name,classifier_name,range_q,method,len_method
0,0.5507246376811594,0.6194064617156982,0.05179286003112793,0.1748950481414795,0.07346296310424805,0.31758785247802734,DistalPhalanxOutlineCorrect,ACF&PACF: p=0 q=0,0,Rsastmf,ACF&PACF
1,0.7137681159420289,0.47516727447509766,0.039688825607299805,0.16454124450683594,0.0715794563293457,0.19814538955688477,DistalPhalanxOutlineCorrect,ACF&PACF: p=0 q=0,0,DictRsast,ACF&PACF
2,0.5652173913043478,0.45674610137939453,0.03889799118041992,0.1506350040435791,0.06921815872192383,0.19629859924316406,DistalPhalanxOutlineCorrect,ACF&PACF: p=0 q=0.1,0.1,Rsastmf,ACF&PACF
3,0.75,0.4315776824951172,0.03936028480529785,0.16530394554138184,0.08189845085144043,0.14343523979187012,DistalPhalanxOutlineCorrect,ACF&PACF: p=0 q=0.1,0.1,DictRsast,ACF&PACF
4,0.5652173913043478,0.4137389659881592,0.039580345153808594,0.1627039909362793,0.0766446590423584,0.13356471061706543,DistalPhalanxOutlineCorrect,ACF&PACF: p=0.1 q=0.1,0.1,Rsastmf,ACF&PACF
5,0.7536231884057971,0.388721227645874,0.047094106674194336,0.15072226524353027,0.06808900833129883,0.12144660949707031,DistalPhalanxOutlineCorrect,ACF&PACF: p=0.1 q=0.1,0.1,DictRsast,ACF&PACF
