,accuracy,time,cweights_time,fsubsequence_time,tdataset_time,tclassifier_time,dataset_name,classifier_name,range_q,method,len_method
0,0.7892682926829269,2.8032498359680176,0.10944938659667969,2.4772727489471436,0.16662335395812988,0.048589468002319336,FacesUCR,ACF&PACF: p=0 q=0,0,Rsastmf,ACF&PACF
1,0.9073170731707317,2.8345868587493896,0.11867237091064453,2.5161173343658447,0.15358757972717285,0.0440831184387207,FacesUCR,ACF&PACF: p=0 q=0,0,DictRsast,ACF&PACF
2,0.7897560975609756,2.639756441116333,0.08198046684265137,2.354548931121826,0.16003680229187012,0.04142284393310547,FacesUCR,ACF&PACF: p=0 q=0.1,0.1,Rsastmf,ACF&PACF
3,0.9302439024390244,2.853020191192627,0.1095116138458252,2.5615787506103516,0.14193058013916016,0.03807806968688965,FacesUCR,ACF&PACF: p=0 q=0.1,0.1,DictRsast,ACF&PACF
4,0.7526829268292683,2.660764217376709,0.10590553283691406,2.3587019443511963,0.15432953834533691,0.03941607475280762,FacesUCR,ACF&PACF: p=0.1 q=0.1,0.1,Rsastmf,ACF&PACF
5,0.9048780487804878,2.6659774780273438,0.1003272533416748,2.3323493003845215,0.17209100723266602,0.05846142768859863,FacesUCR,ACF&PACF: p=0.1 q=0.1,0.1,DictRsast,ACF&PACF
