,accuracy,time,cweights_time,fsubsequence_time,tdataset_time,tclassifier_time,dataset_name,classifier_name,range_q,method,len_method
0,0.2781818181818182,9276.47458434105,1.3816556930541992,9250.504976272583,24.214395999908447,0.3409082889556885,InlineSkate,ACF&PACF: p=0 q=0,0,Rsastmf,ACF&PACF
1,0.3,9433.44347500801,1.39536714553833,9408.00816488266,23.67206645011902,0.3427400588989258,InlineSkate,ACF&PACF: p=0 q=0,0,DictRsast,ACF&PACF
2,0.2672727272727273,8184.663115739822,1.333479881286621,8159.504435062408,23.46020007133484,0.3447566032409668,InlineSkate,ACF&PACF: p=0 q=0.1,0.1,Rsastmf,ACF&PACF
3,0.2818181818181818,9371.981878995895,1.396127700805664,9347.172728538513,23.048399209976196,0.33977460861206055,InlineSkate,ACF&PACF: p=0 q=0.1,0.1,DictRsast,ACF&PACF
4,0.26181818181818184,9780.414072990417,1.357229232788086,9755.153991699219,23.53329348564148,0.3389427661895752,InlineSkate,ACF&PACF: p=0.1 q=0.1,0.1,Rsastmf,ACF&PACF
5,0.3290909090909091,8597.641357660294,1.392848253250122,8572.301961421967,23.578975439071655,0.33844470977783203,InlineSkate,ACF&PACF: p=0.1 q=0.1,0.1,DictRsast,ACF&PACF
