,accuracy,time,cweights_time,fsubsequence_time,tdataset_time,tclassifier_time,dataset_name,classifier_name,range_q,method,len_method
0,0.8106666666666666,344.81330966949463,0.4790644645690918,341.5380208492279,2.6010396480560303,0.19284629821777344,LargeKitchenAppliances,ACF&PACF: p=0 q=0,0,Rsastmf,ACF&PACF
1,0.7493333333333333,261.81510162353516,0.4732341766357422,258.5884041786194,2.5670015811920166,0.18247580528259277,LargeKitchenAppliances,ACF&PACF: p=0 q=0,0,DictRsast,ACF&PACF
2,0.7733333333333333,263.7364327907562,0.4749417304992676,260.27189779281616,2.810849666595459,0.17433619499206543,LargeKitchenAppliances,ACF&PACF: p=0 q=0.1,0.1,Rsastmf,ACF&PACF
3,0.552,287.8443102836609,0.5216450691223145,284.2516143321991,2.8975744247436523,0.168806791305542,LargeKitchenAppliances,ACF&PACF: p=0 q=0.1,0.1,DictRsast,ACF&PACF
4,0.712,296.1340525150299,0.5232796669006348,293.03238582611084,2.3720414638519287,0.20395517349243164,LargeKitchenAppliances,ACF&PACF: p=0.1 q=0.1,0.1,Rsastmf,ACF&PACF
5,0.36533333333333334,269.073210477829,0.47269153594970703,266.7480490207672,1.649911880493164,0.19949054718017578,LargeKitchenAppliances,ACF&PACF: p=0.1 q=0.1,0.1,DictRsast,ACF&PACF
