,accuracy,time,cweights_time,fsubsequence_time,tdataset_time,tclassifier_time,dataset_name,classifier_name,range_q,method,len_method
0,0.6426666666666667,299.8744492530823,0.2758982181549072,292.49702191352844,6.643323659896851,0.45609450340270996,RefrigerationDevices,ACF&PACF: p=0 q=0,0,Rsastmf,ACF&PACF
1,0.7413333333333333,214.7278938293457,0.5321645736694336,207.7816607952118,6.000041246414185,0.40764832496643066,RefrigerationDevices,ACF&PACF: p=0 q=0,0,DictRsast,ACF&PACF
2,0.6373333333333333,262.3179783821106,0.4818994998931885,255.3734061717987,6.062721014022827,0.3928816318511963,RefrigerationDevices,ACF&PACF: p=0 q=0.1,0.1,Rsastmf,ACF&PACF
3,0.7013333333333334,287.41897106170654,0.47953271865844727,279.8327510356903,6.704270839691162,0.39756059646606445,RefrigerationDevices,ACF&PACF: p=0 q=0.1,0.1,DictRsast,ACF&PACF
4,0.6426666666666667,261.89384269714355,0.47551798820495605,254.08883666992188,6.890671253204346,0.4322783946990967,RefrigerationDevices,ACF&PACF: p=0.1 q=0.1,0.1,Rsastmf,ACF&PACF
5,0.6533333333333333,294.8052887916565,0.5256116390228271,286.5315968990326,7.325085401535034,0.41849303245544434,RefrigerationDevices,ACF&PACF: p=0.1 q=0.1,0.1,DictRsast,ACF&PACF
