,accuracy,time,cweights_time,fsubsequence_time,tdataset_time,tclassifier_time,dataset_name,classifier_name,range_q,method,len_method
0,0.41555555555555557,5181.869151592255,1.6113953590393066,5113.937135457993,64.36354613304138,1.940800428390503,SemgHandMovementCh2,ACF&PACF: p=0 q=0,0,Rsastmf,ACF&PACF
1,0.5177777777777778,3932.081069469452,1.7990705966949463,3864.172521352768,64.09531331062317,1.9929859638214111,SemgHandMovementCh2,ACF&PACF: p=0 q=0,0,DictRsast,ACF&PACF
2,0.42,4141.65682721138,1.6066393852233887,4073.06019449234,65.00540709495544,1.9691855907440186,SemgHandMovementCh2,ACF&PACF: p=0 q=0.1,0.1,Rsastmf,ACF&PACF
3,0.5777777777777777,3955.309253692627,1.606252908706665,3889.381847143173,62.399359703063965,1.9066312313079834,SemgHandMovementCh2,ACF&PACF: p=0 q=0.1,0.1,DictRsast,ACF&PACF
4,0.44666666666666666,4370.229959011078,1.6070137023925781,4289.770561695099,76.84096574783325,1.9951117038726807,SemgHandMovementCh2,ACF&PACF: p=0.1 q=0.1,0.1,Rsastmf,ACF&PACF
5,0.5377777777777778,4531.74734544754,1.607349157333374,4453.582043886185,74.59122347831726,1.9493095874786377,SemgHandMovementCh2,ACF&PACF: p=0.1 q=0.1,0.1,DictRsast,ACF&PACF
