,accuracy,time,cweights_time,fsubsequence_time,tdataset_time,tclassifier_time,dataset_name,classifier_name,range_q,method,len_method
0,1.0,1.125546932220459,0.04721498489379883,0.5626013278961182,0.23154163360595703,0.28023386001586914,Wafer,ACF&PACF: p=0 q=0,0,Rsastmf,ACF&PACF
1,1.0,1.6505317687988281,0.09006071090698242,0.9235489368438721,0.24895167350769043,0.3841574192047119,Wafer,ACF&PACF: p=0 q=0,0,DictRsast,ACF&PACF
2,0.9990266060999351,1.6353557109832764,0.08574962615966797,0.861539363861084,0.35039520263671875,0.33634257316589355,Wafer,ACF&PACF: p=0 q=0.1,0.1,Rsastmf,ACF&PACF
3,1.0,1.6588988304138184,0.09952306747436523,0.9493460655212402,0.2794647216796875,0.3290822505950928,Wafer,ACF&PACF: p=0 q=0.1,0.1,DictRsast,ACF&PACF
4,0.999675535366645,1.6369779109954834,0.08070039749145508,0.9026343822479248,0.2926194667816162,0.35985898971557617,Wafer,ACF&PACF: p=0.1 q=0.1,0.1,Rsastmf,ACF&PACF
5,0.9931862426995457,1.5856707096099854,0.09084439277648926,0.8820734024047852,0.2924199104309082,0.31911325454711914,Wafer,ACF&PACF: p=0.1 q=0.1,0.1,DictRsast,ACF&PACF
