,accuracy,time,cweights_time,fsubsequence_time,tdataset_time,tclassifier_time,dataset_name,classifier_name,range_q,method,len_method
0,0.7383333333333333,1398.5763444900513,1.2577793598175049,1374.2022461891174,22.733002424240112,0.37528300285339355,SemgHandGenderCh2,ACF&PACF: p=0 q=0,0,Rsastmf,ACF&PACF
1,0.8766666666666667,1382.2044930458069,1.1190204620361328,1362.5807855129242,18.145896673202515,0.35150980949401855,SemgHandGenderCh2,ACF&PACF: p=0 q=0,0,DictRsast,ACF&PACF
2,0.7466666666666667,1320.2061722278595,1.1124951839447021,1298.6615357398987,20.055962324142456,0.3694491386413574,SemgHandGenderCh2,ACF&PACF: p=0 q=0.1,0.1,Rsastmf,ACF&PACF
3,0.89,1401.2314653396606,1.144188642501831,1382.760393857956,16.980886697769165,0.3383674621582031,SemgHandGenderCh2,ACF&PACF: p=0 q=0.1,0.1,DictRsast,ACF&PACF
4,0.755,1260.2516000270844,1.2570619583129883,1234.6748650074005,23.918373823165894,0.3945732116699219,SemgHandGenderCh2,ACF&PACF: p=0.1 q=0.1,0.1,Rsastmf,ACF&PACF
5,0.8316666666666667,1376.579698562622,1.1224162578582764,1361.28870511055,13.756378173828125,0.4047248363494873,SemgHandGenderCh2,ACF&PACF: p=0.1 q=0.1,0.1,DictRsast,ACF&PACF
