,accuracy,time,cweights_time,fsubsequence_time,tdataset_time,tclassifier_time,dataset_name,classifier_name,range_q,method,len_method
0,0.84,1348.5923130512238,0.3096432685852051,1342.4926407337189,5.654893636703491,0.13090848922729492,MixedShapesSmallTrain,ACF&PACF: p=0 q=0,0,Rsastmf,ACF&PACF
1,0.8362886597938144,1430.5548465251923,0.5916943550109863,1423.6560456752777,6.165925979614258,0.13591980934143066,MixedShapesSmallTrain,ACF&PACF: p=0 q=0,0,DictRsast,ACF&PACF
2,0.8408247422680413,1272.2843220233917,0.5959398746490479,1266.2317535877228,5.3182172775268555,0.13095307350158691,MixedShapesSmallTrain,ACF&PACF: p=0 q=0.1,0.1,Rsastmf,ACF&PACF
3,0.8585567010309278,1254.1481487751007,0.5708637237548828,1246.9739501476288,6.466273307800293,0.12801766395568848,MixedShapesSmallTrain,ACF&PACF: p=0 q=0.1,0.1,DictRsast,ACF&PACF
4,0.8474226804123711,1233.3902170658112,0.5952928066253662,1227.4819178581238,5.166119337081909,0.13504815101623535,MixedShapesSmallTrain,ACF&PACF: p=0.1 q=0.1,0.1,Rsastmf,ACF&PACF
5,0.8408247422680413,1358.8124425411224,0.5932924747467041,1353.1113600730896,4.975074768066406,0.12375426292419434,MixedShapesSmallTrain,ACF&PACF: p=0.1 q=0.1,0.1,DictRsast,ACF&PACF
