,accuracy,time,cweights_time,fsubsequence_time,tdataset_time,tclassifier_time,dataset_name,classifier_name,range_q,method,len_method
0,0.8,0.23733043670654297,0.027443885803222656,0.16414904594421387,0.03254580497741699,0.011950969696044922,ECG200,ACF&PACF: p=0 q=0,0,Rsastmf,ACF&PACF
1,0.72,0.2055373191833496,0.026171445846557617,0.15116262435913086,0.02063465118408203,0.0064275264739990234,ECG200,ACF&PACF: p=0 q=0,0,DictRsast,ACF&PACF
2,0.71,0.2582106590270996,0.03805112838745117,0.18409276008605957,0.02644824981689453,0.008129119873046875,ECG200,ACF&PACF: p=0 q=0.1,0.1,Rsastmf,ACF&PACF
3,0.78,0.24182629585266113,0.029529809951782227,0.18111753463745117,0.02019357681274414,0.009884357452392578,ECG200,ACF&PACF: p=0 q=0.1,0.1,DictRsast,ACF&PACF
4,0.76,0.2392897605895996,0.029302597045898438,0.1804361343383789,0.021167278289794922,0.007372617721557617,ECG200,ACF&PACF: p=0.1 q=0.1,0.1,Rsastmf,ACF&PACF
5,0.78,0.23678231239318848,0.028984546661376953,0.17934036254882812,0.02111983299255371,0.006788730621337891,ECG200,ACF&PACF: p=0.1 q=0.1,0.1,DictRsast,ACF&PACF
