,accuracy,time,cweights_time,fsubsequence_time,tdataset_time,tclassifier_time,dataset_name,classifier_name,range_q,method,len_method
0,0.7047619047619048,36.9733521938324,0.11527729034423828,36.69189691543579,0.13845157623291016,0.025784015655517578,Ham,ACF&PACF: p=0 q=0,0,Rsastmf,ACF&PACF
1,0.6857142857142857,41.11258053779602,0.1064138412475586,40.85368728637695,0.1300826072692871,0.02057790756225586,Ham,ACF&PACF: p=0 q=0,0,DictRsast,ACF&PACF
2,0.7333333333333333,31.559734106063843,0.13301515579223633,31.258082151412964,0.1468052864074707,0.019732236862182617,Ham,ACF&PACF: p=0 q=0.1,0.1,Rsastmf,ACF&PACF
3,0.7904761904761904,37.76398253440857,0.12442612648010254,37.490142583847046,0.12966513633728027,0.01810598373413086,Ham,ACF&PACF: p=0 q=0.1,0.1,DictRsast,ACF&PACF
4,0.7238095238095238,43.686052560806274,0.1269388198852539,43.37432527542114,0.15805935859680176,0.02506542205810547,Ham,ACF&PACF: p=0.1 q=0.1,0.1,Rsastmf,ACF&PACF
5,0.8,41.22475981712341,0.1403646469116211,40.90814185142517,0.15442848205566406,0.020087718963623047,Ham,ACF&PACF: p=0.1 q=0.1,0.1,DictRsast,ACF&PACF
