,accuracy,time,cweights_time,fsubsequence_time,tdataset_time,tclassifier_time,dataset_name,classifier_name,range_q,method,len_method
0,0.7969849246231155,35.471980810165405,0.20482182502746582,35.10509443283081,0.15038228034973145,0.008305549621582031,Symbols,ACF&PACF: p=0 q=0,0,Rsastmf,ACF&PACF
1,0.8552763819095477,26.61219882965088,0.18175196647644043,26.234885215759277,0.17955684661865234,0.013749837875366211,Symbols,ACF&PACF: p=0 q=0,0,DictRsast,ACF&PACF
2,0.8,32.04039144515991,0.20762181282043457,31.659730672836304,0.15434932708740234,0.014971017837524414,Symbols,ACF&PACF: p=0 q=0.1,0.1,Rsastmf,ACF&PACF
3,0.9206030150753769,30.08119797706604,0.1805403232574463,29.714019298553467,0.1683189868927002,0.015601873397827148,Symbols,ACF&PACF: p=0 q=0.1,0.1,DictRsast,ACF&PACF
4,0.8010050251256281,29.41315984725952,0.22221803665161133,29.028546810150146,0.14521527290344238,0.012917041778564453,Symbols,ACF&PACF: p=0.1 q=0.1,0.1,Rsastmf,ACF&PACF
5,0.8582914572864322,32.723148822784424,0.1554110050201416,32.37707448005676,0.1705796718597412,0.016398906707763672,Symbols,ACF&PACF: p=0.1 q=0.1,0.1,DictRsast,ACF&PACF
