,accuracy,time,cweights_time,fsubsequence_time,tdataset_time,tclassifier_time,dataset_name,classifier_name,range_q,method,len_method
0,0.8386023294509152,0.10802054405212402,0.018651247024536133,0.08110475540161133,0.005575895309448242,0.002293109893798828,SonyAIBORobotSurface1,ACF&PACF: p=0 q=0,0,Rsastmf,ACF&PACF
1,0.9018302828618968,0.11252212524414062,0.01979851722717285,0.08375978469848633,0.00614476203918457,0.0023386478424072266,SonyAIBORobotSurface1,ACF&PACF: p=0 q=0,0,DictRsast,ACF&PACF
2,0.826955074875208,0.11153793334960938,0.019938945770263672,0.08251237869262695,0.006425380706787109,0.0022225379943847656,SonyAIBORobotSurface1,ACF&PACF: p=0 q=0.1,0.1,Rsastmf,ACF&PACF
3,0.9101497504159733,0.10611295700073242,0.018681049346923828,0.07880091667175293,0.006243228912353516,0.0020143985748291016,SonyAIBORobotSurface1,ACF&PACF: p=0 q=0.1,0.1,DictRsast,ACF&PACF
4,0.8718801996672213,0.10546612739562988,0.018474340438842773,0.07872915267944336,0.005568027496337891,0.0021507740020751953,SonyAIBORobotSurface1,ACF&PACF: p=0.1 q=0.1,0.1,Rsastmf,ACF&PACF
5,0.9168053244592346,0.10628557205200195,0.018591642379760742,0.07897472381591797,0.006204128265380859,0.0020291805267333984,SonyAIBORobotSurface1,ACF&PACF: p=0.1 q=0.1,0.1,DictRsast,ACF&PACF
