,accuracy,time,cweights_time,fsubsequence_time,tdataset_time,tclassifier_time,dataset_name,classifier_name,range_q,method,len_method
0,0.3964265773310999,46.55840802192688,0.27872347831726074,38.29517865180969,5.71061897277832,2.264321804046631,UWaveGestureLibraryY,ACF&PACF: p=0 q=0,0,Rsastmf,ACF&PACF
1,0.30234505862646566,79.82968950271606,0.3190755844116211,72.54053616523743,5.004758596420288,1.9582467079162598,UWaveGestureLibraryY,ACF&PACF: p=0 q=0,0,DictRsast,ACF&PACF
2,0.4103852596314908,49.899186849594116,0.30088257789611816,42.81750178337097,5.325013160705566,1.446796178817749,UWaveGestureLibraryY,ACF&PACF: p=0 q=0.1,0.1,Rsastmf,ACF&PACF
3,0.33472920156337244,74.93303561210632,0.29702234268188477,67.77375507354736,5.003479242324829,1.8514692783355713,UWaveGestureLibraryY,ACF&PACF: p=0 q=0.1,0.1,DictRsast,ACF&PACF
4,0.41429369067560023,73.03383541107178,0.3191559314727783,65.19932389259338,5.504997968673706,2.0028059482574463,UWaveGestureLibraryY,ACF&PACF: p=0.1 q=0.1,0.1,Rsastmf,ACF&PACF
5,0.3224455611390285,49.47744798660278,0.29889440536499023,42.984946727752686,4.860042095184326,1.3222291469573975,UWaveGestureLibraryY,ACF&PACF: p=0.1 q=0.1,0.1,DictRsast,ACF&PACF
