,accuracy,time,cweights_time,fsubsequence_time,tdataset_time,tclassifier_time,dataset_name,classifier_name,range_q,method,len_method
0,0.9094202898550725,3022.996183156967,0.8317515850067139,3019.764492034912,2.3710641860961914,0.023790597915649414,CinCECGTorso,ACF&PACF: p=0 q=0,0,Rsastmf,ACF&PACF
1,0.9442028985507246,3093.827821493149,0.8397963047027588,3090.731385946274,2.2259953022003174,0.025146484375,CinCECGTorso,ACF&PACF: p=0 q=0,0,DictRsast,ACF&PACF
2,0.9065217391304348,2862.4724264144897,0.8403909206390381,2858.9962005615234,2.602914571762085,0.028015613555908203,CinCECGTorso,ACF&PACF: p=0 q=0.1,0.1,Rsastmf,ACF&PACF
3,0.9340579710144927,3027.8679711818695,0.8512582778930664,3024.5514488220215,2.4345085620880127,0.024953603744506836,CinCECGTorso,ACF&PACF: p=0 q=0.1,0.1,DictRsast,ACF&PACF
4,0.9202898550724637,2826.952689886093,0.8296291828155518,2823.047821044922,3.0466582775115967,0.02364802360534668,CinCECGTorso,ACF&PACF: p=0.1 q=0.1,0.1,Rsastmf,ACF&PACF
5,0.9304347826086956,3375.231863260269,0.8330259323120117,3372.2055175304413,2.1625354290008545,0.02624988555908203,CinCECGTorso,ACF&PACF: p=0.1 q=0.1,0.1,DictRsast,ACF&PACF
