,accuracy,time,cweights_time,fsubsequence_time,tdataset_time,tclassifier_time,dataset_name,classifier_name,range_q,method,len_method
0,0.9533333333333334,0.8530645370483398,0.05784416198730469,0.7617919445037842,0.023264408111572266,0.008311033248901367,BME,ACF&PACF: p=0 q=0,0,Rsastmf,ACF&PACF
1,0.49333333333333335,0.898395299911499,0.04937553405761719,0.8199677467346191,0.02112746238708496,0.005930662155151367,BME,ACF&PACF: p=0 q=0,0,DictRsast,ACF&PACF
2,0.9333333333333333,0.8441705703735352,0.04960155487060547,0.7606573104858398,0.025246620178222656,0.006871223449707031,BME,ACF&PACF: p=0 q=0.1,0.1,Rsastmf,ACF&PACF
3,0.6866666666666666,0.894519567489624,0.052037954330444336,0.8123178482055664,0.021853208541870117,0.005906343460083008,BME,ACF&PACF: p=0 q=0.1,0.1,DictRsast,ACF&PACF
4,0.9266666666666666,0.7126467227935791,0.04058074951171875,0.6383848190307617,0.027387380599975586,0.004392147064208984,BME,ACF&PACF: p=0.1 q=0.1,0.1,Rsastmf,ACF&PACF
5,0.7,0.7191431522369385,0.04947495460510254,0.6407272815704346,0.02333235740661621,0.004537105560302734,BME,ACF&PACF: p=0.1 q=0.1,0.1,DictRsast,ACF&PACF
