,accuracy,time,cweights_time,fsubsequence_time,tdataset_time,tclassifier_time,dataset_name,classifier_name,range_q,method,len_method
0,0.27090909090909093,9340.12317276001,1.2164266109466553,9313.593164205551,24.935884714126587,0.34470582008361816,InlineSkate,ACF&PACF: p=0 q=0,0,Rsastmf,ACF&PACF
1,0.29454545454545455,8618.651267528534,1.4022445678710938,8591.611598968506,25.251405477523804,0.34621429443359375,InlineSkate,ACF&PACF: p=0 q=0,0,DictRsast,ACF&PACF
2,0.27636363636363637,9400.154414892197,1.3371844291687012,9373.765703678131,24.675625801086426,0.3406062126159668,InlineSkate,ACF&PACF: p=0 q=0.1,0.1,Rsastmf,ACF&PACF
3,0.2927272727272727,8691.122129201889,1.3651189804077148,8666.147743225098,23.236804485321045,0.3471670150756836,InlineSkate,ACF&PACF: p=0 q=0.1,0.1,DictRsast,ACF&PACF
4,0.28363636363636363,8957.46084856987,1.3557374477386475,8930.67041015625,25.072458267211914,0.3370673656463623,InlineSkate,ACF&PACF: p=0.1 q=0.1,0.1,Rsastmf,ACF&PACF
5,0.3109090909090909,8847.259237766266,1.4069640636444092,8821.434277772903,24.040745496749878,0.34828615188598633,InlineSkate,ACF&PACF: p=0.1 q=0.1,0.1,DictRsast,ACF&PACF
