,accuracy,time,cweights_time,fsubsequence_time,tdataset_time,tclassifier_time,dataset_name,classifier_name,range_q,method,len_method
0,0.9266666666666666,0.8561391830444336,0.057027339935302734,0.7640683650970459,0.026000022888183594,0.00650334358215332,BME,ACF&PACF: p=0 q=0,0,Rsastmf,ACF&PACF
1,0.52,0.8362236022949219,0.052088022232055664,0.7525753974914551,0.02241230010986328,0.0072863101959228516,BME,ACF&PACF: p=0 q=0,0,DictRsast,ACF&PACF
2,0.8933333333333333,0.870927095413208,0.0596623420715332,0.7763543128967285,0.026174306869506836,0.0069353580474853516,BME,ACF&PACF: p=0 q=0.1,0.1,Rsastmf,ACF&PACF
3,0.66,0.6537585258483887,0.040548086166381836,0.5789239406585693,0.02766132354736328,0.005403041839599609,BME,ACF&PACF: p=0 q=0.1,0.1,DictRsast,ACF&PACF
4,0.9333333333333333,0.652838945388794,0.0402834415435791,0.580066442489624,0.02611255645751953,0.005167245864868164,BME,ACF&PACF: p=0.1 q=0.1,0.1,Rsastmf,ACF&PACF
5,0.6666666666666666,0.8327133655548096,0.049295902252197266,0.7487127780914307,0.028168916702270508,0.00529170036315918,BME,ACF&PACF: p=0.1 q=0.1,0.1,DictRsast,ACF&PACF
