,accuracy,time,cweights_time,fsubsequence_time,tdataset_time,tclassifier_time,dataset_name,classifier_name,range_q,method,len_method
0,0.5041322314049587,92.064297914505,0.14764189720153809,90.71298170089722,1.100255012512207,0.1023409366607666,OSULeaf,ACF&PACF: p=0 q=0,0,Rsastmf,ACF&PACF
1,0.9090909090909091,91.5720009803772,0.18539977073669434,90.11125612258911,1.1441078186035156,0.12799859046936035,OSULeaf,ACF&PACF: p=0 q=0,0,DictRsast,ACF&PACF
2,0.48760330578512395,94.08064436912537,0.14797472953796387,92.52832674980164,1.278421401977539,0.11985254287719727,OSULeaf,ACF&PACF: p=0 q=0.1,0.1,Rsastmf,ACF&PACF
3,0.9421487603305785,103.02229809761047,0.2331695556640625,101.21760654449463,1.4102470874786377,0.15557646751403809,OSULeaf,ACF&PACF: p=0 q=0.1,0.1,DictRsast,ACF&PACF
4,0.5082644628099173,137.77060794830322,0.2658569812774658,136.1215856075287,1.2353265285491943,0.14345073699951172,OSULeaf,ACF&PACF: p=0.1 q=0.1,0.1,Rsastmf,ACF&PACF
5,0.9008264462809917,120.40669655799866,0.2752668857574463,118.67969250679016,1.29408597946167,0.15296411514282227,OSULeaf,ACF&PACF: p=0.1 q=0.1,0.1,DictRsast,ACF&PACF
