,accuracy,time,cweights_time,fsubsequence_time,tdataset_time,tclassifier_time,dataset_name,classifier_name,range_q,method,len_method
0,0.5223958333333333,2.006546974182129,0.08835554122924805,1.6930310726165771,0.12464737892150879,0.0994119644165039,ChlorineConcentration,ACF&PACF: p=0 q=0,0,Rsastmf,ACF&PACF
1,0.6502604166666667,2.0147316455841064,0.08823227882385254,1.7204327583312988,0.11708498001098633,0.08783888816833496,ChlorineConcentration,ACF&PACF: p=0 q=0,0,DictRsast,ACF&PACF
2,0.484375,2.0187973976135254,0.08957171440124512,1.7261300086975098,0.1166086196899414,0.0853109359741211,ChlorineConcentration,ACF&PACF: p=0 q=0.1,0.1,Rsastmf,ACF&PACF
3,0.7020833333333333,1.7444450855255127,0.07201671600341797,1.420210599899292,0.13690781593322754,0.11421656608581543,ChlorineConcentration,ACF&PACF: p=0 q=0.1,0.1,DictRsast,ACF&PACF
4,0.5359375,1.935297966003418,0.08791875839233398,1.6293652057647705,0.12947869300842285,0.08742880821228027,ChlorineConcentration,ACF&PACF: p=0.1 q=0.1,0.1,Rsastmf,ACF&PACF
5,0.61796875,1.7672927379608154,0.07689237594604492,1.5052752494812012,0.1162729263305664,0.06761884689331055,ChlorineConcentration,ACF&PACF: p=0.1 q=0.1,0.1,DictRsast,ACF&PACF
