,accuracy,time,cweights_time,fsubsequence_time,tdataset_time,tclassifier_time,dataset_name,classifier_name,range_q,method,len_method
0,0.8232882328823288,0.6714136600494385,0.026215553283691406,0.1706407070159912,0.05428194999694824,0.4187653064727783,MelbournePedestrian,ACF&PACF: p=0 q=0,0,Rsastmf,ACF&PACF
1,0.8581385813858139,0.6000714302062988,0.020674705505371094,0.15597820281982422,0.05526852607727051,0.36670804023742676,MelbournePedestrian,ACF&PACF: p=0 q=0,0,DictRsast,ACF&PACF
2,0.8380483804838048,0.5689527988433838,0.016808509826660156,0.126115083694458,0.05387282371520996,0.37092089653015137,MelbournePedestrian,ACF&PACF: p=0 q=0.1,0.1,Rsastmf,ACF&PACF
3,0.8564985649856498,0.6422524452209473,0.017351627349853516,0.12745904922485352,0.06140756607055664,0.43456339836120605,MelbournePedestrian,ACF&PACF: p=0 q=0.1,0.1,DictRsast,ACF&PACF
4,0.8253382533825339,0.6228086948394775,0.029477834701538086,0.1579437255859375,0.05728554725646973,0.3763766288757324,MelbournePedestrian,ACF&PACF: p=0.1 q=0.1,0.1,Rsastmf,ACF&PACF
5,0.8556785567855678,0.7163686752319336,0.020578622817993164,0.13393020629882812,0.0593109130859375,0.5011584758758545,MelbournePedestrian,ACF&PACF: p=0.1 q=0.1,0.1,DictRsast,ACF&PACF
