,accuracy,time,cweights_time,fsubsequence_time,tdataset_time,tclassifier_time,dataset_name,classifier_name,range_q,method,len_method
0,0.888416707139388,891.3941006660461,1.227506160736084,857.4536988735199,29.803667545318604,2.900535821914673,StarLightCurves,ACF&PACF: p=0 q=0,0,Rsastmf,ACF&PACF
1,0.8353569694026226,684.7690842151642,1.0370886325836182,652.1973428726196,28.71143627166748,2.8082776069641113,StarLightCurves,ACF&PACF: p=0 q=0,0,DictRsast,ACF&PACF
2,0.8875667799902865,969.6164433956146,1.3318135738372803,938.057147026062,27.41774082183838,2.796175241470337,StarLightCurves,ACF&PACF: p=0 q=0.1,0.1,Rsastmf,ACF&PACF
3,0.9182855755220981,856.8562233448029,1.195690631866455,824.3973031044006,28.44003677368164,2.81270432472229,StarLightCurves,ACF&PACF: p=0 q=0.1,0.1,DictRsast,ACF&PACF
4,0.9388052452646916,756.3934419155121,1.5564022064208984,711.3840210437775,40.59318971633911,2.850660800933838,StarLightCurves,ACF&PACF: p=0.1 q=0.1,0.1,Rsastmf,ACF&PACF
5,0.9010441962117532,828.8266823291779,1.348930835723877,796.6201958656311,28.101115703582764,2.744225263595581,StarLightCurves,ACF&PACF: p=0.1 q=0.1,0.1,DictRsast,ACF&PACF
