,accuracy,time,cweights_time,fsubsequence_time,tdataset_time,tclassifier_time,dataset_name,classifier_name,range_q,method,len_method
0,0.23756906077348067,6119.6343314647675,1.4080464839935303,6063.140153169632,52.825129985809326,2.230649709701538,EOGHorizontalSignal,ACF&PACF: p=0 q=0,0,Rsastmf,ACF&PACF
1,0.505524861878453,5410.6083984375,1.5278162956237793,5353.633651733398,53.16893029212952,2.244637966156006,EOGHorizontalSignal,ACF&PACF: p=0 q=0,0,DictRsast,ACF&PACF
2,0.2430939226519337,5789.822825670242,1.42765474319458,5734.553259134293,51.594887495040894,2.221703052520752,EOGHorizontalSignal,ACF&PACF: p=0 q=0.1,0.1,Rsastmf,ACF&PACF
3,0.4889502762430939,5879.2296504974365,1.542766809463501,5822.80503153801,52.721763134002686,2.130938768386841,EOGHorizontalSignal,ACF&PACF: p=0 q=0.1,0.1,DictRsast,ACF&PACF
4,0.2430939226519337,5892.557852745056,1.5341320037841797,5836.250914573669,52.533496618270874,2.210716485977173,EOGHorizontalSignal,ACF&PACF: p=0.1 q=0.1,0.1,Rsastmf,ACF&PACF
5,0.32044198895027626,4875.944386005402,1.5396595001220703,4815.318355083466,56.8078453540802,2.243784189224243,EOGHorizontalSignal,ACF&PACF: p=0.1 q=0.1,0.1,DictRsast,ACF&PACF
