,accuracy,time,cweights_time,fsubsequence_time,tdataset_time,tclassifier_time,dataset_name,classifier_name,range_q,method,len_method
0,0.2292817679558011,5892.003711223602,1.3168144226074219,5832.963085174561,55.48923373222351,2.2038192749023438,EOGVerticalSignal,ACF&PACF: p=0 q=0,0,Rsastmf,ACF&PACF
1,0.425414364640884,5918.880933523178,0.747572660446167,5866.949930906296,49.022052526474,2.1405606269836426,EOGVerticalSignal,ACF&PACF: p=0 q=0,0,DictRsast,ACF&PACF
2,0.22099447513812154,6208.125127315521,1.4154603481292725,6151.6306936740875,52.85231900215149,2.193403482437134,EOGVerticalSignal,ACF&PACF: p=0 q=0.1,0.1,Rsastmf,ACF&PACF
3,0.38950276243093923,5378.157267332077,1.4265038967132568,5320.999920606613,53.484071016311646,2.220313310623169,EOGVerticalSignal,ACF&PACF: p=0 q=0.1,0.1,DictRsast,ACF&PACF
4,0.2292817679558011,5504.673568725586,1.4187328815460205,5450.129861116409,51.761099100112915,1.3377361297607422,EOGVerticalSignal,ACF&PACF: p=0.1 q=0.1,0.1,Rsastmf,ACF&PACF
5,0.212707182320442,5662.258797883987,1.5378010272979736,5603.873032331467,54.57834339141846,2.2385342121124268,EOGVerticalSignal,ACF&PACF: p=0.1 q=0.1,0.1,DictRsast,ACF&PACF
