,accuracy,time,cweights_time,fsubsequence_time,tdataset_time,tclassifier_time,dataset_name,classifier_name,range_q,method,len_method
0,0.7103882476390346,0.10378789901733398,0.02234506607055664,0.0702052116394043,0.0077817440032958984,0.002627849578857422,SonyAIBORobotSurface2,ACF&PACF: p=0 q=0,0,Rsastmf,ACF&PACF
1,0.8730325288562435,0.09671401977539062,0.01726055145263672,0.06849336624145508,0.007947206497192383,0.0025987625122070312,SonyAIBORobotSurface2,ACF&PACF: p=0 q=0,0,DictRsast,ACF&PACF
2,0.6841552990556139,0.09589409828186035,0.01731729507446289,0.06781864166259766,0.007870197296142578,0.002490997314453125,SonyAIBORobotSurface2,ACF&PACF: p=0 q=0.1,0.1,Rsastmf,ACF&PACF
3,0.8551941238195173,0.10646390914916992,0.017978191375732422,0.07684183120727539,0.008640766143798828,0.002531290054321289,SonyAIBORobotSurface2,ACF&PACF: p=0 q=0.1,0.1,DictRsast,ACF&PACF
4,0.7135362014690452,0.09614276885986328,0.01745891571044922,0.06796741485595703,0.007860183715820312,0.0024077892303466797,SonyAIBORobotSurface2,ACF&PACF: p=0.1 q=0.1,0.1,Rsastmf,ACF&PACF
5,0.832109129066107,0.09597635269165039,0.017282962799072266,0.06797575950622559,0.007804155349731445,0.002461671829223633,SonyAIBORobotSurface2,ACF&PACF: p=0.1 q=0.1,0.1,DictRsast,ACF&PACF
