,accuracy,time,cweights_time,fsubsequence_time,tdataset_time,tclassifier_time,dataset_name,classifier_name,range_q,method,len_method
0,0.578125,60.39236545562744,0.12712669372558594,59.979254961013794,0.24763917922973633,0.032732248306274414,Herring,ACF&PACF: p=0 q=0,0,Rsastmf,ACF&PACF
1,0.5625,72.7717297077179,0.11843276023864746,72.36611557006836,0.26651954650878906,0.016612768173217773,Herring,ACF&PACF: p=0 q=0,0,DictRsast,ACF&PACF
2,0.578125,73.80804109573364,0.1183004379272461,73.42240166664124,0.2479569911956787,0.01673579216003418,Herring,ACF&PACF: p=0 q=0.1,0.1,Rsastmf,ACF&PACF
3,0.5625,74.2252209186554,0.12044119834899902,73.82534122467041,0.26113295555114746,0.01643681526184082,Herring,ACF&PACF: p=0 q=0.1,0.1,DictRsast,ACF&PACF
4,0.59375,63.8066349029541,0.1488664150238037,63.37413740158081,0.26112961769104004,0.020225048065185547,Herring,ACF&PACF: p=0.1 q=0.1,0.1,Rsastmf,ACF&PACF
5,0.609375,51.30421447753906,0.15358662605285645,50.84148550033569,0.2870786190032959,0.01982593536376953,Herring,ACF&PACF: p=0.1 q=0.1,0.1,DictRsast,ACF&PACF
