,accuracy,time,cweights_time,fsubsequence_time,tdataset_time,tclassifier_time,dataset_name,classifier_name,range_q,method,len_method
0,0.20147679324894516,5105.304085016251,1.2828049659729004,5067.699250459671,35.202441930770874,1.0842747688293457,Phoneme,ACF&PACF: p=0 q=0,0,Rsastmf,ACF&PACF
1,0.23523206751054854,4453.858578920364,1.3138103485107422,4416.831136226654,34.62061071395874,1.0652432441711426,Phoneme,ACF&PACF: p=0 q=0,0,DictRsast,ACF&PACF
2,0.20042194092827004,4579.812232017517,1.3221039772033691,4541.5055232048035,35.90141153335571,1.0519278049468994,Phoneme,ACF&PACF: p=0 q=0.1,0.1,Rsastmf,ACF&PACF
3,0.25316455696202533,4769.161071538925,1.365210771560669,4731.99303650856,34.72045874595642,1.0525553226470947,Phoneme,ACF&PACF: p=0 q=0.1,0.1,DictRsast,ACF&PACF
4,0.20147679324894516,4120.789678573608,1.5790512561798096,4081.0161640644073,37.09524583816528,1.0718986988067627,Phoneme,ACF&PACF: p=0.1 q=0.1,0.1,Rsastmf,ACF&PACF
5,0.23364978902953587,4094.2596848011017,1.3217506408691406,4055.7175414562225,36.11478900909424,1.070267915725708,Phoneme,ACF&PACF: p=0.1 q=0.1,0.1,DictRsast,ACF&PACF
