,accuracy,time,cweights_time,fsubsequence_time,tdataset_time,tclassifier_time,dataset_name,classifier_name,range_q,method,len_method
0,0.7453906935908692,0.15943264961242676,0.025895118713378906,0.12092852592468262,0.007987260818481445,0.0035622119903564453,TwoLeadECG,ACF&PACF: p=0 q=0,0,Rsastmf,ACF&PACF
1,0.8270412642669008,0.14387845993041992,0.022947072982788086,0.1083834171295166,0.008097410202026367,0.003293752670288086,TwoLeadECG,ACF&PACF: p=0 q=0,0,DictRsast,ACF&PACF
2,0.7102721685689201,0.14338994026184082,0.02202773094177246,0.10786581039428711,0.008558511734008789,0.00403285026550293,TwoLeadECG,ACF&PACF: p=0 q=0.1,0.1,Rsastmf,ACF&PACF
3,0.8955223880597015,0.1430366039276123,0.021664857864379883,0.10886597633361816,0.009080648422241211,0.0028314590454101562,TwoLeadECG,ACF&PACF: p=0 q=0.1,0.1,DictRsast,ACF&PACF
4,0.7120280948200176,0.14288640022277832,0.021883487701416016,0.10724401473999023,0.009238719940185547,0.00371551513671875,TwoLeadECG,ACF&PACF: p=0.1 q=0.1,0.1,Rsastmf,ACF&PACF
5,0.8735733099209834,0.12936830520629883,0.022945880889892578,0.09198403358459473,0.008306503295898438,0.005224704742431641,TwoLeadECG,ACF&PACF: p=0.1 q=0.1,0.1,DictRsast,ACF&PACF
