,accuracy,time,cweights_time,fsubsequence_time,tdataset_time,tclassifier_time,dataset_name,classifier_name,range_q,method,len_method
0,0.3252747252747253,108.15621781349182,0.34299612045288086,102.91394519805908,3.959393262863159,0.9308280944824219,FiftyWords,ACF&PACF: p=0 q=0,0,Rsastmf,ACF&PACF
1,0.25274725274725274,113.83555030822754,0.5948600769042969,108.51431107521057,3.5467348098754883,1.1682164669036865,FiftyWords,ACF&PACF: p=0 q=0,0,DictRsast,ACF&PACF
2,0.34065934065934067,81.88639521598816,0.5936238765716553,76.25710725784302,3.8283097743988037,1.195554256439209,FiftyWords,ACF&PACF: p=0 q=0.1,0.1,Rsastmf,ACF&PACF
3,0.3824175824175824,78.00973725318909,0.32547593116760254,72.23085379600525,4.25766921043396,1.186854600906372,FiftyWords,ACF&PACF: p=0 q=0.1,0.1,DictRsast,ACF&PACF
4,0.3384615384615385,105.74463891983032,0.593803882598877,100.47543859481812,3.6604180335998535,1.0035264492034912,FiftyWords,ACF&PACF: p=0.1 q=0.1,0.1,Rsastmf,ACF&PACF
5,0.34725274725274724,114.88452339172363,0.5795073509216309,110.00028252601624,3.5543253421783447,0.7342331409454346,FiftyWords,ACF&PACF: p=0.1 q=0.1,0.1,DictRsast,ACF&PACF
