,accuracy,time,cweights_time,fsubsequence_time,tdataset_time,tclassifier_time,dataset_name,classifier_name,range_q,method,len_method
0,0.45111111111111113,4498.623658657074,1.6066808700561523,4419.556978464127,75.41659712791443,2.019671678543091,SemgHandMovementCh2,ACF&PACF: p=0 q=0,0,Rsastmf,ACF&PACF
1,0.4888888888888889,4133.941612243652,1.8170630931854248,4073.6212928295135,56.50630044937134,1.9740262031555176,SemgHandMovementCh2,ACF&PACF: p=0 q=0,0,DictRsast,ACF&PACF
2,0.4288888888888889,4675.26664352417,1.8002510070800781,4606.626854896545,64.79112792015076,2.0305335521698,SemgHandMovementCh2,ACF&PACF: p=0 q=0.1,0.1,Rsastmf,ACF&PACF
3,0.6088888888888889,4672.127995729446,1.6070549488067627,4607.241685628891,61.25772404670715,2.005185842514038,SemgHandMovementCh2,ACF&PACF: p=0 q=0.1,0.1,DictRsast,ACF&PACF
4,0.41555555555555557,4008.456822872162,1.6130125522613525,3946.137408733368,58.68489170074463,1.998199701309204,SemgHandMovementCh2,ACF&PACF: p=0.1 q=0.1,0.1,Rsastmf,ACF&PACF
5,0.5355555555555556,4330.425972700119,1.5687835216522217,4255.706190824509,71.26314902305603,1.867652416229248,SemgHandMovementCh2,ACF&PACF: p=0.1 q=0.1,0.1,DictRsast,ACF&PACF
