,accuracy,time,cweights_time,fsubsequence_time,tdataset_time,tclassifier_time,dataset_name,classifier_name,range_q,method,len_method
0,0.7383669885864794,0.14197993278503418,0.02193474769592285,0.10712718963623047,0.007956981658935547,0.004221677780151367,TwoLeadECG,ACF&PACF: p=0 q=0,0,Rsastmf,ACF&PACF
1,0.7875329236172081,0.14406108856201172,0.022316455841064453,0.10815143585205078,0.008642196655273438,0.004207134246826172,TwoLeadECG,ACF&PACF: p=0 q=0,0,DictRsast,ACF&PACF
2,0.7489025460930641,0.14204192161560059,0.022677898406982422,0.10656404495239258,0.008811473846435547,0.0030167102813720703,TwoLeadECG,ACF&PACF: p=0 q=0.1,0.1,Rsastmf,ACF&PACF
3,0.8630377524143986,0.1412954330444336,0.021640777587890625,0.10713505744934082,0.007907867431640625,0.0037078857421875,TwoLeadECG,ACF&PACF: p=0 q=0.1,0.1,DictRsast,ACF&PACF
4,0.7120280948200176,0.15321707725524902,0.028473854064941406,0.11059045791625977,0.009742975234985352,0.0034711360931396484,TwoLeadECG,ACF&PACF: p=0.1 q=0.1,0.1,Rsastmf,ACF&PACF
5,0.835820895522388,0.1415576934814453,0.021882295608520508,0.10759234428405762,0.008351802825927734,0.0029273033142089844,TwoLeadECG,ACF&PACF: p=0.1 q=0.1,0.1,DictRsast,ACF&PACF
