,accuracy,time,cweights_time,fsubsequence_time,tdataset_time,tclassifier_time,dataset_name,classifier_name,range_q,method,len_method
0,0.2878787878787879,35.616081953048706,0.20578312873840332,34.49532508850098,0.7860918045043945,0.1237030029296875,InsectWingbeatSound,ACF&PACF: p=0 q=0,0,Rsastmf,ACF&PACF
1,0.4404040404040404,35.61013674736023,0.1939551830291748,34.55697274208069,0.7486820220947266,0.10398626327514648,InsectWingbeatSound,ACF&PACF: p=0 q=0,0,DictRsast,ACF&PACF
2,0.2818181818181818,33.026775598526,0.20470547676086426,31.931554555892944,0.7201077938079834,0.16447877883911133,InsectWingbeatSound,ACF&PACF: p=0 q=0.1,0.1,Rsastmf,ACF&PACF
3,0.5186868686868686,34.86903142929077,0.15418052673339844,33.98158645629883,0.608283519744873,0.11866879463195801,InsectWingbeatSound,ACF&PACF: p=0 q=0.1,0.1,DictRsast,ACF&PACF
4,0.295959595959596,34.22056698799133,0.19752860069274902,33.059181213378906,0.8355176448822021,0.12152838706970215,InsectWingbeatSound,ACF&PACF: p=0.1 q=0.1,0.1,Rsastmf,ACF&PACF
5,0.5070707070707071,44.69278049468994,0.16705965995788574,43.72582983970642,0.6825809478759766,0.11282992362976074,InsectWingbeatSound,ACF&PACF: p=0.1 q=0.1,0.1,DictRsast,ACF&PACF
