,accuracy,time,cweights_time,fsubsequence_time,tdataset_time,tclassifier_time,dataset_name,classifier_name,range_q,method,len_method
0,0.4256410256410256,43.590165853500366,0.27202534675598145,41.17595553398132,1.6904675960540771,0.4455530643463135,CricketY,ACF&PACF: p=0 q=0,0,Rsastmf,ACF&PACF
1,0.7230769230769231,83.58354091644287,0.2741966247558594,81.05294990539551,1.8751757144927979,0.375760555267334,CricketY,ACF&PACF: p=0 q=0,0,DictRsast,ACF&PACF
2,0.45897435897435895,84.51492619514465,0.2821621894836426,81.72490882873535,2.0195391178131104,0.48151230812072754,CricketY,ACF&PACF: p=0 q=0.1,0.1,Rsastmf,ACF&PACF
3,0.7307692307692307,90.69102478027344,0.2661323547363281,88.10231351852417,1.8715977668762207,0.44591546058654785,CricketY,ACF&PACF: p=0 q=0.1,0.1,DictRsast,ACF&PACF
4,0.44871794871794873,80.23237133026123,0.2691948413848877,77.87403893470764,1.762606143951416,0.3207533359527588,CricketY,ACF&PACF: p=0.1 q=0.1,0.1,Rsastmf,ACF&PACF
5,0.6538461538461539,79.78387928009033,0.15776467323303223,77.19087362289429,1.9990589618682861,0.43206071853637695,CricketY,ACF&PACF: p=0.1 q=0.1,0.1,DictRsast,ACF&PACF
