,accuracy,time,cweights_time,fsubsequence_time,tdataset_time,tclassifier_time,dataset_name,classifier_name,range_q,method,len_method
0,0.4112227805695142,47.219589948654175,0.29862165451049805,40.02234101295471,4.50964617729187,2.380608081817627,UWaveGestureLibraryX,ACF&PACF: p=0 q=0,0,Rsastmf,ACF&PACF
1,0.35790061418202124,46.52964973449707,0.29506564140319824,39.47756004333496,4.817404508590698,1.9312496185302734,UWaveGestureLibraryX,ACF&PACF: p=0 q=0,0,DictRsast,ACF&PACF
2,0.4221105527638191,57.747658491134644,0.2987532615661621,51.15622067451477,4.495832920074463,1.7833428382873535,UWaveGestureLibraryX,ACF&PACF: p=0 q=0.1,0.1,Rsastmf,ACF&PACF
3,0.44276940256839753,53.180668115615845,0.2703068256378174,45.60428524017334,5.36954402923584,1.9291534423828125,UWaveGestureLibraryX,ACF&PACF: p=0 q=0.1,0.1,DictRsast,ACF&PACF
4,0.44221105527638194,60.94208121299744,0.32749509811401367,53.59643054008484,4.891261339187622,2.118356466293335,UWaveGestureLibraryX,ACF&PACF: p=0.1 q=0.1,0.1,Rsastmf,ACF&PACF
5,0.34477945281965383,56.15414476394653,0.3191392421722412,49.02056050300598,4.90058445930481,1.9071934223175049,UWaveGestureLibraryX,ACF&PACF: p=0.1 q=0.1,0.1,DictRsast,ACF&PACF
