,accuracy,time,cweights_time,fsubsequence_time,tdataset_time,tclassifier_time,dataset_name,classifier_name,range_q,method,len_method
0,0.8775147928994083,3.359884738922119,0.09487080574035645,2.650393486022949,0.40511322021484375,0.20568251609802246,FaceAll,ACF&PACF: p=0 q=0,0,Rsastmf,ACF&PACF
1,0.942603550295858,3.710779905319214,0.09454345703125,2.928683042526245,0.40722107887268066,0.2778031826019287,FaceAll,ACF&PACF: p=0 q=0,0,DictRsast,ACF&PACF
2,0.8881656804733727,3.9999125003814697,0.12670254707336426,3.27498459815979,0.4010288715362549,0.19489169120788574,FaceAll,ACF&PACF: p=0 q=0.1,0.1,Rsastmf,ACF&PACF
3,0.9739644970414201,3.5247721672058105,0.12532877922058105,2.7934772968292236,0.40436792373657227,0.19813966751098633,FaceAll,ACF&PACF: p=0 q=0.1,0.1,DictRsast,ACF&PACF
4,0.8461538461538461,3.266874074935913,0.12543082237243652,2.499253749847412,0.4332864284515381,0.20695018768310547,FaceAll,ACF&PACF: p=0.1 q=0.1,0.1,Rsastmf,ACF&PACF
5,0.9390532544378698,3.6221745014190674,0.12717366218566895,2.823103666305542,0.4676778316497803,0.20093607902526855,FaceAll,ACF&PACF: p=0.1 q=0.1,0.1,DictRsast,ACF&PACF
