,accuracy,time,cweights_time,fsubsequence_time,tdataset_time,tclassifier_time,dataset_name,classifier_name,range_q,method,len_method
0,0.6098765432098765,47.52605962753296,1.292325496673584,31.092761993408203,10.537776231765747,4.5997724533081055,FordB,ACF&PACF: p=0 q=0,0,Rsastmf,ACF&PACF
1,0.8296296296296296,48.308135986328125,1.3090159893035889,34.45973515510559,8.121827125549316,4.4132983684539795,FordB,ACF&PACF: p=0 q=0,0,DictRsast,ACF&PACF
2,0.6296296296296297,57.176931619644165,1.3197176456451416,39.96173906326294,10.554096460342407,5.336442708969116,FordB,ACF&PACF: p=0 q=0.1,0.1,Rsastmf,ACF&PACF
3,0.7308641975308642,55.32128953933716,1.7848351001739502,36.64958357810974,12.584908246994019,4.298612833023071,FordB,ACF&PACF: p=0 q=0.1,0.1,DictRsast,ACF&PACF
4,0.6395061728395062,52.91723275184631,1.5304889678955078,36.37096047401428,10.003719806671143,5.008478164672852,FordB,ACF&PACF: p=0.1 q=0.1,0.1,Rsastmf,ACF&PACF
5,0.8111111111111111,56.89892220497131,1.3275866508483887,43.831106185913086,7.903426885604858,3.833165407180786,FordB,ACF&PACF: p=0.1 q=0.1,0.1,DictRsast,ACF&PACF
