,accuracy,time,cweights_time,fsubsequence_time,tdataset_time,tclassifier_time,dataset_name,classifier_name,range_q,method,len_method
0,0.8486486486486486,4721.809180021286,10.323774099349976,4580.6162848472595,127.59863710403442,3.2555911540985107,HandOutlines,ACF&PACF: p=0 q=0,0,Rsastmf,ACF&PACF
1,0.8729729729729729,4748.517893314362,8.67613673210144,4593.454821586609,143.25290632247925,3.1216485500335693,HandOutlines,ACF&PACF: p=0 q=0,0,DictRsast,ACF&PACF
2,0.8621621621621621,4562.808710098267,10.191565752029419,4412.859444856644,136.51946544647217,3.2263569831848145,HandOutlines,ACF&PACF: p=0 q=0.1,0.1,Rsastmf,ACF&PACF
3,0.8783783783783784,4472.999517202377,6.786316633224487,4314.749061584473,148.2504107952118,3.2028133869171143,HandOutlines,ACF&PACF: p=0 q=0.1,0.1,DictRsast,ACF&PACF
4,0.8513513513513513,4555.710403680801,8.603923797607422,4416.346121788025,127.61596608161926,3.1321160793304443,HandOutlines,ACF&PACF: p=0.1 q=0.1,0.1,Rsastmf,ACF&PACF
5,0.8405405405405405,4399.480128288269,6.7340967655181885,4244.521667003632,145.96035194396973,2.2539069652557373,HandOutlines,ACF&PACF: p=0.1 q=0.1,0.1,DictRsast,ACF&PACF
