,accuracy,time,cweights_time,fsubsequence_time,tdataset_time,tclassifier_time,dataset_name,classifier_name,range_q,method,len_method
0,0.7722222222222223,0.7777166366577148,0.04640030860900879,0.642810583114624,0.06494784355163574,0.022324800491333008,PowerCons,ACF&PACF: p=0 q=0,0,Rsastmf,ACF&PACF
1,0.7666666666666667,0.7732946872711182,0.04619121551513672,0.645550012588501,0.06154465675354004,0.01855754852294922,PowerCons,ACF&PACF: p=0 q=0,0,DictRsast,ACF&PACF
2,0.8111111111111111,0.545203685760498,0.04523491859436035,0.4093904495239258,0.07234549522399902,0.016733169555664062,PowerCons,ACF&PACF: p=0 q=0.1,0.1,Rsastmf,ACF&PACF
3,0.8222222222222222,0.7839553356170654,0.04824948310852051,0.6421656608581543,0.0708622932434082,0.021407604217529297,PowerCons,ACF&PACF: p=0 q=0.1,0.1,DictRsast,ACF&PACF
4,0.85,0.7806954383850098,0.05448198318481445,0.6409561634063721,0.06263136863708496,0.020984649658203125,PowerCons,ACF&PACF: p=0.1 q=0.1,0.1,Rsastmf,ACF&PACF
5,0.8888888888888888,0.7873439788818359,0.05674147605895996,0.6407265663146973,0.06975531578063965,0.018625497817993164,PowerCons,ACF&PACF: p=0.1 q=0.1,0.1,DictRsast,ACF&PACF
