,accuracy,time,cweights_time,fsubsequence_time,tdataset_time,tclassifier_time,dataset_name,classifier_name,range_q,method,len_method
0,0.8133333333333334,254.21491408348083,0.4807147979736328,251.06148743629456,2.485098123550415,0.1847517490386963,LargeKitchenAppliances,ACF&PACF: p=0 q=0,0,Rsastmf,ACF&PACF
1,0.7653333333333333,259.59796690940857,0.5226638317108154,256.3798248767853,2.508617877960205,0.1835618019104004,LargeKitchenAppliances,ACF&PACF: p=0 q=0,0,DictRsast,ACF&PACF
2,0.752,293.998886346817,0.4841008186340332,291.36038994789124,1.9910380840301514,0.15738344192504883,LargeKitchenAppliances,ACF&PACF: p=0 q=0.1,0.1,Rsastmf,ACF&PACF
3,0.6053333333333333,277.7504212856293,0.47672128677368164,274.3968710899353,2.6976399421691895,0.17372965812683105,LargeKitchenAppliances,ACF&PACF: p=0 q=0.1,0.1,DictRsast,ACF&PACF
4,0.728,280.0047814846039,0.5227298736572266,276.8922634124756,2.4202988147735596,0.16564011573791504,LargeKitchenAppliances,ACF&PACF: p=0.1 q=0.1,0.1,Rsastmf,ACF&PACF
5,0.3546666666666667,292.54781436920166,0.48517656326293945,289.5950734615326,2.2993602752685547,0.16521096229553223,LargeKitchenAppliances,ACF&PACF: p=0.1 q=0.1,0.1,DictRsast,ACF&PACF
