,accuracy,time,cweights_time,fsubsequence_time,tdataset_time,tclassifier_time,dataset_name,classifier_name,range_q,method,len_method
0,0.5324675324675324,864.100180387497,0.566969633102417,857.3700268268585,5.953686714172363,0.20145893096923828,Worms,ACF&PACF: p=0 q=0,0,Rsastmf,ACF&PACF
1,0.5584415584415584,919.8046908378601,0.5682032108306885,912.846519947052,6.14762544631958,0.2335524559020996,Worms,ACF&PACF: p=0 q=0,0,DictRsast,ACF&PACF
2,0.5324675324675324,887.8218147754669,0.5762772560119629,880.6415252685547,6.344066858291626,0.24655914306640625,Worms,ACF&PACF: p=0 q=0.1,0.1,Rsastmf,ACF&PACF
3,0.5844155844155844,864.8919808864594,0.5753159523010254,856.2677984237671,7.797278881072998,0.24354004859924316,Worms,ACF&PACF: p=0 q=0.1,0.1,DictRsast,ACF&PACF
4,0.5324675324675324,889.7301361560822,0.5998053550720215,881.9485378265381,6.957135438919067,0.21646523475646973,Worms,ACF&PACF: p=0.1 q=0.1,0.1,Rsastmf,ACF&PACF
5,0.6493506493506493,758.6303088665009,0.569056510925293,751.201333284378,6.615085124969482,0.23485088348388672,Worms,ACF&PACF: p=0.1 q=0.1,0.1,DictRsast,ACF&PACF
