,accuracy,time,cweights_time,fsubsequence_time,tdataset_time,tclassifier_time,dataset_name,classifier_name,range_q,method,len_method
0,0.7469879518072289,79.69019794464111,0.1576671600341797,79.35648465156555,0.15674424171447754,0.011593818664550781,InsectEPGSmallTrain,ACF&PACF: p=0 q=0,0,Rsastmf,ACF&PACF
1,0.963855421686747,90.75925803184509,0.236541748046875,90.34855008125305,0.14799833297729492,0.022818326950073242,InsectEPGSmallTrain,ACF&PACF: p=0 q=0,0,DictRsast,ACF&PACF
2,0.7309236947791165,102.99635720252991,0.21561932563781738,102.59724736213684,0.16250944137573242,0.013260841369628906,InsectEPGSmallTrain,ACF&PACF: p=0 q=0.1,0.1,Rsastmf,ACF&PACF
3,0.963855421686747,112.70478248596191,0.17039060592651367,112.35610890388489,0.1629488468170166,0.008794546127319336,InsectEPGSmallTrain,ACF&PACF: p=0 q=0.1,0.1,DictRsast,ACF&PACF
4,0.7349397590361446,108.13443040847778,0.15977931022644043,107.79362511634827,0.1679675579071045,0.00948190689086914,InsectEPGSmallTrain,ACF&PACF: p=0.1 q=0.1,0.1,Rsastmf,ACF&PACF
5,0.9116465863453815,104.07825565338135,0.13924312591552734,103.77077651023865,0.1570601463317871,0.008125543594360352,InsectEPGSmallTrain,ACF&PACF: p=0.1 q=0.1,0.1,DictRsast,ACF&PACF
