,accuracy,time,cweights_time,fsubsequence_time,tdataset_time,tclassifier_time,dataset_name,classifier_name,range_q,method,len_method
0,0.5355555555555556,3647.3914098739624,1.7174029350280762,3584.0386946201324,59.89419770240784,1.7184338569641113,SemgHandSubjectCh2,ACF&PACF: p=0 q=0,0,Rsastmf,ACF&PACF
1,0.8377777777777777,3731.9955382347107,1.7567484378814697,3666.827143907547,61.77057409286499,1.6247320175170898,SemgHandSubjectCh2,ACF&PACF: p=0 q=0,0,DictRsast,ACF&PACF
2,0.5311111111111111,3511.514539718628,1.5761382579803467,3450.227084875107,57.92806792259216,1.769935131072998,SemgHandSubjectCh2,ACF&PACF: p=0 q=0.1,0.1,Rsastmf,ACF&PACF
3,0.8866666666666667,3433.538646221161,1.570669412612915,3375.1328823566437,55.22486686706543,1.597203016281128,SemgHandSubjectCh2,ACF&PACF: p=0 q=0.1,0.1,DictRsast,ACF&PACF
4,0.5622222222222222,3532.460113286972,1.5680513381958008,3459.9470949172974,69.24236178398132,1.6889784336090088,SemgHandSubjectCh2,ACF&PACF: p=0.1 q=0.1,0.1,Rsastmf,ACF&PACF
5,0.8511111111111112,3187.785351753235,1.7657315731048584,3114.620191335678,69.6539785861969,1.7297065258026123,SemgHandSubjectCh2,ACF&PACF: p=0.1 q=0.1,0.1,DictRsast,ACF&PACF
