,accuracy,time,cweights_time,fsubsequence_time,tdataset_time,tclassifier_time,dataset_name,classifier_name,range_q,method,len_method
0,0.9034059184812954,1503.923710346222,1.256086826324463,1445.0796058177948,54.193756341934204,3.3730833530426025,UWaveGestureLibraryAll,ACF&PACF: p=0 q=0,0,Rsastmf,ACF&PACF
1,0.7786152987158013,1862.8614268302917,1.2563533782958984,1804.2702434062958,53.965014934539795,3.3551905155181885,UWaveGestureLibraryAll,ACF&PACF: p=0 q=0,0,DictRsast,ACF&PACF
2,0.8958682300390843,1744.3607020378113,1.4378881454467773,1686.2410380840302,53.31540393829346,3.3535072803497314,UWaveGestureLibraryAll,ACF&PACF: p=0 q=0.1,0.1,Rsastmf,ACF&PACF
3,0.9003350083752094,1916.4426472187042,1.2297625541687012,1856.0565593242645,55.83564805984497,3.29829478263855,UWaveGestureLibraryAll,ACF&PACF: p=0 q=0.1,0.1,DictRsast,ACF&PACF
4,0.8930764935790061,1765.3797235488892,1.3529837131500244,1712.7355496883392,47.989800453186035,3.284585475921631,UWaveGestureLibraryAll,ACF&PACF: p=0.1 q=0.1,0.1,Rsastmf,ACF&PACF
5,0.8542713567839196,1417.9112253189087,1.2292578220367432,1361.2058391571045,52.18073606491089,3.2829246520996094,UWaveGestureLibraryAll,ACF&PACF: p=0.1 q=0.1,0.1,DictRsast,ACF&PACF
