,accuracy,time,cweights_time,fsubsequence_time,tdataset_time,tclassifier_time,dataset_name,classifier_name,range_q,method,len_method
0,0.8003508771929825,8.48565673828125,0.0827782154083252,8.337574005126953,0.05328679084777832,0.009070158004760742,FreezerSmallTrain,ACF&PACF: p=0 q=0,0,Rsastmf,ACF&PACF
1,0.5701754385964912,10.350093603134155,0.08950614929199219,10.186097383499146,0.05983924865722656,0.011818647384643555,FreezerSmallTrain,ACF&PACF: p=0 q=0,0,DictRsast,ACF&PACF
2,0.7796491228070176,11.867147445678711,0.09173822402954102,11.68861174583435,0.06626486778259277,0.01573324203491211,FreezerSmallTrain,ACF&PACF: p=0 q=0.1,0.1,Rsastmf,ACF&PACF
3,0.712280701754386,14.384571313858032,0.0813438892364502,14.230748414993286,0.06294965744018555,0.006489753723144531,FreezerSmallTrain,ACF&PACF: p=0 q=0.1,0.1,DictRsast,ACF&PACF
4,0.783859649122807,12.113621473312378,0.11681628227233887,11.929877996444702,0.05181312561035156,0.011601448059082031,FreezerSmallTrain,ACF&PACF: p=0.1 q=0.1,0.1,Rsastmf,ACF&PACF
5,0.8807017543859649,6.46113920211792,0.06567215919494629,6.334417819976807,0.05181574821472168,0.007226228713989258,FreezerSmallTrain,ACF&PACF: p=0.1 q=0.1,0.1,DictRsast,ACF&PACF
