,accuracy,time,cweights_time,fsubsequence_time,tdataset_time,tclassifier_time,dataset_name,classifier_name,range_q,method,len_method
0,0.8861097620203983,888.0651252269745,1.334991216659546,855.1264350414276,28.839370727539062,2.7556707859039307,StarLightCurves,ACF&PACF: p=0 q=0,0,Rsastmf,ACF&PACF
1,0.8374210781932977,870.6290330886841,1.2096285820007324,839.1241602897644,27.487712383270264,2.799981117248535,StarLightCurves,ACF&PACF: p=0 q=0,0,DictRsast,ACF&PACF
2,0.8794317629917435,879.0608434677124,1.196897268295288,848.384964466095,26.702420711517334,2.755279302597046,StarLightCurves,ACF&PACF: p=0 q=0.1,0.1,Rsastmf,ACF&PACF
3,0.917921321029626,900.0816016197205,1.2970764636993408,869.6905827522278,27.242079257965088,1.8406434059143066,StarLightCurves,ACF&PACF: p=0 q=0.1,0.1,DictRsast,ACF&PACF
4,0.8847741622146673,909.1283795833588,1.310882806777954,875.8166494369507,29.116143465042114,2.8756837844848633,StarLightCurves,ACF&PACF: p=0.1 q=0.1,0.1,Rsastmf,ACF&PACF
5,0.8987372510927635,850.34876704216,1.3069517612457275,817.2072441577911,29.040717601776123,2.785048007965088,StarLightCurves,ACF&PACF: p=0.1 q=0.1,0.1,DictRsast,ACF&PACF
