,accuracy,time,cweights_time,fsubsequence_time,tdataset_time,tclassifier_time,dataset_name,classifier_name,range_q,method,len_method
0,0.5461538461538461,79.56996083259583,0.2600233554840088,76.44238471984863,2.362424850463867,0.5003352165222168,CricketX,ACF&PACF: p=0 q=0,0,Rsastmf,ACF&PACF
1,0.7435897435897436,58.11811947822571,0.26334238052368164,54.97212219238281,2.358018398284912,0.5193767547607422,CricketX,ACF&PACF: p=0 q=0,0,DictRsast,ACF&PACF
2,0.5205128205128206,54.998602867126465,0.15125513076782227,52.32934236526489,2.1177570819854736,0.393218994140625,CricketX,ACF&PACF: p=0 q=0.1,0.1,Rsastmf,ACF&PACF
3,0.7256410256410256,80.82023644447327,0.2633552551269531,77.72740459442139,2.3052031993865967,0.5178968906402588,CricketX,ACF&PACF: p=0 q=0.1,0.1,DictRsast,ACF&PACF
4,0.541025641025641,72.11501049995422,0.25626277923583984,69.25997424125671,2.246124029159546,0.34560656547546387,CricketX,ACF&PACF: p=0.1 q=0.1,0.1,Rsastmf,ACF&PACF
5,0.6820512820512821,58.437496185302734,0.27517032623291016,55.80692386627197,2.050239086151123,0.2964179515838623,CricketX,ACF&PACF: p=0.1 q=0.1,0.1,DictRsast,ACF&PACF
