,accuracy,time,cweights_time,fsubsequence_time,tdataset_time,tclassifier_time,dataset_name,classifier_name,range_q,method,len_method
0,0.6834532374100719,0.3503851890563965,0.04797244071960449,0.1792895793914795,0.05452466011047363,0.06686925888061523,DistalPhalanxOutlineAgeGroup,ACF&PACF: p=0 q=0,0,Rsastmf,ACF&PACF
1,0.7410071942446043,0.3841397762298584,0.036843299865722656,0.22519588470458984,0.05543160438537598,0.06554865837097168,DistalPhalanxOutlineAgeGroup,ACF&PACF: p=0 q=0,0,DictRsast,ACF&PACF
2,0.7266187050359713,0.4387335777282715,0.05210447311401367,0.2462782859802246,0.0607914924621582,0.07805752754211426,DistalPhalanxOutlineAgeGroup,ACF&PACF: p=0 q=0.1,0.1,Rsastmf,ACF&PACF
3,0.762589928057554,0.3556089401245117,0.0365445613861084,0.18230247497558594,0.06418347358703613,0.07100677490234375,DistalPhalanxOutlineAgeGroup,ACF&PACF: p=0 q=0.1,0.1,DictRsast,ACF&PACF
4,0.7266187050359713,0.3432276248931885,0.029715538024902344,0.1813657283782959,0.06234478950500488,0.06827092170715332,DistalPhalanxOutlineAgeGroup,ACF&PACF: p=0.1 q=0.1,0.1,Rsastmf,ACF&PACF
5,0.7769784172661871,0.35002732276916504,0.03879547119140625,0.18107938766479492,0.05868387222290039,0.06973886489868164,DistalPhalanxOutlineAgeGroup,ACF&PACF: p=0.1 q=0.1,0.1,DictRsast,ACF&PACF
