,accuracy,time,cweights_time,fsubsequence_time,tdataset_time,tclassifier_time,dataset_name,classifier_name,range_q,method,len_method
0,0.6674242424242425,73.84096097946167,1.2732524871826172,54.512566804885864,12.460785865783691,5.589871168136597,FordA,ACF&PACF: p=0 q=0,0,Rsastmf,ACF&PACF
1,0.7871212121212121,63.72802519798279,1.3626072406768799,48.50233197212219,9.651397228240967,4.207569122314453,FordA,ACF&PACF: p=0 q=0,0,DictRsast,ACF&PACF
2,0.6833333333333333,72.71374654769897,1.4180488586425781,55.06126141548157,11.08681321144104,5.13936185836792,FordA,ACF&PACF: p=0 q=0.1,0.1,Rsastmf,ACF&PACF
3,0.7992424242424242,76.16600322723389,1.3029086589813232,56.64784479141235,13.12511920928955,5.085473299026489,FordA,ACF&PACF: p=0 q=0.1,0.1,DictRsast,ACF&PACF
4,0.728030303030303,83.61283087730408,1.2195274829864502,63.74406051635742,13.672407150268555,4.971912145614624,FordA,ACF&PACF: p=0.1 q=0.1,0.1,Rsastmf,ACF&PACF
5,0.7545454545454545,85.44896221160889,1.2890772819519043,62.91323113441467,16.539902210235596,4.695410490036011,FordA,ACF&PACF: p=0.1 q=0.1,0.1,DictRsast,ACF&PACF
