,accuracy,time,cweights_time,fsubsequence_time,tdataset_time,tclassifier_time,dataset_name,classifier_name,range_q,method,len_method
0,0.73,1506.7149515151978,1.257723093032837,1491.732477903366,13.330604314804077,0.38732314109802246,SemgHandGenderCh2,ACF&PACF: p=0 q=0,0,Rsastmf,ACF&PACF
1,0.8516666666666667,1694.6982188224792,1.1321065425872803,1680.2151083946228,12.94917345046997,0.3943769931793213,SemgHandGenderCh2,ACF&PACF: p=0 q=0,0,DictRsast,ACF&PACF
2,0.76,1507.1825885772705,1.268437147140503,1481.861080646515,23.832937717437744,0.21338963508605957,SemgHandGenderCh2,ACF&PACF: p=0 q=0.1,0.1,Rsastmf,ACF&PACF
3,0.84,1405.2228755950928,1.1155002117156982,1390.020870923996,13.681183338165283,0.39479947090148926,SemgHandGenderCh2,ACF&PACF: p=0 q=0.1,0.1,DictRsast,ACF&PACF
4,0.7483333333333333,1492.1290392875671,1.0783543586730957,1467.899985074997,22.771883964538574,0.3715193271636963,SemgHandGenderCh2,ACF&PACF: p=0.1 q=0.1,0.1,Rsastmf,ACF&PACF
5,0.8183333333333334,1481.3753082752228,1.2145204544067383,1462.3702974319458,17.391782760620117,0.39203667640686035,SemgHandGenderCh2,ACF&PACF: p=0.1 q=0.1,0.1,DictRsast,ACF&PACF
