,accuracy,time,cweights_time,fsubsequence_time,tdataset_time,tclassifier_time,dataset_name,classifier_name,range_q,method,len_method
0,0.8333333333333334,150.7413146495819,0.15560078620910645,149.93725275993347,0.6056733131408691,0.03609824180603027,Car,ACF&PACF: p=0 q=0,0,Rsastmf,ACF&PACF
1,0.5666666666666667,157.28858923912048,0.1541447639465332,156.5031542778015,0.5939874649047852,0.03236675262451172,Car,ACF&PACF: p=0 q=0,0,DictRsast,ACF&PACF
2,0.8333333333333334,202.75822138786316,0.1555190086364746,201.9869885444641,0.5627195835113525,0.04721832275390625,Car,ACF&PACF: p=0 q=0.1,0.1,Rsastmf,ACF&PACF
3,0.7166666666666667,199.39024472236633,0.15571022033691406,198.60973143577576,0.5757465362548828,0.042731285095214844,Car,ACF&PACF: p=0 q=0.1,0.1,DictRsast,ACF&PACF
4,0.8166666666666667,174.50668096542358,0.15464091300964355,173.67974996566772,0.6265318393707275,0.03842735290527344,Car,ACF&PACF: p=0.1 q=0.1,0.1,Rsastmf,ACF&PACF
5,0.8,224.127023935318,0.15304207801818848,223.32609248161316,0.6106266975402832,0.03217291831970215,Car,ACF&PACF: p=0.1 q=0.1,0.1,DictRsast,ACF&PACF
