,accuracy,time,cweights_time,fsubsequence_time,tdataset_time,tclassifier_time,dataset_name,classifier_name,range_q,method,len_method
0,0.5733333333333334,2791.353892326355,1.7587902545928955,2719.253845691681,68.6490466594696,1.6761655807495117,SemgHandSubjectCh2,ACF&PACF: p=0 q=0,0,Rsastmf,ACF&PACF
1,0.8311111111111111,3083.0648362636566,1.7665743827819824,3030.936264038086,48.687480449676514,1.6575682163238525,SemgHandSubjectCh2,ACF&PACF: p=0 q=0,0,DictRsast,ACF&PACF
2,0.5511111111111111,3711.168334007263,1.5553689002990723,3650.3285501003265,57.584956645965576,1.680210828781128,SemgHandSubjectCh2,ACF&PACF: p=0 q=0.1,0.1,Rsastmf,ACF&PACF
3,0.8644444444444445,3859.1789479255676,1.772280216217041,3806.5721917152405,49.85481095314026,0.9520313739776611,SemgHandSubjectCh2,ACF&PACF: p=0 q=0.1,0.1,DictRsast,ACF&PACF
4,0.5422222222222223,3794.4042644500732,1.55912446975708,3733.59645485878,57.56832456588745,1.6601262092590332,SemgHandSubjectCh2,ACF&PACF: p=0.1 q=0.1,0.1,Rsastmf,ACF&PACF
5,0.8266666666666667,3865.3470437526703,1.7582778930664062,3816.2109429836273,46.04670739173889,1.317241907119751,SemgHandSubjectCh2,ACF&PACF: p=0.1 q=0.1,0.1,DictRsast,ACF&PACF
