,accuracy,time,cweights_time,fsubsequence_time,tdataset_time,tclassifier_time,dataset_name,classifier_name,range_q,method,len_method
0,0.4025974025974026,1339.4061856269836,0.6888425350189209,1330.6342103481293,7.78959584236145,0.2824532985687256,Haptics,ACF&PACF: p=0 q=0,0,Rsastmf,ACF&PACF
1,0.4253246753246753,1387.4513761997223,0.6953246593475342,1379.3938570022583,7.071653842926025,0.27956509590148926,Haptics,ACF&PACF: p=0 q=0,0,DictRsast,ACF&PACF
2,0.43506493506493504,1618.919280052185,0.691091775894165,1610.9777002334595,6.959288835525513,0.28083229064941406,Haptics,ACF&PACF: p=0 q=0.1,0.1,Rsastmf,ACF&PACF
3,0.4772727272727273,1367.7937111854553,0.7243056297302246,1359.403290271759,7.375625371932983,0.2791719436645508,Haptics,ACF&PACF: p=0 q=0.1,0.1,DictRsast,ACF&PACF
4,0.42857142857142855,1433.3516426086426,0.7305760383605957,1424.986988544464,7.339360952377319,0.28290724754333496,Haptics,ACF&PACF: p=0.1 q=0.1,0.1,Rsastmf,ACF&PACF
5,0.39935064935064934,1513.4167022705078,0.6941516399383545,1504.8401000499725,7.587717294692993,0.28456902503967285,Haptics,ACF&PACF: p=0.1 q=0.1,0.1,DictRsast,ACF&PACF
