,accuracy,time,cweights_time,fsubsequence_time,tdataset_time,tclassifier_time,dataset_name,classifier_name,range_q,method,len_method
0,0.5222222222222223,3209.8263936042786,0.9205925464630127,3161.0656294822693,46.146095752716064,1.686403512954712,SemgHandSubjectCh2,ACF&PACF: p=0 q=0,0,Rsastmf,ACF&PACF
1,0.8244444444444444,3559.5928390026093,1.5795583724975586,3500.2954523563385,56.742271423339844,0.9683864116668701,SemgHandSubjectCh2,ACF&PACF: p=0 q=0,0,DictRsast,ACF&PACF
2,0.5333333333333333,3316.7071702480316,1.7696189880371094,3255.924740791321,57.351985454559326,1.6495962142944336,SemgHandSubjectCh2,ACF&PACF: p=0 q=0.1,0.1,Rsastmf,ACF&PACF
3,0.8933333333333333,4530.614054441452,1.7707819938659668,4461.092076301575,66.11605525016785,1.6164906024932861,SemgHandSubjectCh2,ACF&PACF: p=0 q=0.1,0.1,DictRsast,ACF&PACF
4,0.5222222222222223,3189.0252180099487,1.7649586200714111,3134.059690475464,51.52982139587402,1.6503820419311523,SemgHandSubjectCh2,ACF&PACF: p=0.1 q=0.1,0.1,Rsastmf,ACF&PACF
5,0.8511111111111112,3467.519237279892,1.7480971813201904,3405.0026190280914,59.04217171669006,1.707735300064087,SemgHandSubjectCh2,ACF&PACF: p=0.1 q=0.1,0.1,DictRsast,ACF&PACF
