,accuracy,time,cweights_time,fsubsequence_time,tdataset_time,tclassifier_time,dataset_name,classifier_name,range_q,method,len_method
0,0.5552631578947368,1.4398739337921143,0.06773805618286133,1.0816693305969238,0.16297650337219238,0.1257798671722412,MedicalImages,ACF&PACF: p=0 q=0,0,Rsastmf,ACF&PACF
1,0.5302631578947369,1.3847448825836182,0.06777524948120117,1.0656635761260986,0.14187121391296387,0.1079549789428711,MedicalImages,ACF&PACF: p=0 q=0,0,DictRsast,ACF&PACF
2,0.5434210526315789,1.4532599449157715,0.07339715957641602,1.0899693965911865,0.16574358940124512,0.12188100814819336,MedicalImages,ACF&PACF: p=0 q=0.1,0.1,Rsastmf,ACF&PACF
3,0.5605263157894737,1.4346044063568115,0.06821060180664062,1.0886187553405762,0.15547919273376465,0.1205747127532959,MedicalImages,ACF&PACF: p=0 q=0.1,0.1,DictRsast,ACF&PACF
4,0.5684210526315789,1.438305139541626,0.06716489791870117,1.0824131965637207,0.1652235984802246,0.12173295021057129,MedicalImages,ACF&PACF: p=0.1 q=0.1,0.1,Rsastmf,ACF&PACF
5,0.5171052631578947,1.1660664081573486,0.06733536720275879,0.8173129558563232,0.1753542423248291,0.10434436798095703,MedicalImages,ACF&PACF: p=0.1 q=0.1,0.1,DictRsast,ACF&PACF
