,accuracy,time,cweights_time,fsubsequence_time,tdataset_time,tclassifier_time,dataset_name,classifier_name,range_q,method,len_method
0,0.9540540540540541,3.7051146030426025,0.1003272533416748,3.0011351108551025,0.412097692489624,0.18925952911376953,Strawberry,ACF&PACF: p=0 q=0,0,Rsastmf,ACF&PACF
1,0.9621621621621622,3.8581326007843018,0.11931848526000977,3.165944814682007,0.3919198513031006,0.1785426139831543,Strawberry,ACF&PACF: p=0 q=0,0,DictRsast,ACF&PACF
2,0.9540540540540541,3.5668768882751465,0.0968313217163086,2.845963478088379,0.44255757331848145,0.17922568321228027,Strawberry,ACF&PACF: p=0 q=0.1,0.1,Rsastmf,ACF&PACF
3,0.9594594594594594,3.5491318702697754,0.0748298168182373,2.8008079528808594,0.42500734329223633,0.24647998809814453,Strawberry,ACF&PACF: p=0 q=0.1,0.1,DictRsast,ACF&PACF
4,0.9540540540540541,3.91123628616333,0.11908602714538574,3.134547472000122,0.47482728958129883,0.18013429641723633,Strawberry,ACF&PACF: p=0.1 q=0.1,0.1,Rsastmf,ACF&PACF
5,0.9621621621621622,3.4175899028778076,0.0751199722290039,2.6886000633239746,0.4751720428466797,0.17657899856567383,Strawberry,ACF&PACF: p=0.1 q=0.1,0.1,DictRsast,ACF&PACF
