,accuracy,time,cweights_time,fsubsequence_time,tdataset_time,tclassifier_time,dataset_name,classifier_name,range_q,method,len_method
0,0.5342465753424658,51.27955150604248,0.17771029472351074,50.781938791275024,0.2867295742034912,0.029769182205200195,Lightning7,ACF&PACF: p=0 q=0,0,Rsastmf,ACF&PACF
1,0.547945205479452,50.685240268707275,0.18371891975402832,50.17002248764038,0.29004502296447754,0.03789877891540527,Lightning7,ACF&PACF: p=0 q=0,0,DictRsast,ACF&PACF
2,0.547945205479452,54.98927450180054,0.16565966606140137,54.512028217315674,0.27639079093933105,0.031508684158325195,Lightning7,ACF&PACF: p=0 q=0.1,0.1,Rsastmf,ACF&PACF
3,0.6027397260273972,33.97756838798523,0.10097384452819824,33.56089162826538,0.28948378562927246,0.02369070053100586,Lightning7,ACF&PACF: p=0 q=0.1,0.1,DictRsast,ACF&PACF
4,0.5753424657534246,40.71794533729553,0.1363823413848877,40.19807195663452,0.3426053524017334,0.034696102142333984,Lightning7,ACF&PACF: p=0.1 q=0.1,0.1,Rsastmf,ACF&PACF
5,0.4657534246575342,32.934834241867065,0.10150146484375,32.501025676727295,0.29342126846313477,0.0350341796875,Lightning7,ACF&PACF: p=0.1 q=0.1,0.1,DictRsast,ACF&PACF
