,accuracy,time,cweights_time,fsubsequence_time,tdataset_time,tclassifier_time,dataset_name,classifier_name,range_q,method,len_method
0,0.6734848484848485,76.4379632472992,1.471881628036499,57.854798555374146,11.293002605438232,5.814418792724609,FordA,ACF&PACF: p=0 q=0,0,Rsastmf,ACF&PACF
1,0.7818181818181819,77.27397561073303,1.4550676345825195,57.27539277076721,13.543021202087402,4.996841669082642,FordA,ACF&PACF: p=0 q=0,0,DictRsast,ACF&PACF
2,0.7007575757575758,73.2600793838501,1.406822681427002,54.53621220588684,11.725955963134766,5.587307453155518,FordA,ACF&PACF: p=0 q=0.1,0.1,Rsastmf,ACF&PACF
3,0.7871212121212121,78.35097932815552,1.4974539279937744,60.3427677154541,11.602332353591919,4.9039506912231445,FordA,ACF&PACF: p=0 q=0.1,0.1,DictRsast,ACF&PACF
4,0.6462121212121212,68.64998316764832,1.4825258255004883,49.592055320739746,12.442832946777344,5.127994775772095,FordA,ACF&PACF: p=0.1 q=0.1,0.1,Rsastmf,ACF&PACF
5,0.7651515151515151,68.03240299224854,1.3764028549194336,49.64299559593201,12.690277338027954,4.318904399871826,FordA,ACF&PACF: p=0.1 q=0.1,0.1,DictRsast,ACF&PACF
