,accuracy,time,cweights_time,fsubsequence_time,tdataset_time,tclassifier_time,dataset_name,classifier_name,range_q,method,len_method
0,0.6229508196721312,146.06719517707825,0.18915414810180664,145.517103433609,0.33778953552246094,0.020987987518310547,Lightning2,ACF&PACF: p=0 q=0,0,Rsastmf,ACF&PACF
1,0.6885245901639344,132.00311589241028,0.20142626762390137,131.38186168670654,0.3959019184112549,0.021199941635131836,Lightning2,ACF&PACF: p=0 q=0,0,DictRsast,ACF&PACF
2,0.5737704918032787,132.68385529518127,0.22803258895874023,131.96917176246643,0.4498293399810791,0.030596256256103516,Lightning2,ACF&PACF: p=0 q=0.1,0.1,Rsastmf,ACF&PACF
3,0.7049180327868853,143.57231187820435,0.1533980369567871,143.0266785621643,0.36456871032714844,0.02205634117126465,Lightning2,ACF&PACF: p=0 q=0.1,0.1,DictRsast,ACF&PACF
4,0.6229508196721312,141.73447680473328,0.20448923110961914,141.06007552146912,0.450214147567749,0.01687479019165039,Lightning2,ACF&PACF: p=0.1 q=0.1,0.1,Rsastmf,ACF&PACF
5,0.6885245901639344,129.33472609519958,0.17398452758789062,128.75601649284363,0.38521337509155273,0.01669907569885254,Lightning2,ACF&PACF: p=0.1 q=0.1,0.1,DictRsast,ACF&PACF
