,accuracy,time,cweights_time,fsubsequence_time,tdataset_time,tclassifier_time,dataset_name,classifier_name,range_q,method,len_method
0,0.715,1634.5277099609375,1.1228177547454834,1621.240478515625,11.793422222137451,0.362224817276001,SemgHandGenderCh2,ACF&PACF: p=0 q=0,0,Rsastmf,ACF&PACF
1,0.865,1461.825953245163,1.2874650955200195,1444.354987859726,15.82799768447876,0.34649038314819336,SemgHandGenderCh2,ACF&PACF: p=0 q=0,0,DictRsast,ACF&PACF
2,0.7016666666666667,1569.695803642273,1.1114232540130615,1555.1587822437286,13.026256561279297,0.39168643951416016,SemgHandGenderCh2,ACF&PACF: p=0 q=0.1,0.1,Rsastmf,ACF&PACF
3,0.845,1387.8423919677734,1.137784481048584,1375.0948467254639,11.240919828414917,0.3620750904083252,SemgHandGenderCh2,ACF&PACF: p=0 q=0.1,0.1,DictRsast,ACF&PACF
4,0.7483333333333333,1509.154578924179,1.2566094398498535,1486.3223490715027,21.17595648765564,0.3909773826599121,SemgHandGenderCh2,ACF&PACF: p=0.1 q=0.1,0.1,Rsastmf,ACF&PACF
5,0.8583333333333333,1600.858874797821,1.1268284320831299,1580.140326499939,19.247459411621094,0.3377816677093506,SemgHandGenderCh2,ACF&PACF: p=0.1 q=0.1,0.1,DictRsast,ACF&PACF
