,accuracy,time,cweights_time,fsubsequence_time,tdataset_time,tclassifier_time,dataset_name,classifier_name,range_q,method,len_method
0,0.7037037037037037,3.0398566722869873,0.0634775161743164,2.926841974258423,0.03981781005859375,0.007680177688598633,Wine,ACF&PACF: p=0 q=0,0,Rsastmf,ACF&PACF
1,0.8703703703703703,3.0611519813537598,0.06627082824707031,2.945826292037964,0.039473772048950195,0.007447481155395508,Wine,ACF&PACF: p=0 q=0,0,DictRsast,ACF&PACF
2,0.6666666666666666,2.7950453758239746,0.06323361396789551,2.686431884765625,0.03720283508300781,0.00705265998840332,Wine,ACF&PACF: p=0 q=0.1,0.1,Rsastmf,ACF&PACF
3,0.9074074074074074,2.799473762512207,0.06321430206298828,2.6876354217529297,0.03973031044006348,0.007171630859375,Wine,ACF&PACF: p=0 q=0.1,0.1,DictRsast,ACF&PACF
4,0.7777777777777778,3.1433584690093994,0.06300520896911621,3.03003191947937,0.04065084457397461,0.007840156555175781,Wine,ACF&PACF: p=0.1 q=0.1,0.1,Rsastmf,ACF&PACF
5,0.9074074074074074,3.1342804431915283,0.06287074089050293,3.023294448852539,0.0384676456451416,0.007931947708129883,Wine,ACF&PACF: p=0.1 q=0.1,0.1,DictRsast,ACF&PACF
