,accuracy,time,cweights_time,fsubsequence_time,tdataset_time,tclassifier_time,dataset_name,classifier_name,range_q,method,len_method
0,0.7469879518072289,158.4360647201538,0.2751033306121826,157.39544296264648,0.7165501117706299,0.04442644119262695,InsectEPGRegularTrain,ACF&PACF: p=0 q=0,0,Rsastmf,ACF&PACF
1,1.0,161.82226657867432,0.2478795051574707,160.8849196434021,0.654219388961792,0.03120589256286621,InsectEPGRegularTrain,ACF&PACF: p=0 q=0,0,DictRsast,ACF&PACF
2,0.7309236947791165,151.1837408542633,0.15417265892028809,150.2916340827942,0.7026269435882568,0.031949758529663086,InsectEPGRegularTrain,ACF&PACF: p=0 q=0.1,0.1,Rsastmf,ACF&PACF
3,1.0,175.82899951934814,0.2579045295715332,174.84058260917664,0.684241533279419,0.04242372512817383,InsectEPGRegularTrain,ACF&PACF: p=0 q=0.1,0.1,DictRsast,ACF&PACF
4,0.751004016064257,141.87904620170593,0.19320034980773926,140.9373722076416,0.7086527347564697,0.036084890365600586,InsectEPGRegularTrain,ACF&PACF: p=0.1 q=0.1,0.1,Rsastmf,ACF&PACF
5,1.0,158.75965785980225,0.15891003608703613,157.83500814437866,0.7271087169647217,0.03463149070739746,InsectEPGRegularTrain,ACF&PACF: p=0.1 q=0.1,0.1,DictRsast,ACF&PACF
