,accuracy,time,cweights_time,fsubsequence_time,tdataset_time,tclassifier_time,dataset_name,classifier_name,range_q,method,len_method
0,0.11538461538461539,14388.110155582428,3.0902175903320312,14331.321208000183,53.18012356758118,0.4883997440338135,PigCVP,ACF&PACF: p=0 q=0,0,Rsastmf,ACF&PACF
1,0.8269230769230769,15061.033179998398,3.0863189697265625,15001.833270549774,55.58054995536804,0.4883701801300049,PigCVP,ACF&PACF: p=0 q=0,0,DictRsast,ACF&PACF
2,0.10096153846153846,14700.745018720627,3.1054046154022217,14640.42507147789,56.69759917259216,0.48332834243774414,PigCVP,ACF&PACF: p=0 q=0.1,0.1,Rsastmf,ACF&PACF
3,0.8173076923076923,14918.318578243256,3.0758564472198486,14859.917841434479,54.7781765460968,0.49246883392333984,PigCVP,ACF&PACF: p=0 q=0.1,0.1,DictRsast,ACF&PACF
4,0.11057692307692307,14155.56980752945,3.0950560569763184,14098.504106760025,53.45302128791809,0.4835641384124756,PigCVP,ACF&PACF: p=0.1 q=0.1,0.1,Rsastmf,ACF&PACF
5,0.8221153846153846,14171.652144908905,3.081104040145874,14114.532731056213,53.50111484527588,0.48758625984191895,PigCVP,ACF&PACF: p=0.1 q=0.1,0.1,DictRsast,ACF&PACF
