,accuracy,time,cweights_time,fsubsequence_time,tdataset_time,tclassifier_time,dataset_name,classifier_name,range_q,method,len_method
0,0.4253246753246753,1482.0952458381653,0.7267959117889404,1473.7282218933105,7.347512245178223,0.2794203758239746,Haptics,ACF&PACF: p=0 q=0,0,Rsastmf,ACF&PACF
1,0.4642857142857143,1618.8426711559296,0.6992371082305908,1610.8168487548828,7.028154611587524,0.28560781478881836,Haptics,ACF&PACF: p=0 q=0,0,DictRsast,ACF&PACF
2,0.40584415584415584,1751.2432403564453,0.7010617256164551,1743.1045043468475,7.136011838912964,0.28767943382263184,Haptics,ACF&PACF: p=0 q=0.1,0.1,Rsastmf,ACF&PACF
3,0.4577922077922078,1306.6691944599152,0.6906630992889404,1298.1801192760468,7.496812582015991,0.2861173152923584,Haptics,ACF&PACF: p=0 q=0.1,0.1,DictRsast,ACF&PACF
4,0.42857142857142855,1544.3528447151184,0.6913626194000244,1535.8737952709198,7.502001523971558,0.2736678123474121,Haptics,ACF&PACF: p=0.1 q=0.1,0.1,Rsastmf,ACF&PACF
5,0.40584415584415584,1680.7782278060913,0.6965599060058594,1672.462509393692,7.321028709411621,0.2828042507171631,Haptics,ACF&PACF: p=0.1 q=0.1,0.1,DictRsast,ACF&PACF
