,accuracy,time,cweights_time,fsubsequence_time,tdataset_time,tclassifier_time,dataset_name,classifier_name,range_q,method,len_method
0,0.7450980392156863,13.0236234664917,0.13305187225341797,12.846996307373047,0.03497719764709473,0.005637407302856445,DiatomSizeReduction,ACF&PACF: p=0 q=0,0,Rsastmf,ACF&PACF
1,0.8758169934640523,12.213471412658691,0.1343672275543213,12.036269664764404,0.03515934944152832,0.005407571792602539,DiatomSizeReduction,ACF&PACF: p=0 q=0,0,DictRsast,ACF&PACF
2,0.7418300653594772,13.198887586593628,0.10981631278991699,13.04561471939087,0.03586935997009277,0.004951000213623047,DiatomSizeReduction,ACF&PACF: p=0 q=0.1,0.1,Rsastmf,ACF&PACF
3,0.8823529411764706,13.551491260528564,0.10835123062133789,13.399077415466309,0.03590726852416992,0.005682706832885742,DiatomSizeReduction,ACF&PACF: p=0 q=0.1,0.1,DictRsast,ACF&PACF
4,0.7581699346405228,12.527010202407837,0.07971501350402832,12.40610957145691,0.03315567970275879,0.005659580230712891,DiatomSizeReduction,ACF&PACF: p=0.1 q=0.1,0.1,Rsastmf,ACF&PACF
5,0.8202614379084967,12.862183570861816,0.09257268905639648,12.724358320236206,0.03733086585998535,0.004995107650756836,DiatomSizeReduction,ACF&PACF: p=0.1 q=0.1,0.1,DictRsast,ACF&PACF
