,accuracy,time,cweights_time,fsubsequence_time,tdataset_time,tclassifier_time,dataset_name,classifier_name,range_q,method,len_method
0,0.897319587628866,1560.8251163959503,1.0574877262115479,1543.7125670909882,14.843509435653687,1.2006795406341553,MixedShapesRegularTrain,ACF&PACF: p=0 q=0,0,Rsastmf,ACF&PACF
1,0.9158762886597939,1046.4342942237854,1.078474760055542,1019.3331463336945,24.746761322021484,1.2620570659637451,MixedShapesRegularTrain,ACF&PACF: p=0 q=0,0,DictRsast,ACF&PACF
2,0.9055670103092783,1302.4751462936401,1.0816576480865479,1274.1234858036041,25.98572611808777,1.2699098587036133,MixedShapesRegularTrain,ACF&PACF: p=0 q=0.1,0.1,Rsastmf,ACF&PACF
3,0.9323711340206186,1304.3050909042358,0.9767496585845947,1279.652936220169,22.458208084106445,1.2065889835357666,MixedShapesRegularTrain,ACF&PACF: p=0 q=0.1,0.1,DictRsast,ACF&PACF
4,0.9059793814432989,1374.61372756958,1.1007440090179443,1347.0420417785645,25.185700178146362,1.272580862045288,MixedShapesRegularTrain,ACF&PACF: p=0.1 q=0.1,0.1,Rsastmf,ACF&PACF
5,0.9109278350515464,1415.0673623085022,1.0739200115203857,1390.6501023769379,22.13616967201233,1.1985769271850586,MixedShapesRegularTrain,ACF&PACF: p=0.1 q=0.1,0.1,DictRsast,ACF&PACF
