,accuracy,time,cweights_time,fsubsequence_time,tdataset_time,tclassifier_time,dataset_name,classifier_name,range_q,method,len_method
0,0.9513513513513514,4.198502540588379,0.13164067268371582,3.4155654907226562,0.4204385280609131,0.22470712661743164,Strawberry,ACF&PACF: p=0 q=0,0,Rsastmf,ACF&PACF
1,0.9621621621621622,3.935744524002075,0.13387513160705566,3.228118896484375,0.3917810916900635,0.1747899055480957,Strawberry,ACF&PACF: p=0 q=0,0,DictRsast,ACF&PACF
2,0.9378378378378378,3.537773847579956,0.07493400573730469,2.8224661350250244,0.45313525199890137,0.18543386459350586,Strawberry,ACF&PACF: p=0 q=0.1,0.1,Rsastmf,ACF&PACF
3,0.9621621621621622,4.0503294467926025,0.11862421035766602,3.3336362838745117,0.4188506603240967,0.17704010009765625,Strawberry,ACF&PACF: p=0 q=0.1,0.1,DictRsast,ACF&PACF
4,0.9675675675675676,3.5692636966705322,0.07381796836853027,2.863795042037964,0.4482097625732422,0.1814403533935547,Strawberry,ACF&PACF: p=0.1 q=0.1,0.1,Rsastmf,ACF&PACF
5,0.9513513513513514,3.771084785461426,0.09064650535583496,3.0145862102508545,0.4836544990539551,0.17997312545776367,Strawberry,ACF&PACF: p=0.1 q=0.1,0.1,DictRsast,ACF&PACF
