,accuracy,time,cweights_time,fsubsequence_time,tdataset_time,tclassifier_time,dataset_name,classifier_name,range_q,method,len_method
0,0.7318840579710145,9.623622417449951,0.07612395286560059,9.502628087997437,0.03727388381958008,0.00585627555847168,DodgerLoopGame,ACF&PACF: p=0 q=0,0,Rsastmf,ACF&PACF
1,0.572463768115942,8.514865159988403,0.0722050666809082,8.398500442504883,0.03589606285095215,0.006175994873046875,DodgerLoopGame,ACF&PACF: p=0 q=0,0,DictRsast,ACF&PACF
2,0.7536231884057971,6.9608917236328125,0.07751059532165527,6.837751388549805,0.036701202392578125,0.006765842437744141,DodgerLoopGame,ACF&PACF: p=0 q=0.1,0.1,Rsastmf,ACF&PACF
3,0.6739130434782609,9.454931735992432,0.0761415958404541,9.331790924072266,0.03793621063232422,0.005659818649291992,DodgerLoopGame,ACF&PACF: p=0 q=0.1,0.1,DictRsast,ACF&PACF
4,0.717391304347826,9.325568914413452,0.10252714157104492,9.17561149597168,0.03727221488952637,0.006588459014892578,DodgerLoopGame,ACF&PACF: p=0.1 q=0.1,0.1,Rsastmf,ACF&PACF
5,0.717391304347826,9.517800331115723,0.07599592208862305,9.390582799911499,0.04106450080871582,0.007420778274536133,DodgerLoopGame,ACF&PACF: p=0.1 q=0.1,0.1,DictRsast,ACF&PACF
