,accuracy,time,cweights_time,fsubsequence_time,tdataset_time,tclassifier_time,dataset_name,classifier_name,range_q,method,len_method
0,0.7429718875502008,169.93736720085144,0.14775705337524414,169.1006200313568,0.6502490043640137,0.03415036201477051,InsectEPGRegularTrain,ACF&PACF: p=0 q=0,0,Rsastmf,ACF&PACF
1,1.0,175.29536652565002,0.20682907104492188,174.37596011161804,0.6721758842468262,0.0362086296081543,InsectEPGRegularTrain,ACF&PACF: p=0 q=0,0,DictRsast,ACF&PACF
2,0.7389558232931727,157.60345125198364,0.22253823280334473,156.6161916255951,0.7169334888458252,0.04286766052246094,InsectEPGRegularTrain,ACF&PACF: p=0 q=0.1,0.1,Rsastmf,ACF&PACF
3,1.0,157.00897908210754,0.2623920440673828,156.03963899612427,0.6722211837768555,0.02980661392211914,InsectEPGRegularTrain,ACF&PACF: p=0 q=0.1,0.1,DictRsast,ACF&PACF
4,0.7469879518072289,154.3253824710846,0.14619946479797363,153.50582718849182,0.64090895652771,0.02890920639038086,InsectEPGRegularTrain,ACF&PACF: p=0.1 q=0.1,0.1,Rsastmf,ACF&PACF
5,1.0,167.14160203933716,0.2442469596862793,166.14686942100525,0.7179009914398193,0.02513432502746582,InsectEPGRegularTrain,ACF&PACF: p=0.1 q=0.1,0.1,DictRsast,ACF&PACF
