,accuracy,time,cweights_time,fsubsequence_time,tdataset_time,tclassifier_time,dataset_name,classifier_name,range_q,method,len_method
0,0.6818181818181818,0.3662874698638916,0.03581881523132324,0.18256187438964844,0.06555342674255371,0.08095669746398926,MiddlePhalanxOutlineAgeGroup,ACF&PACF: p=0 q=0,0,Rsastmf,ACF&PACF
1,0.6883116883116883,0.35656285285949707,0.029798507690429688,0.18393921852111816,0.06494832038879395,0.07653021812438965,MiddlePhalanxOutlineAgeGroup,ACF&PACF: p=0 q=0,0,DictRsast,ACF&PACF
2,0.7727272727272727,0.39771437644958496,0.039603471755981445,0.2116384506225586,0.06919360160827637,0.07553887367248535,MiddlePhalanxOutlineAgeGroup,ACF&PACF: p=0 q=0.1,0.1,Rsastmf,ACF&PACF
3,0.7077922077922078,0.3507826328277588,0.02906322479248047,0.18091034889221191,0.06774473190307617,0.07180452346801758,MiddlePhalanxOutlineAgeGroup,ACF&PACF: p=0 q=0.1,0.1,DictRsast,ACF&PACF
4,0.6623376623376623,0.37772464752197266,0.039302825927734375,0.18808960914611816,0.06711626052856445,0.08148002624511719,MiddlePhalanxOutlineAgeGroup,ACF&PACF: p=0.1 q=0.1,0.1,Rsastmf,ACF&PACF
5,0.7402597402597403,0.3703954219818115,0.03963613510131836,0.18874859809875488,0.061165809631347656,0.07919454574584961,MiddlePhalanxOutlineAgeGroup,ACF&PACF: p=0.1 q=0.1,0.1,DictRsast,ACF&PACF
