,accuracy,time,cweights_time,fsubsequence_time,tdataset_time,tclassifier_time,dataset_name,classifier_name,range_q,method,len_method
0,1.0,1.5153751373291016,0.09854674339294434,0.8388659954071045,0.24893856048583984,0.3278646469116211,Wafer,ACF&PACF: p=0 q=0,0,Rsastmf,ACF&PACF
1,1.0,1.6325352191925049,0.10059928894042969,0.937603235244751,0.2687695026397705,0.3234281539916992,Wafer,ACF&PACF: p=0 q=0,0,DictRsast,ACF&PACF
2,0.9995133030499675,1.5683188438415527,0.07838106155395508,0.8526387214660645,0.27202677726745605,0.36419677734375,Wafer,ACF&PACF: p=0 q=0.1,0.1,Rsastmf,ACF&PACF
3,1.0,1.3594825267791748,0.06830263137817383,0.7221753597259521,0.26634788513183594,0.3016338348388672,Wafer,ACF&PACF: p=0 q=0.1,0.1,DictRsast,ACF&PACF
4,0.9991888384166125,1.2805249691009521,0.052538156509399414,0.5834648609161377,0.33226895332336426,0.3113424777984619,Wafer,ACF&PACF: p=0.1 q=0.1,0.1,Rsastmf,ACF&PACF
5,0.9969175859831279,1.2834436893463135,0.06366539001464844,0.6118535995483398,0.3023800849914551,0.3046104907989502,Wafer,ACF&PACF: p=0.1 q=0.1,0.1,DictRsast,ACF&PACF
