,accuracy,time,cweights_time,fsubsequence_time,tdataset_time,tclassifier_time,dataset_name,classifier_name,range_q,method,len_method
0,0.5615384615384615,59.99143099784851,0.262401819229126,57.40035009384155,1.907397747039795,0.4155087471008301,CricketX,ACF&PACF: p=0 q=0,0,Rsastmf,ACF&PACF
1,0.7307692307692307,65.89742684364319,0.26507043838500977,63.20182704925537,2.036942958831787,0.38819360733032227,CricketX,ACF&PACF: p=0 q=0,0,DictRsast,ACF&PACF
2,0.5615384615384615,64.69735479354858,0.26644062995910645,62.06011462211609,2.06248140335083,0.3027040958404541,CricketX,ACF&PACF: p=0 q=0.1,0.1,Rsastmf,ACF&PACF
3,0.7461538461538462,84.01016759872437,0.26056933403015137,81.39318561553955,1.9606802463531494,0.3905456066131592,CricketX,ACF&PACF: p=0 q=0.1,0.1,DictRsast,ACF&PACF
4,0.5538461538461539,66.79739189147949,0.26397204399108887,64.07358527183533,2.0746703147888184,0.37921643257141113,CricketX,ACF&PACF: p=0.1 q=0.1,0.1,Rsastmf,ACF&PACF
5,0.6794871794871795,89.24012565612793,0.18980145454406738,86.25526881217957,2.295586585998535,0.4949204921722412,CricketX,ACF&PACF: p=0.1 q=0.1,0.1,DictRsast,ACF&PACF
