,accuracy,time,cweights_time,fsubsequence_time,tdataset_time,tclassifier_time,dataset_name,classifier_name,range_q,method,len_method
0,1.0,1.4739737510681152,0.07931923866271973,0.807809591293335,0.2761847972869873,0.3095388412475586,Wafer,ACF&PACF: p=0 q=0,0,Rsastmf,ACF&PACF
1,1.0,1.6389875411987305,0.08833503723144531,0.9400320053100586,0.27019381523132324,0.33924031257629395,Wafer,ACF&PACF: p=0 q=0,0,DictRsast,ACF&PACF
2,0.9988643737832577,1.5020723342895508,0.07007956504821777,0.6726901531219482,0.32175588607788086,0.43643879890441895,Wafer,ACF&PACF: p=0 q=0.1,0.1,Rsastmf,ACF&PACF
3,1.0,1.5380051136016846,0.08868145942687988,0.8525757789611816,0.27756786346435547,0.31801605224609375,Wafer,ACF&PACF: p=0 q=0.1,0.1,DictRsast,ACF&PACF
4,0.9998377676833226,1.5373222827911377,0.09070420265197754,0.8441572189331055,0.2878727912902832,0.3133561611175537,Wafer,ACF&PACF: p=0.1 q=0.1,0.1,Rsastmf,ACF&PACF
5,0.9902660609993511,1.6873164176940918,0.09091663360595703,0.9201371669769287,0.31221675872802734,0.3628063201904297,Wafer,ACF&PACF: p=0.1 q=0.1,0.1,DictRsast,ACF&PACF
