,accuracy,time,cweights_time,fsubsequence_time,tdataset_time,tclassifier_time,dataset_name,classifier_name,range_q,method,len_method
0,0.5435897435897435,63.79926133155823,0.19252300262451172,61.153629779815674,1.9269578456878662,0.5177271366119385,CricketX,ACF&PACF: p=0 q=0,0,Rsastmf,ACF&PACF
1,0.7,85.40140628814697,0.26311373710632324,82.63301229476929,1.9796223640441895,0.5157647132873535,CricketX,ACF&PACF: p=0 q=0,0,DictRsast,ACF&PACF
2,0.5435897435897435,88.26543927192688,0.17564630508422852,85.4370322227478,2.1370770931243896,0.5088188648223877,CricketX,ACF&PACF: p=0 q=0.1,0.1,Rsastmf,ACF&PACF
3,0.7410256410256411,92.316251039505,0.26697206497192383,89.24555158615112,2.2999768257141113,0.4943962097167969,CricketX,ACF&PACF: p=0 q=0.1,0.1,DictRsast,ACF&PACF
4,0.49230769230769234,66.55370330810547,0.1479041576385498,63.95985412597656,2.0006022453308105,0.44100189208984375,CricketX,ACF&PACF: p=0.1 q=0.1,0.1,Rsastmf,ACF&PACF
5,0.6897435897435897,62.94619274139404,0.16387319564819336,60.15529179573059,2.1454572677612305,0.47679948806762695,CricketX,ACF&PACF: p=0.1 q=0.1,0.1,DictRsast,ACF&PACF
