,accuracy,time,cweights_time,fsubsequence_time,tdataset_time,tclassifier_time,dataset_name,classifier_name,range_q,method,len_method
0,0.3069053708439898,45.31655287742615,0.19239330291748047,16.367971420288086,28.180187463760376,0.5747709274291992,Adiac,ACF&PACF: p=0 q=0,0,Rsastmf,ACF&PACF
1,0.38618925831202044,37.16470456123352,0.16629791259765625,15.024446249008179,21.027431964874268,0.9453728199005127,Adiac,ACF&PACF: p=0 q=0,0,DictRsast,ACF&PACF
2,0.30179028132992325,40.65412616729736,0.16675519943237305,14.756951570510864,25.123167753219604,0.6006553173065186,Adiac,ACF&PACF: p=0 q=0.1,0.1,Rsastmf,ACF&PACF
3,0.5191815856777494,34.770042419433594,0.24179387092590332,12.76337456703186,21.12316584587097,0.6322705745697021,Adiac,ACF&PACF: p=0 q=0.1,0.1,DictRsast,ACF&PACF
4,0.30434782608695654,34.11714768409729,0.2861354351043701,12.168798208236694,21.030386209487915,0.6185932159423828,Adiac,ACF&PACF: p=0.1 q=0.1,0.1,Rsastmf,ACF&PACF
5,0.5345268542199488,34.702428102493286,0.2681856155395508,12.510960340499878,21.226873636245728,0.6847703456878662,Adiac,ACF&PACF: p=0.1 q=0.1,0.1,DictRsast,ACF&PACF
