,accuracy,time,cweights_time,fsubsequence_time,tdataset_time,tclassifier_time,dataset_name,classifier_name,range_q,method,len_method
0,0.4173646007816862,65.07629537582397,0.2991018295288086,58.90648651123047,4.292737007141113,1.5654981136322021,UWaveGestureLibraryZ,ACF&PACF: p=0 q=0,0,Rsastmf,ACF&PACF
1,0.30876605248464545,71.87257695198059,0.31842923164367676,65.5396318435669,4.260483503341675,1.744091510772705,UWaveGestureLibraryZ,ACF&PACF: p=0 q=0,0,DictRsast,ACF&PACF
2,0.4369067560022334,50.63707447052002,0.3057241439819336,43.994662284851074,4.5216593742370605,1.807506799697876,UWaveGestureLibraryZ,ACF&PACF: p=0 q=0.1,0.1,Rsastmf,ACF&PACF
3,0.36655499720826357,66.31583857536316,0.29842352867126465,59.78510594367981,4.514296531677246,1.7129616737365723,UWaveGestureLibraryZ,ACF&PACF: p=0 q=0.1,0.1,DictRsast,ACF&PACF
4,0.43662758235622556,49.53360843658447,0.2933804988861084,42.348979473114014,4.930033206939697,1.9553253650665283,UWaveGestureLibraryZ,ACF&PACF: p=0.1 q=0.1,0.1,Rsastmf,ACF&PACF
5,0.3458961474036851,56.10539436340332,0.1973254680633545,49.09634470939636,4.920260667800903,1.8860020637512207,UWaveGestureLibraryZ,ACF&PACF: p=0.1 q=0.1,0.1,DictRsast,ACF&PACF
