,accuracy,time,cweights_time,fsubsequence_time,tdataset_time,tclassifier_time,dataset_name,classifier_name,range_q,method,len_method
0,0.8673773987206823,1502.3509345054626,0.6492371559143066,1499.7416150569916,1.8797156810760498,0.06446385383605957,Mallat,ACF&PACF: p=0 q=0,0,Rsastmf,ACF&PACF
1,0.9185501066098081,1694.8072407245636,0.6469581127166748,1692.5922269821167,1.5214416980743408,0.03818488121032715,Mallat,ACF&PACF: p=0 q=0,0,DictRsast,ACF&PACF
2,0.8609808102345415,1515.1879913806915,0.6430976390838623,1512.8386824131012,1.660567283630371,0.03735160827636719,Mallat,ACF&PACF: p=0 q=0.1,0.1,Rsastmf,ACF&PACF
3,0.9078891257995736,1514.6279153823853,0.6734888553619385,1512.3064036369324,1.6026115417480469,0.03627514839172363,Mallat,ACF&PACF: p=0 q=0.1,0.1,DictRsast,ACF&PACF
4,0.8635394456289979,1416.1717207431793,0.6496908664703369,1413.705159187317,1.7578125,0.04879593849182129,Mallat,ACF&PACF: p=0.1 q=0.1,0.1,Rsastmf,ACF&PACF
5,0.7833688699360342,1257.6483104228973,0.6418216228485107,1255.1594774723053,1.7839338779449463,0.054358720779418945,Mallat,ACF&PACF: p=0.1 q=0.1,0.1,DictRsast,ACF&PACF
