,accuracy,time,cweights_time,fsubsequence_time,tdataset_time,tclassifier_time,dataset_name,classifier_name,range_q,method,len_method
0,0.8494845360824742,1371.5865902900696,0.5968723297119141,1365.5532822608948,5.332940340042114,0.09450268745422363,MixedShapesSmallTrain,ACF&PACF: p=0 q=0,0,Rsastmf,ACF&PACF
1,0.8371134020618557,1373.4809634685516,0.5935165882110596,1367.3275134563446,5.425082683563232,0.1266329288482666,MixedShapesSmallTrain,ACF&PACF: p=0 q=0,0,DictRsast,ACF&PACF
2,0.8371134020618557,1271.9385664463043,0.6021361351013184,1265.3527686595917,5.845273971557617,0.12740135192871094,MixedShapesSmallTrain,ACF&PACF: p=0 q=0.1,0.1,Rsastmf,ACF&PACF
3,0.8705154639175258,1291.2267231941223,0.5947701930999756,1283.924652814865,6.5697715282440186,0.1228950023651123,MixedShapesSmallTrain,ACF&PACF: p=0 q=0.1,0.1,DictRsast,ACF&PACF
4,0.8387628865979382,1455.6235060691833,0.6029119491577148,1449.59907412529,5.277175188064575,0.13326096534729004,MixedShapesSmallTrain,ACF&PACF: p=0.1 q=0.1,0.1,Rsastmf,ACF&PACF
5,0.8597938144329897,1393.3349194526672,0.5998103618621826,1387.3584809303284,5.253483533859253,0.11519789695739746,MixedShapesSmallTrain,ACF&PACF: p=0.1 q=0.1,0.1,DictRsast,ACF&PACF
