,accuracy,time,cweights_time,fsubsequence_time,tdataset_time,tclassifier_time,dataset_name,classifier_name,range_q,method,len_method
0,0.5555555555555556,1.153329849243164,0.056957244873046875,1.0533277988433838,0.03521108627319336,0.005760908126831055,UMD,ACF&PACF: p=0 q=0,0,Rsastmf,ACF&PACF
1,0.5625,1.4512689113616943,0.05839133262634277,1.342512607574463,0.04055523872375488,0.007041215896606445,UMD,ACF&PACF: p=0 q=0,0,DictRsast,ACF&PACF
2,0.5347222222222222,1.4341471195220947,0.05809640884399414,1.3292863368988037,0.03944730758666992,0.005121469497680664,UMD,ACF&PACF: p=0 q=0.1,0.1,Rsastmf,ACF&PACF
3,0.8472222222222222,1.1955876350402832,0.05437517166137695,1.095609188079834,0.03800249099731445,0.005656719207763672,UMD,ACF&PACF: p=0 q=0.1,0.1,DictRsast,ACF&PACF
4,0.5555555555555556,1.1829960346221924,0.05509638786315918,1.082498550415039,0.037008047103881836,0.005859851837158203,UMD,ACF&PACF: p=0.1 q=0.1,0.1,Rsastmf,ACF&PACF
5,0.8958333333333334,1.4891676902770996,0.06328129768371582,1.3780982494354248,0.038703203201293945,0.0066030025482177734,UMD,ACF&PACF: p=0.1 q=0.1,0.1,DictRsast,ACF&PACF
