,accuracy,time,cweights_time,fsubsequence_time,tdataset_time,tclassifier_time,dataset_name,classifier_name,range_q,method,len_method
0,0.8245614035087719,7.18808388710022,0.07339262962341309,7.05780816078186,0.049530029296875,0.006027936935424805,ToeSegmentation1,ACF&PACF: p=0 q=0,0,Rsastmf,ACF&PACF
1,0.8421052631578947,7.2865071296691895,0.06107187271118164,7.166804313659668,0.05038166046142578,0.006745100021362305,ToeSegmentation1,ACF&PACF: p=0 q=0,0,DictRsast,ACF&PACF
2,0.8464912280701754,5.853521108627319,0.07423758506774902,5.722910165786743,0.04933762550354004,0.0053484439849853516,ToeSegmentation1,ACF&PACF: p=0 q=0.1,0.1,Rsastmf,ACF&PACF
3,0.8552631578947368,6.594746112823486,0.07398557662963867,6.471794366836548,0.04120230674743652,0.006268501281738281,ToeSegmentation1,ACF&PACF: p=0 q=0.1,0.1,DictRsast,ACF&PACF
4,0.8377192982456141,9.956910133361816,0.07344865798950195,9.82734227180481,0.04905223846435547,0.005362272262573242,ToeSegmentation1,ACF&PACF: p=0.1 q=0.1,0.1,Rsastmf,ACF&PACF
5,0.8640350877192983,6.028048276901245,0.07349109649658203,5.905649423599243,0.043289899826049805,0.004244804382324219,ToeSegmentation1,ACF&PACF: p=0.1 q=0.1,0.1,DictRsast,ACF&PACF
