,accuracy,time,cweights_time,fsubsequence_time,tdataset_time,tclassifier_time,dataset_name,classifier_name,range_q,method,len_method
0,0.9076288659793814,1445.4888279438019,0.9712765216827393,1416.726752281189,26.49524736404419,1.2793364524841309,MixedShapesRegularTrain,ACF&PACF: p=0 q=0,0,Rsastmf,ACF&PACF
1,0.9195876288659793,1229.376714706421,0.9532153606414795,1201.7870693206787,25.382169008255005,1.2459311485290527,MixedShapesRegularTrain,ACF&PACF: p=0 q=0,0,DictRsast,ACF&PACF
2,0.9055670103092783,1252.7330012321472,0.9499602317810059,1224.8359763622284,25.707964420318604,1.2251343727111816,MixedShapesRegularTrain,ACF&PACF: p=0 q=0.1,0.1,Rsastmf,ACF&PACF
3,0.937319587628866,1108.3731536865234,1.076805591583252,1081.938068151474,24.091727018356323,1.2554736137390137,MixedShapesRegularTrain,ACF&PACF: p=0 q=0.1,0.1,DictRsast,ACF&PACF
4,0.8977319587628866,1417.6098499298096,1.0915098190307617,1392.620579957962,22.67939519882202,1.2016096115112305,MixedShapesRegularTrain,ACF&PACF: p=0.1 q=0.1,0.1,Rsastmf,ACF&PACF
5,0.9055670103092783,1304.0326309204102,0.959754467010498,1276.8110375404358,24.972031354904175,1.2767698764801025,MixedShapesRegularTrain,ACF&PACF: p=0.1 q=0.1,0.1,DictRsast,ACF&PACF
