,accuracy,time,cweights_time,fsubsequence_time,tdataset_time,tclassifier_time,dataset_name,classifier_name,range_q,method,len_method
0,0.64,245.33305978775024,0.5208344459533691,240.01166605949402,4.474142789840698,0.32224202156066895,ScreenType,ACF&PACF: p=0 q=0,0,Rsastmf,ACF&PACF
1,0.5653333333333334,262.5381133556366,0.4829871654510498,256.6356317996979,5.176408767700195,0.23583364486694336,ScreenType,ACF&PACF: p=0 q=0,0,DictRsast,ACF&PACF
2,0.624,266.8574869632721,0.4793522357940674,262.84131622314453,3.2266266345977783,0.3030717372894287,ScreenType,ACF&PACF: p=0 q=0.1,0.1,Rsastmf,ACF&PACF
3,0.4026666666666667,328.00469279289246,0.4815361499786377,323.4598217010498,3.736513376235962,0.3190615177154541,ScreenType,ACF&PACF: p=0 q=0.1,0.1,DictRsast,ACF&PACF
4,0.6426666666666667,312.41090631484985,0.48185110092163086,306.8437080383301,4.784929037094116,0.2961452007293701,ScreenType,ACF&PACF: p=0.1 q=0.1,0.1,Rsastmf,ACF&PACF
5,0.4026666666666667,291.46389603614807,0.5219337940216064,285.62603735923767,5.004248380661011,0.3071327209472656,ScreenType,ACF&PACF: p=0.1 q=0.1,0.1,DictRsast,ACF&PACF
