,accuracy,time,cweights_time,fsubsequence_time,tdataset_time,tclassifier_time,dataset_name,classifier_name,range_q,method,len_method
0,0.3891680625348967,50.99059534072876,0.3047616481781006,44.56762647628784,4.650639533996582,1.461665153503418,UWaveGestureLibraryY,ACF&PACF: p=0 q=0,0,Rsastmf,ACF&PACF
1,0.30178671133445,56.183982372283936,0.3245229721069336,49.94216179847717,4.59546422958374,1.3146953582763672,UWaveGestureLibraryY,ACF&PACF: p=0 q=0,0,DictRsast,ACF&PACF
2,0.4120603015075377,74.3950548171997,0.3202097415924072,67.158775806427,5.010874509811401,1.8969686031341553,UWaveGestureLibraryY,ACF&PACF: p=0 q=0.1,0.1,Rsastmf,ACF&PACF
3,0.36320491345616973,69.19646072387695,0.29745912551879883,61.26958084106445,5.666374921798706,1.957249402999878,UWaveGestureLibraryY,ACF&PACF: p=0 q=0.1,0.1,DictRsast,ACF&PACF
4,0.41513121161362365,70.44659852981567,0.3165438175201416,63.26264834403992,5.000062942504883,1.8609905242919922,UWaveGestureLibraryY,ACF&PACF: p=0.1 q=0.1,0.1,Rsastmf,ACF&PACF
5,0.3257956448911223,51.12033224105835,0.3238551616668701,44.52717924118042,4.927881717681885,1.3328485488891602,UWaveGestureLibraryY,ACF&PACF: p=0.1 q=0.1,0.1,DictRsast,ACF&PACF
