,accuracy,time,cweights_time,fsubsequence_time,tdataset_time,tclassifier_time,dataset_name,classifier_name,range_q,method,len_method
0,0.7520798668885191,0.08866691589355469,0.015581369400024414,0.06362056732177734,0.007224082946777344,0.0018601417541503906,SonyAIBORobotSurface1,ACF&PACF: p=0 q=0,0,Rsastmf,ACF&PACF
1,0.8652246256239601,0.08856081962585449,0.015492677688598633,0.06400299072265625,0.006970643997192383,0.0017719268798828125,SonyAIBORobotSurface1,ACF&PACF: p=0 q=0,0,DictRsast,ACF&PACF
2,0.8202995008319468,0.11234450340270996,0.019520044326782227,0.08292222023010254,0.0072748661041259766,0.0021927356719970703,SonyAIBORobotSurface1,ACF&PACF: p=0 q=0.1,0.1,Rsastmf,ACF&PACF
3,0.940099833610649,0.08784627914428711,0.015309810638427734,0.06352567672729492,0.006800413131713867,0.0018987655639648438,SonyAIBORobotSurface1,ACF&PACF: p=0 q=0.1,0.1,DictRsast,ACF&PACF
4,0.8219633943427621,0.08818221092224121,0.015289783477783203,0.0633230209350586,0.007445096969604492,0.0018076896667480469,SonyAIBORobotSurface1,ACF&PACF: p=0.1 q=0.1,0.1,Rsastmf,ACF&PACF
5,0.9184692179700499,0.10827517509460449,0.01837921142578125,0.07905435562133789,0.008250236511230469,0.0022115707397460938,SonyAIBORobotSurface1,ACF&PACF: p=0.1 q=0.1,0.1,DictRsast,ACF&PACF
