,accuracy,time,cweights_time,fsubsequence_time,tdataset_time,tclassifier_time,dataset_name,classifier_name,range_q,method,len_method
0,0.3384615384615385,110.30364608764648,0.37127065658569336,105.5151424407959,3.487316846847534,0.9179685115814209,FiftyWords,ACF&PACF: p=0 q=0,0,Rsastmf,ACF&PACF
1,0.2857142857142857,86.10772275924683,0.5902819633483887,81.55397987365723,3.213135004043579,0.7330446243286133,FiftyWords,ACF&PACF: p=0 q=0,0,DictRsast,ACF&PACF
2,0.3384615384615385,111.23913812637329,0.5912008285522461,105.6906988620758,3.758798837661743,1.1792292594909668,FiftyWords,ACF&PACF: p=0 q=0.1,0.1,Rsastmf,ACF&PACF
3,0.389010989010989,112.18019199371338,0.46895527839660645,107.37314558029175,3.597952127456665,0.7266685962677002,FiftyWords,ACF&PACF: p=0 q=0.1,0.1,DictRsast,ACF&PACF
4,0.3252747252747253,128.35057592391968,0.5985422134399414,123.45534539222717,3.5680787563323975,0.7114593982696533,FiftyWords,ACF&PACF: p=0.1 q=0.1,0.1,Rsastmf,ACF&PACF
5,0.3274725274725275,127.68532156944275,0.5992650985717773,122.72893333435059,3.619495391845703,0.7221894264221191,FiftyWords,ACF&PACF: p=0.1 q=0.1,0.1,DictRsast,ACF&PACF
