,accuracy,time,cweights_time,fsubsequence_time,tdataset_time,tclassifier_time,dataset_name,classifier_name,range_q,method,len_method
0,0.40444444444444444,4122.456198215485,1.5312848091125488,4047.2257227897644,71.70538473129272,1.9739582538604736,SemgHandMovementCh2,ACF&PACF: p=0 q=0,0,Rsastmf,ACF&PACF
1,0.5466666666666666,3684.462656021118,1.6017391681671143,3621.8130252361298,59.05227851867676,1.9816672801971436,SemgHandMovementCh2,ACF&PACF: p=0 q=0,0,DictRsast,ACF&PACF
2,0.43555555555555553,3688.2660627365112,1.6172854900360107,3619.9885234832764,64.70009350776672,1.9451699256896973,SemgHandMovementCh2,ACF&PACF: p=0 q=0.1,0.1,Rsastmf,ACF&PACF
3,0.6,4017.080752134323,1.7959299087524414,3944.6658997535706,68.71010828018188,1.8939924240112305,SemgHandMovementCh2,ACF&PACF: p=0 q=0.1,0.1,DictRsast,ACF&PACF
4,0.4177777777777778,4304.074884176254,1.8076128959655762,4238.077551841736,62.22771239280701,1.9386651515960693,SemgHandMovementCh2,ACF&PACF: p=0.1 q=0.1,0.1,Rsastmf,ACF&PACF
5,0.44666666666666666,4834.306170940399,1.796281337738037,4774.817814350128,55.63276195526123,2.03987717628479,SemgHandMovementCh2,ACF&PACF: p=0.1 q=0.1,0.1,DictRsast,ACF&PACF
