,accuracy,time,cweights_time,fsubsequence_time,tdataset_time,tclassifier_time,dataset_name,classifier_name,range_q,method,len_method
0,0.40312674483528754,62.256285429000854,0.3019413948059082,54.81532883644104,5.125301361083984,2.0015835762023926,UWaveGestureLibraryZ,ACF&PACF: p=0 q=0,0,Rsastmf,ACF&PACF
1,0.32523729759910663,59.08273506164551,0.3202517032623291,52.78174090385437,4.371225118637085,1.6024298667907715,UWaveGestureLibraryZ,ACF&PACF: p=0 q=0,0,DictRsast,ACF&PACF
2,0.4193188163037409,55.181817293167114,0.3024427890777588,48.013206005096436,4.82256007194519,2.03558349609375,UWaveGestureLibraryZ,ACF&PACF: p=0 q=0.1,0.1,Rsastmf,ACF&PACF
3,0.3743718592964824,50.869675159454346,0.3195350170135498,44.38536262512207,4.680487632751465,1.4774277210235596,UWaveGestureLibraryZ,ACF&PACF: p=0 q=0.1,0.1,DictRsast,ACF&PACF
4,0.44611948632049137,39.623807191848755,0.2978706359863281,32.43912100791931,4.92802357673645,1.9523217678070068,UWaveGestureLibraryZ,ACF&PACF: p=0.1 q=0.1,0.1,Rsastmf,ACF&PACF
5,0.33193746510329425,56.6413357257843,0.3254096508026123,49.77951455116272,4.735615968704224,1.7935731410980225,UWaveGestureLibraryZ,ACF&PACF: p=0.1 q=0.1,0.1,DictRsast,ACF&PACF
