,accuracy,time,cweights_time,fsubsequence_time,tdataset_time,tclassifier_time,dataset_name,classifier_name,range_q,method,len_method
0,0.9648648648648649,3.438865900039673,0.0743865966796875,2.647437572479248,0.4765794277191162,0.23811078071594238,Strawberry,ACF&PACF: p=0 q=0,0,Rsastmf,ACF&PACF
1,0.9756756756756757,3.731590986251831,0.10660386085510254,3.026498794555664,0.4228026866912842,0.17319512367248535,Strawberry,ACF&PACF: p=0 q=0,0,DictRsast,ACF&PACF
2,0.9702702702702702,3.458479881286621,0.07527542114257812,2.73982834815979,0.45712733268737793,0.18419861793518066,Strawberry,ACF&PACF: p=0 q=0.1,0.1,Rsastmf,ACF&PACF
3,0.9621621621621622,3.5981433391571045,0.09046626091003418,2.882071018218994,0.43986940383911133,0.18372678756713867,Strawberry,ACF&PACF: p=0 q=0.1,0.1,DictRsast,ACF&PACF
4,0.9621621621621622,3.8430120944976807,0.12001466751098633,3.0538063049316406,0.48116016387939453,0.18560099601745605,Strawberry,ACF&PACF: p=0.1 q=0.1,0.1,Rsastmf,ACF&PACF
5,0.9702702702702702,3.8239738941192627,0.13362884521484375,3.060436487197876,0.4510922431945801,0.1758871078491211,Strawberry,ACF&PACF: p=0.1 q=0.1,0.1,DictRsast,ACF&PACF
