,accuracy,time,cweights_time,fsubsequence_time,tdataset_time,tclassifier_time,dataset_name,classifier_name,range_q,method,len_method
0,0.6666666666666666,67.34466791152954,0.14815592765808105,67.01314210891724,0.16283321380615234,0.016330718994140625,Beef,ACF&PACF: p=0 q=0,0,Rsastmf,ACF&PACF
1,0.6666666666666666,79.11174893379211,0.17293834686279297,78.75257515907288,0.16775155067443848,0.015161514282226562,Beef,ACF&PACF: p=0 q=0,0,DictRsast,ACF&PACF
2,0.5666666666666667,76.47491979598999,0.17374348640441895,76.10261487960815,0.1684272289276123,0.02738165855407715,Beef,ACF&PACF: p=0 q=0.1,0.1,Rsastmf,ACF&PACF
3,0.6666666666666666,48.97582507133484,0.17566585540771484,48.619160652160645,0.15803074836730957,0.012550115585327148,Beef,ACF&PACF: p=0 q=0.1,0.1,DictRsast,ACF&PACF
4,0.6,79.12611627578735,0.1292707920074463,78.80571842193604,0.17410731315612793,0.014030694961547852,Beef,ACF&PACF: p=0.1 q=0.1,0.1,Rsastmf,ACF&PACF
5,0.7,72.44693732261658,0.15245699882507324,72.1080551147461,0.16785907745361328,0.013858795166015625,Beef,ACF&PACF: p=0.1 q=0.1,0.1,DictRsast,ACF&PACF
