,accuracy,time,cweights_time,fsubsequence_time,tdataset_time,tclassifier_time,dataset_name,classifier_name,range_q,method,len_method
0,0.3181818181818182,45.472105264663696,0.21671557426452637,43.471543312072754,1.540714979171753,0.23719573020935059,WordSynonyms,ACF&PACF: p=0 q=0,0,Rsastmf,ACF&PACF
1,0.18808777429467086,69.99513173103333,0.3401632308959961,68.12973093986511,1.2929697036743164,0.22672605514526367,WordSynonyms,ACF&PACF: p=0 q=0,0,DictRsast,ACF&PACF
2,0.30407523510971785,57.11720943450928,0.33421945571899414,54.85548186302185,1.6512680053710938,0.27042484283447266,WordSynonyms,ACF&PACF: p=0 q=0.1,0.1,Rsastmf,ACF&PACF
3,0.27586206896551724,49.139321088790894,0.23510241508483887,47.27055740356445,1.379667043685913,0.24013781547546387,WordSynonyms,ACF&PACF: p=0 q=0.1,0.1,DictRsast,ACF&PACF
4,0.30877742946708464,59.08166575431824,0.34497809410095215,57.1056170463562,1.3780183792114258,0.2423555850982666,WordSynonyms,ACF&PACF: p=0.1 q=0.1,0.1,Rsastmf,ACF&PACF
5,0.2554858934169279,83.73940873146057,0.31478285789489746,81.81872248649597,1.3883099555969238,0.21096038818359375,WordSynonyms,ACF&PACF: p=0.1 q=0.1,0.1,DictRsast,ACF&PACF
