,accuracy,time,cweights_time,fsubsequence_time,tdataset_time,tclassifier_time,dataset_name,classifier_name,range_q,method,len_method
0,0.6557377049180327,105.09098243713379,0.1737658977508545,104.49149298667908,0.40650510787963867,0.016716957092285156,Lightning2,ACF&PACF: p=0 q=0,0,Rsastmf,ACF&PACF
1,0.6557377049180327,119.30532836914062,0.15633463859558105,118.75968551635742,0.36656808853149414,0.019999265670776367,Lightning2,ACF&PACF: p=0 q=0,0,DictRsast,ACF&PACF
2,0.6721311475409836,126.00381398200989,0.2410435676574707,125.20934915542603,0.5171501636505127,0.03246450424194336,Lightning2,ACF&PACF: p=0 q=0.1,0.1,Rsastmf,ACF&PACF
3,0.7868852459016393,105.28832626342773,0.2535364627838135,104.68390417098999,0.33012819290161133,0.014635086059570312,Lightning2,ACF&PACF: p=0 q=0.1,0.1,DictRsast,ACF&PACF
4,0.6721311475409836,101.84153056144714,0.14926385879516602,101.3075590133667,0.3601498603820801,0.02120065689086914,Lightning2,ACF&PACF: p=0.1 q=0.1,0.1,Rsastmf,ACF&PACF
5,0.6557377049180327,104.75071477890015,0.14911437034606934,104.1610336303711,0.42345476150512695,0.014930009841918945,Lightning2,ACF&PACF: p=0.1 q=0.1,0.1,DictRsast,ACF&PACF
