,accuracy,time,cweights_time,fsubsequence_time,tdataset_time,tclassifier_time,dataset_name,classifier_name,range_q,method,len_method
0,0.8865954346770277,871.288979768753,1.233358383178711,839.3417286872864,27.88065481185913,2.8247883319854736,StarLightCurves,ACF&PACF: p=0 q=0,0,Rsastmf,ACF&PACF
1,0.8454346770276834,952.5909960269928,1.3376386165618896,920.9632706642151,27.441194534301758,2.837838888168335,StarLightCurves,ACF&PACF: p=0 q=0,0,DictRsast,ACF&PACF
2,0.8858669256920836,884.3571610450745,1.1730127334594727,851.9302434921265,28.415353775024414,2.8292384147644043,StarLightCurves,ACF&PACF: p=0 q=0.1,0.1,Rsastmf,ACF&PACF
3,0.9174356483729966,883.8877203464508,1.3274338245391846,853.0727677345276,26.706340551376343,2.7700769901275635,StarLightCurves,ACF&PACF: p=0 q=0.1,0.1,DictRsast,ACF&PACF
4,0.8865954346770277,844.1041212081909,1.3272571563720703,812.369607925415,28.362497806549072,2.035815477371216,StarLightCurves,ACF&PACF: p=0.1 q=0.1,0.1,Rsastmf,ACF&PACF
5,0.9407479358912093,933.4358341693878,1.150153398513794,889.5155563354492,41.00829243659973,1.751453161239624,StarLightCurves,ACF&PACF: p=0.1 q=0.1,0.1,DictRsast,ACF&PACF
