,accuracy,time,cweights_time,fsubsequence_time,tdataset_time,tclassifier_time,dataset_name,classifier_name,range_q,method,len_method
0,0.7969849246231155,35.804301023483276,0.16305255889892578,35.42229914665222,0.17641663551330566,0.017047643661499023,Symbols,ACF&PACF: p=0 q=0,0,Rsastmf,ACF&PACF
1,0.8241206030150754,48.15185308456421,0.1642322540283203,47.821661949157715,0.14516830444335938,0.017040252685546875,Symbols,ACF&PACF: p=0 q=0,0,DictRsast,ACF&PACF
2,0.8030150753768844,36.64985394477844,0.2240595817565918,36.244606256484985,0.16038823127746582,0.016593456268310547,Symbols,ACF&PACF: p=0 q=0.1,0.1,Rsastmf,ACF&PACF
3,0.9125628140703518,43.50042486190796,0.21031403541564941,43.129589319229126,0.14658069610595703,0.010838747024536133,Symbols,ACF&PACF: p=0 q=0.1,0.1,DictRsast,ACF&PACF
4,0.7979899497487437,45.55699348449707,0.13848543167114258,45.25192475318909,0.14667415618896484,0.01692056655883789,Symbols,ACF&PACF: p=0.1 q=0.1,0.1,Rsastmf,ACF&PACF
5,0.8542713567839196,43.72859740257263,0.15647196769714355,43.40409708023071,0.14790749549865723,0.01756429672241211,Symbols,ACF&PACF: p=0.1 q=0.1,0.1,DictRsast,ACF&PACF
