,accuracy,time,cweights_time,fsubsequence_time,tdataset_time,tclassifier_time,dataset_name,classifier_name,range_q,method,len_method
0,0.5377777777777778,3187.3580145835876,1.5487382411956787,3129.892042160034,54.28398609161377,1.6191046237945557,SemgHandSubjectCh2,ACF&PACF: p=0 q=0,0,Rsastmf,ACF&PACF
1,0.8044444444444444,3841.837105035782,1.5580177307128906,3792.0636074543,46.49628949165344,1.705260992050171,SemgHandSubjectCh2,ACF&PACF: p=0 q=0,0,DictRsast,ACF&PACF
2,0.54,3577.750425338745,1.734480619430542,3503.4642560482025,70.92734599113464,1.604661464691162,SemgHandSubjectCh2,ACF&PACF: p=0 q=0.1,0.1,Rsastmf,ACF&PACF
3,0.8644444444444445,3425.475127220154,1.5611414909362793,3373.6670022010803,48.58013319969177,1.6509582996368408,SemgHandSubjectCh2,ACF&PACF: p=0 q=0.1,0.1,DictRsast,ACF&PACF
4,0.5488888888888889,3432.049770593643,1.7490029335021973,3371.1826083660126,57.44619131088257,1.6441676616668701,SemgHandSubjectCh2,ACF&PACF: p=0.1 q=0.1,0.1,Rsastmf,ACF&PACF
5,0.8533333333333334,3391.7652838230133,1.5547242164611816,3325.5036857128143,62.99180579185486,1.6929986476898193,SemgHandSubjectCh2,ACF&PACF: p=0.1 q=0.1,0.1,DictRsast,ACF&PACF
