,accuracy,time,cweights_time,fsubsequence_time,tdataset_time,tclassifier_time,dataset_name,classifier_name,range_q,method,len_method
0,0.7863157894736842,9.148677587509155,0.06772518157958984,9.002811193466187,0.06762027740478516,0.006728649139404297,FreezerSmallTrain,ACF&PACF: p=0 q=0,0,Rsastmf,ACF&PACF
1,0.5498245614035088,11.124362707138062,0.12616181373596191,10.926636934280396,0.061246633529663086,0.006986141204833984,FreezerSmallTrain,ACF&PACF: p=0 q=0,0,DictRsast,ACF&PACF
2,0.7743859649122807,13.66774582862854,0.12587404251098633,13.476028680801392,0.05543923377990723,0.004344463348388672,FreezerSmallTrain,ACF&PACF: p=0 q=0.1,0.1,Rsastmf,ACF&PACF
3,0.7603508771929824,6.584867477416992,0.06597399711608887,6.454207420349121,0.05678915977478027,0.006284236907958984,FreezerSmallTrain,ACF&PACF: p=0 q=0.1,0.1,DictRsast,ACF&PACF
4,0.7905263157894736,6.7037224769592285,0.11317014694213867,6.528233528137207,0.05487990379333496,0.005037546157836914,FreezerSmallTrain,ACF&PACF: p=0.1 q=0.1,0.1,Rsastmf,ACF&PACF
5,0.8831578947368421,13.035303354263306,0.09687542915344238,12.856775760650635,0.07391667366027832,0.0059010982513427734,FreezerSmallTrain,ACF&PACF: p=0.1 q=0.1,0.1,DictRsast,ACF&PACF
