,accuracy,time,cweights_time,fsubsequence_time,tdataset_time,tclassifier_time,dataset_name,classifier_name,range_q,method,len_method
0,0.4020100502512563,53.35554242134094,0.3101317882537842,46.46165204048157,5.161872386932373,1.410219669342041,UWaveGestureLibraryY,ACF&PACF: p=0 q=0,0,Rsastmf,ACF&PACF
1,0.30402010050251255,66.54799294471741,0.313889741897583,59.5122230052948,4.868321895599365,1.8466882705688477,UWaveGestureLibraryY,ACF&PACF: p=0 q=0,0,DictRsast,ACF&PACF
2,0.40954773869346733,37.59948110580444,0.32392024993896484,30.270901441574097,4.999744415283203,1.994504451751709,UWaveGestureLibraryY,ACF&PACF: p=0 q=0.1,0.1,Rsastmf,ACF&PACF
3,0.35873813512004465,68.60370469093323,0.2821965217590332,61.00897765159607,5.1851561069488525,2.1218550205230713,UWaveGestureLibraryY,ACF&PACF: p=0 q=0.1,0.1,DictRsast,ACF&PACF
4,0.4201563372417644,55.80095171928406,0.28733396530151367,48.17945170402527,5.278913974761963,2.0471596717834473,UWaveGestureLibraryY,ACF&PACF: p=0.1 q=0.1,0.1,Rsastmf,ACF&PACF
5,0.33193746510329425,54.99920725822449,0.2973148822784424,48.01253008842468,5.011470556259155,1.6691184043884277,UWaveGestureLibraryY,ACF&PACF: p=0.1 q=0.1,0.1,DictRsast,ACF&PACF
