,accuracy,time,cweights_time,fsubsequence_time,tdataset_time,tclassifier_time,dataset_name,classifier_name,range_q,method,len_method
0,0.5324675324675324,0.6100132465362549,0.03557276725769043,0.3600125312805176,0.11791706085205078,0.09349489212036133,MiddlePhalanxTW,ACF&PACF: p=0 q=0,0,Rsastmf,ACF&PACF
1,0.5714285714285714,0.6320292949676514,0.03599882125854492,0.36175036430358887,0.12416481971740723,0.10811305046081543,MiddlePhalanxTW,ACF&PACF: p=0 q=0,0,DictRsast,ACF&PACF
2,0.564935064935065,0.743314266204834,0.05165386199951172,0.46399354934692383,0.12780475616455078,0.09729361534118652,MiddlePhalanxTW,ACF&PACF: p=0 q=0.1,0.1,Rsastmf,ACF&PACF
3,0.5064935064935064,0.6389119625091553,0.04359865188598633,0.36243748664855957,0.1277315616607666,0.10209298133850098,MiddlePhalanxTW,ACF&PACF: p=0 q=0.1,0.1,DictRsast,ACF&PACF
4,0.4935064935064935,0.6244049072265625,0.036017417907714844,0.36006665229797363,0.13040614128112793,0.09566855430603027,MiddlePhalanxTW,ACF&PACF: p=0.1 q=0.1,0.1,Rsastmf,ACF&PACF
5,0.5454545454545454,0.6224234104156494,0.03533935546875,0.3595399856567383,0.12359356880187988,0.1022336483001709,MiddlePhalanxTW,ACF&PACF: p=0.1 q=0.1,0.1,DictRsast,ACF&PACF
