,accuracy,time,cweights_time,fsubsequence_time,tdataset_time,tclassifier_time,dataset_name,classifier_name,range_q,method,len_method
0,0.6716666666666666,1909.2908403873444,1.3673503398895264,1855.0957453250885,47.02447271347046,5.750056266784668,ShapesAll,ACF&PACF: p=0 q=0,0,Rsastmf,ACF&PACF
1,0.7766666666666666,1956.7940678596497,1.3537330627441406,1900.159972667694,49.411662578582764,5.825016498565674,ShapesAll,ACF&PACF: p=0 q=0,0,DictRsast,ACF&PACF
2,0.6716666666666666,1787.2441675662994,1.389916181564331,1729.4887704849243,49.52934145927429,6.791188478469849,ShapesAll,ACF&PACF: p=0 q=0.1,0.1,Rsastmf,ACF&PACF
3,0.81,1901.3778283596039,1.3727233409881592,1845.6542286872864,47.57047653198242,6.735066890716553,ShapesAll,ACF&PACF: p=0 q=0.1,0.1,DictRsast,ACF&PACF
4,0.675,1477.5945990085602,1.45709228515625,1422.1676886081696,48.1196985244751,5.804893255233765,ShapesAll,ACF&PACF: p=0.1 q=0.1,0.1,Rsastmf,ACF&PACF
5,0.755,1735.361263513565,1.4586055278778076,1679.772427558899,48.28439164161682,5.79341983795166,ShapesAll,ACF&PACF: p=0.1 q=0.1,0.1,DictRsast,ACF&PACF
