,accuracy,time,cweights_time,fsubsequence_time,tdataset_time,tclassifier_time,dataset_name,classifier_name,range_q,method,len_method
0,0.8761904761904762,0.9999372959136963,0.06246376037597656,0.8292975425720215,0.08331012725830078,0.023049592971801758,GunPointOldVersusYoung,ACF&PACF: p=0 q=0,0,Rsastmf,ACF&PACF
1,0.8761904761904762,0.9781603813171387,0.05726885795593262,0.8158249855041504,0.08120942115783691,0.022466421127319336,GunPointOldVersusYoung,ACF&PACF: p=0 q=0,0,DictRsast,ACF&PACF
2,0.8825396825396825,1.0806000232696533,0.06265830993652344,0.9079849720001221,0.08309793472290039,0.024556636810302734,GunPointOldVersusYoung,ACF&PACF: p=0 q=0.1,0.1,Rsastmf,ACF&PACF
3,0.9238095238095239,1.0077300071716309,0.06773114204406738,0.831334114074707,0.08050417900085449,0.02585148811340332,GunPointOldVersusYoung,ACF&PACF: p=0 q=0.1,0.1,DictRsast,ACF&PACF
4,0.8825396825396825,0.7884085178375244,0.046645164489746094,0.6366689205169678,0.07869577407836914,0.024504899978637695,GunPointOldVersusYoung,ACF&PACF: p=0.1 q=0.1,0.1,Rsastmf,ACF&PACF
5,0.9333333333333333,0.797553539276123,0.04735445976257324,0.6384866237640381,0.078521728515625,0.03186655044555664,GunPointOldVersusYoung,ACF&PACF: p=0.1 q=0.1,0.1,DictRsast,ACF&PACF
