,accuracy,time,cweights_time,fsubsequence_time,tdataset_time,tclassifier_time,dataset_name,classifier_name,range_q,method,len_method
0,0.9475218658892128,26.15547776222229,0.007174968719482422,0.9079689979553223,25.235329627990723,0.0044651031494140625,Chinatown,ACF&PACF: p=0 q=0,0,Rsastmf,ACF&PACF
1,0.9533527696793003,19.396699905395508,0.010080337524414062,0.035173654556274414,19.347772359848022,0.002854585647583008,Chinatown,ACF&PACF: p=0 q=0,0,DictRsast,ACF&PACF
2,0.8134110787172012,22.98037362098694,0.007729291915893555,0.021667957305908203,22.947242259979248,0.00302886962890625,Chinatown,ACF&PACF: p=0 q=0.1,0.1,Rsastmf,ACF&PACF
3,0.9446064139941691,18.461806774139404,0.005826473236083984,0.016625642776489258,18.436203241348267,0.00252532958984375,Chinatown,ACF&PACF: p=0 q=0.1,0.1,DictRsast,ACF&PACF
4,0.892128279883382,18.34353280067444,0.005804538726806641,0.016379356384277344,18.317561149597168,0.0031630992889404297,Chinatown,ACF&PACF: p=0.1 q=0.1,0.1,Rsastmf,ACF&PACF
5,0.9620991253644315,19.20949673652649,0.008034944534301758,0.022385120391845703,19.175859212875366,0.0026009082794189453,Chinatown,ACF&PACF: p=0.1 q=0.1,0.1,DictRsast,ACF&PACF
