,accuracy,time,cweights_time,fsubsequence_time,tdataset_time,tclassifier_time,dataset_name,classifier_name,range_q,method,len_method
0,0.7365853658536585,0.3872511386871338,0.029357194900512695,0.1806788444519043,0.06612491607666016,0.10991239547729492,ProximalPhalanxOutlineAgeGroup,ACF&PACF: p=0 q=0,0,Rsastmf,ACF&PACF
1,0.8536585365853658,0.3702363967895508,0.02982330322265625,0.18290996551513672,0.06228280067443848,0.09415745735168457,ProximalPhalanxOutlineAgeGroup,ACF&PACF: p=0 q=0,0,DictRsast,ACF&PACF
2,0.7268292682926829,0.3427410125732422,0.029415607452392578,0.18081212043762207,0.06698751449584961,0.06452012062072754,ProximalPhalanxOutlineAgeGroup,ACF&PACF: p=0 q=0.1,0.1,Rsastmf,ACF&PACF
3,0.8634146341463415,0.42305445671081543,0.04773235321044922,0.22768521308898926,0.0698239803314209,0.07596492767333984,ProximalPhalanxOutlineAgeGroup,ACF&PACF: p=0 q=0.1,0.1,DictRsast,ACF&PACF
4,0.775609756097561,0.35413646697998047,0.029751062393188477,0.18216896057128906,0.06897544860839844,0.07200479507446289,ProximalPhalanxOutlineAgeGroup,ACF&PACF: p=0.1 q=0.1,0.1,Rsastmf,ACF&PACF
5,0.8585365853658536,0.40971946716308594,0.0356144905090332,0.22461581230163574,0.0701894760131836,0.07796335220336914,ProximalPhalanxOutlineAgeGroup,ACF&PACF: p=0.1 q=0.1,0.1,DictRsast,ACF&PACF
