,accuracy,time,cweights_time,fsubsequence_time,tdataset_time,tclassifier_time,dataset_name,classifier_name,range_q,method,len_method
0,0.7391304347826086,9.467830657958984,0.10279011726379395,9.308003902435303,0.04599761962890625,0.007585048675537109,DodgerLoopGame,ACF&PACF: p=0 q=0,0,Rsastmf,ACF&PACF
1,0.5144927536231884,10.070950984954834,0.12460064888000488,9.888083696365356,0.04683518409729004,0.0074520111083984375,DodgerLoopGame,ACF&PACF: p=0 q=0,0,DictRsast,ACF&PACF
2,0.7463768115942029,9.872970819473267,0.0779263973236084,9.745256185531616,0.0387263298034668,0.006387233734130859,DodgerLoopGame,ACF&PACF: p=0 q=0.1,0.1,Rsastmf,ACF&PACF
3,0.5652173913043478,9.19139289855957,0.07704591751098633,9.058958053588867,0.046570539474487305,0.0051915645599365234,DodgerLoopGame,ACF&PACF: p=0 q=0.1,0.1,DictRsast,ACF&PACF
4,0.7536231884057971,9.610959529876709,0.07656717300415039,9.472250938415527,0.05145621299743652,0.007183551788330078,DodgerLoopGame,ACF&PACF: p=0.1 q=0.1,0.1,Rsastmf,ACF&PACF
5,0.6956521739130435,9.845590353012085,0.0769491195678711,9.717100858688354,0.040322065353393555,0.008096933364868164,DodgerLoopGame,ACF&PACF: p=0.1 q=0.1,0.1,DictRsast,ACF&PACF
