,accuracy,time,cweights_time,fsubsequence_time,tdataset_time,tclassifier_time,dataset_name,classifier_name,range_q,method,len_method
0,0.6804166666666667,22.189971208572388,0.20492339134216309,0.700486421585083,1.181380033493042,20.095067501068115,Crop,ACF&PACF: p=0 q=0,0,Rsastmf,ACF&PACF
1,0.7089880952380953,19.938427209854126,0.20585083961486816,0.698615550994873,1.2260210514068604,17.80205988883972,Crop,ACF&PACF: p=0 q=0,0,DictRsast,ACF&PACF
2,0.6680952380952381,23.80464005470276,0.1142110824584961,0.3763725757598877,1.2717037200927734,22.039668798446655,Crop,ACF&PACF: p=0 q=0.1,0.1,Rsastmf,ACF&PACF
3,0.7033333333333334,24.685760021209717,0.2124795913696289,0.6764278411865234,1.2514595985412598,22.5423321723938,Crop,ACF&PACF: p=0 q=0.1,0.1,DictRsast,ACF&PACF
4,0.6567261904761905,23.924567461013794,0.21272540092468262,0.7047755718231201,1.2510979175567627,21.752408027648926,Crop,ACF&PACF: p=0.1 q=0.1,0.1,Rsastmf,ACF&PACF
5,0.6905357142857143,22.146037817001343,0.20444941520690918,0.6923980712890625,1.2553696632385254,19.99151349067688,Crop,ACF&PACF: p=0.1 q=0.1,0.1,DictRsast,ACF&PACF
