,accuracy,time,cweights_time,fsubsequence_time,tdataset_time,tclassifier_time,dataset_name,classifier_name,range_q,method,len_method
0,0.5128205128205128,79.75660347938538,0.19404888153076172,76.97414374351501,2.076779365539551,0.5054786205291748,CricketX,ACF&PACF: p=0 q=0,0,Rsastmf,ACF&PACF
1,0.6897435897435897,64.85714316368103,0.2662506103515625,62.357020139694214,1.9061510562896729,0.3224339485168457,CricketX,ACF&PACF: p=0 q=0,0,DictRsast,ACF&PACF
2,0.5205128205128206,76.67043614387512,0.2657809257507324,73.88975286483765,2.0073187351226807,0.501502275466919,CricketX,ACF&PACF: p=0 q=0.1,0.1,Rsastmf,ACF&PACF
3,0.7538461538461538,74.11225271224976,0.2441110610961914,71.58914256095886,1.9387304782867432,0.33510756492614746,CricketX,ACF&PACF: p=0 q=0.1,0.1,DictRsast,ACF&PACF
4,0.5512820512820513,41.5224666595459,0.2691035270690918,38.752504110336304,2.0267932415008545,0.4679243564605713,CricketX,ACF&PACF: p=0.1 q=0.1,0.1,Rsastmf,ACF&PACF
5,0.6666666666666666,41.183448791503906,0.2667043209075928,38.680983781814575,1.921076774597168,0.30939340591430664,CricketX,ACF&PACF: p=0.1 q=0.1,0.1,DictRsast,ACF&PACF
