,accuracy,time,cweights_time,fsubsequence_time,tdataset_time,tclassifier_time,dataset_name,classifier_name,range_q,method,len_method
0,0.6948051948051948,0.3497655391693115,0.030315876007080078,0.17986750602722168,0.06565165519714355,0.07254791259765625,MiddlePhalanxOutlineAgeGroup,ACF&PACF: p=0 q=0,0,Rsastmf,ACF&PACF
1,0.7402597402597403,0.4519975185394287,0.048216819763183594,0.2308509349822998,0.09293222427368164,0.07810854911804199,MiddlePhalanxOutlineAgeGroup,ACF&PACF: p=0 q=0,0,DictRsast,ACF&PACF
2,0.7012987012987013,0.3456411361694336,0.030805349349975586,0.18052148818969727,0.06883859634399414,0.063690185546875,MiddlePhalanxOutlineAgeGroup,ACF&PACF: p=0 q=0.1,0.1,Rsastmf,ACF&PACF
3,0.7077922077922078,0.42260241508483887,0.04891252517700195,0.22863173484802246,0.06807160377502441,0.0742185115814209,MiddlePhalanxOutlineAgeGroup,ACF&PACF: p=0 q=0.1,0.1,DictRsast,ACF&PACF
4,0.6558441558441559,0.4082908630371094,0.04827547073364258,0.23032379150390625,0.06732892990112305,0.06077885627746582,MiddlePhalanxOutlineAgeGroup,ACF&PACF: p=0.1 q=0.1,0.1,Rsastmf,ACF&PACF
5,0.6883116883116883,0.365769624710083,0.03966927528381348,0.18933391571044922,0.06564164161682129,0.06951546669006348,MiddlePhalanxOutlineAgeGroup,ACF&PACF: p=0.1 q=0.1,0.1,DictRsast,ACF&PACF
