,accuracy,time,cweights_time,fsubsequence_time,tdataset_time,tclassifier_time,dataset_name,classifier_name,range_q,method,len_method
0,0.6730952380952381,23.968018770217896,0.20438599586486816,0.6361815929412842,1.1941306591033936,21.93095302581787,Crop,ACF&PACF: p=0 q=0,0,Rsastmf,ACF&PACF
1,0.70125,24.137506246566772,0.2055678367614746,0.6897521018981934,1.1444249153137207,22.095468759536743,Crop,ACF&PACF: p=0 q=0,0,DictRsast,ACF&PACF
2,0.6657738095238095,27.195331573486328,0.20551753044128418,0.6945633888244629,1.2521145343780518,25.040755033493042,Crop,ACF&PACF: p=0 q=0.1,0.1,Rsastmf,ACF&PACF
3,0.7029761904761904,25.05127215385437,0.19087696075439453,0.6863930225372314,1.2434401512145996,22.92824912071228,Crop,ACF&PACF: p=0 q=0.1,0.1,DictRsast,ACF&PACF
4,0.653154761904762,25.11920714378357,0.20618939399719238,0.6443984508514404,1.2449278831481934,23.02146315574646,Crop,ACF&PACF: p=0.1 q=0.1,0.1,Rsastmf,ACF&PACF
5,0.6926190476190476,22.24626135826111,0.20560622215270996,0.6733837127685547,1.2825651168823242,20.082385540008545,Crop,ACF&PACF: p=0.1 q=0.1,0.1,DictRsast,ACF&PACF
