,accuracy,time,cweights_time,fsubsequence_time,tdataset_time,tclassifier_time,dataset_name,classifier_name,range_q,method,len_method
0,0.42099385817978785,63.393699407577515,0.24342989921569824,57.25890398025513,4.310938119888306,1.569659948348999,UWaveGestureLibraryX,ACF&PACF: p=0 q=0,0,Rsastmf,ACF&PACF
1,0.3528754885538805,53.335877656936646,0.30028510093688965,46.41365122795105,4.685592889785767,1.927652359008789,UWaveGestureLibraryX,ACF&PACF: p=0 q=0,0,DictRsast,ACF&PACF
2,0.4316024567280849,59.82776236534119,0.3285715579986572,53.5063841342926,4.6473894119262695,1.333791732788086,UWaveGestureLibraryX,ACF&PACF: p=0 q=0.1,0.1,Rsastmf,ACF&PACF
3,0.3659966499162479,54.484644412994385,0.199753999710083,48.77607011795044,4.306845664978027,1.195312738418579,UWaveGestureLibraryX,ACF&PACF: p=0 q=0.1,0.1,DictRsast,ACF&PACF
4,0.42908989391401453,57.158164501190186,0.3195991516113281,50.746442556381226,4.614745616912842,1.4682044982910156,UWaveGestureLibraryX,ACF&PACF: p=0.1 q=0.1,0.1,Rsastmf,ACF&PACF
5,0.42434394193188163,49.40441966056824,0.3283395767211914,42.61161470413208,4.640374183654785,1.8171982765197754,UWaveGestureLibraryX,ACF&PACF: p=0.1 q=0.1,0.1,DictRsast,ACF&PACF
