,accuracy,time,cweights_time,fsubsequence_time,tdataset_time,tclassifier_time,dataset_name,classifier_name,range_q,method,len_method
0,0.9542857142857143,191.54961037635803,0.16703343391418457,189.15084028244019,2.0374512672424316,0.19001078605651855,Fish,ACF&PACF: p=0 q=0,0,Rsastmf,ACF&PACF
1,0.88,147.03754687309265,0.29649996757507324,144.79755425453186,1.7528181076049805,0.18502187728881836,Fish,ACF&PACF: p=0 q=0,0,DictRsast,ACF&PACF
2,0.9485714285714286,133.73652744293213,0.19630742073059082,131.66914129257202,1.725998878479004,0.14040637016296387,Fish,ACF&PACF: p=0 q=0.1,0.1,Rsastmf,ACF&PACF
3,0.9257142857142857,172.67547464370728,0.29618287086486816,170.57867217063904,1.6339232921600342,0.15855169296264648,Fish,ACF&PACF: p=0 q=0.1,0.1,DictRsast,ACF&PACF
4,0.9428571428571428,171.65362739562988,0.2949178218841553,169.4606328010559,1.750349760055542,0.139296293258667,Fish,ACF&PACF: p=0.1 q=0.1,0.1,Rsastmf,ACF&PACF
5,0.8742857142857143,204.85351634025574,0.2993736267089844,202.5754954814911,1.7830829620361328,0.18526339530944824,Fish,ACF&PACF: p=0.1 q=0.1,0.1,DictRsast,ACF&PACF
