,accuracy,time,cweights_time,fsubsequence_time,tdataset_time,tclassifier_time,dataset_name,classifier_name,range_q,method,len_method
0,0.44,6335.335600852966,1.1578395366668701,6287.34897851944,46.2455358505249,0.5344061851501465,ACSF1,ACF&PACF: p=0 q=0,0,Rsastmf,ACF&PACF
1,0.38,6953.487533569336,1.1230027675628662,6906.41842341423,45.39078235626221,0.5268843173980713,ACSF1,ACF&PACF: p=0 q=0,0,DictRsast,ACF&PACF
2,0.45,6314.551567316055,1.1471548080444336,6266.67307138443,46.14746165275574,0.5338027477264404,ACSF1,ACF&PACF: p=0 q=0.1,0.1,Rsastmf,ACF&PACF
3,0.4,6658.43576335907,0.5775125026702881,6611.552754163742,45.75441575050354,0.529123067855835,ACSF1,ACF&PACF: p=0 q=0.1,0.1,DictRsast,ACF&PACF
4,0.45,6817.865480661392,1.147336483001709,6768.760377168655,47.37853479385376,0.5300519466400146,ACSF1,ACF&PACF: p=0.1 q=0.1,0.1,Rsastmf,ACF&PACF
5,0.43,6058.230089664459,1.141019582748413,6008.821144580841,47.713786602020264,0.5285282135009766,ACSF1,ACF&PACF: p=0.1 q=0.1,0.1,DictRsast,ACF&PACF
