,accuracy,time,cweights_time,fsubsequence_time,tdataset_time,tclassifier_time,dataset_name,classifier_name,range_q,method,len_method
0,0.6783333333333333,1561.039568901062,1.0728967189788818,1506.9545686244965,47.16946196556091,5.806710481643677,ShapesAll,ACF&PACF: p=0 q=0,0,Rsastmf,ACF&PACF
1,0.7883333333333333,1948.9530832767487,1.4659309387207031,1894.7348568439484,46.959415912628174,5.750234842300415,ShapesAll,ACF&PACF: p=0 q=0,0,DictRsast,ACF&PACF
2,0.67,1844.5138983726501,1.3803882598876953,1789.0258722305298,48.2852623462677,5.768205881118774,ShapesAll,ACF&PACF: p=0 q=0.1,0.1,Rsastmf,ACF&PACF
3,0.8166666666666667,1909.4139366149902,1.3796632289886475,1854.3058743476868,47.92534875869751,5.757264852523804,ShapesAll,ACF&PACF: p=0 q=0.1,0.1,DictRsast,ACF&PACF
4,0.6733333333333333,2135.298303604126,1.3655550479888916,2078.4413759708405,49.638259172439575,5.797468423843384,ShapesAll,ACF&PACF: p=0.1 q=0.1,0.1,Rsastmf,ACF&PACF
5,0.75,2004.6795110702515,1.3772964477539062,1946.1036529541016,51.37014579772949,5.762434959411621,ShapesAll,ACF&PACF: p=0.1 q=0.1,0.1,DictRsast,ACF&PACF
