,accuracy,time,cweights_time,fsubsequence_time,tdataset_time,tclassifier_time,dataset_name,classifier_name,range_q,method,len_method
0,0.4256410256410256,74.81134462356567,0.17236828804016113,72.32262754440308,1.8536229133605957,0.4406728744506836,CricketY,ACF&PACF: p=0 q=0,0,Rsastmf,ACF&PACF
1,0.6051282051282051,72.73991250991821,0.2688593864440918,70.32251405715942,1.8564610481262207,0.2844057083129883,CricketY,ACF&PACF: p=0 q=0,0,DictRsast,ACF&PACF
2,0.46153846153846156,73.40000987052917,0.2629086971282959,71.04207992553711,1.7902116775512695,0.2942836284637451,CricketY,ACF&PACF: p=0 q=0.1,0.1,Rsastmf,ACF&PACF
3,0.6923076923076923,85.56280207633972,0.15076851844787598,83.18917441368103,1.9432647228240967,0.27222394943237305,CricketY,ACF&PACF: p=0 q=0.1,0.1,DictRsast,ACF&PACF
4,0.4,45.07601761817932,0.1683330535888672,42.94687294960022,1.6698253154754639,0.286923885345459,CricketY,ACF&PACF: p=0.1 q=0.1,0.1,Rsastmf,ACF&PACF
5,0.6564102564102564,44.00216031074524,0.19178318977355957,41.83063888549805,1.6873059272766113,0.2883121967315674,CricketY,ACF&PACF: p=0.1 q=0.1,0.1,DictRsast,ACF&PACF
