,accuracy,time,cweights_time,fsubsequence_time,tdataset_time,tclassifier_time,dataset_name,classifier_name,range_q,method,len_method
0,0.4288888888888889,3688.3827033042908,1.6286060810089111,3622.7035677433014,62.07489562034607,1.9552159309387207,SemgHandMovementCh2,ACF&PACF: p=0 q=0,0,Rsastmf,ACF&PACF
1,0.5555555555555556,3649.4572489261627,1.7911922931671143,3584.6965188980103,61.02043104171753,1.924407958984375,SemgHandMovementCh2,ACF&PACF: p=0 q=0,0,DictRsast,ACF&PACF
2,0.41333333333333333,4708.845315217972,1.8089797496795654,4640.308070659637,64.72581243515015,1.985114574432373,SemgHandMovementCh2,ACF&PACF: p=0 q=0.1,0.1,Rsastmf,ACF&PACF
3,0.5155555555555555,4384.43514251709,1.805936336517334,4325.298446178436,55.328474044799805,1.9868488311767578,SemgHandMovementCh2,ACF&PACF: p=0 q=0.1,0.1,DictRsast,ACF&PACF
4,0.4111111111111111,4000.7059638500214,1.5766115188598633,3944.405722141266,52.82125473022461,1.8871734142303467,SemgHandMovementCh2,ACF&PACF: p=0.1 q=0.1,0.1,Rsastmf,ACF&PACF
5,0.5555555555555556,4075.8194403648376,1.747607707977295,4009.1217873096466,62.97231340408325,1.9616446495056152,SemgHandMovementCh2,ACF&PACF: p=0.1 q=0.1,0.1,DictRsast,ACF&PACF
