,accuracy,time,cweights_time,fsubsequence_time,tdataset_time,tclassifier_time,dataset_name,classifier_name,range_q,method,len_method
0,0.4168062534896706,57.00795245170593,0.29762864112854004,50.97858119010925,4.420687675476074,1.2996418476104736,UWaveGestureLibraryX,ACF&PACF: p=0 q=0,0,Rsastmf,ACF&PACF
1,0.37995533221663874,38.86051297187805,0.2921135425567627,31.3322856426239,5.370632886886597,1.8595380783081055,UWaveGestureLibraryX,ACF&PACF: p=0 q=0,0,DictRsast,ACF&PACF
2,0.42936906756002235,52.232922315597534,0.29588794708251953,46.11428475379944,4.387725353240967,1.4268245697021484,UWaveGestureLibraryX,ACF&PACF: p=0 q=0.1,0.1,Rsastmf,ACF&PACF
3,0.4517029592406477,55.8626229763031,0.32004499435424805,48.59629416465759,5.077031135559082,1.8620610237121582,UWaveGestureLibraryX,ACF&PACF: p=0 q=0.1,0.1,DictRsast,ACF&PACF
4,0.4656616415410385,61.01143527030945,0.28513407707214355,54.49811577796936,4.504295349121094,1.714362382888794,UWaveGestureLibraryX,ACF&PACF: p=0.1 q=0.1,0.1,Rsastmf,ACF&PACF
5,0.39586823003908433,41.72140407562256,0.2975752353668213,34.92065668106079,4.673993349075317,1.8224995136260986,UWaveGestureLibraryX,ACF&PACF: p=0.1 q=0.1,0.1,DictRsast,ACF&PACF
