,accuracy,time,cweights_time,fsubsequence_time,tdataset_time,tclassifier_time,dataset_name,classifier_name,range_q,method,len_method
0,0.12903225806451613,1.7961044311523438,0.07757973670959473,1.69996976852417,0.011364459991455078,0.004231691360473633,Fungi,ACF&PACF: p=0 q=0,0,Rsastmf,ACF&PACF
1,0.07526881720430108,1.8511793613433838,0.09582161903381348,1.736360788345337,0.010673761367797852,0.00506901741027832,Fungi,ACF&PACF: p=0 q=0,0,DictRsast,ACF&PACF
2,0.13978494623655913,1.8106999397277832,0.09546256065368652,1.699472188949585,0.010648250579833984,0.0035817623138427734,Fungi,ACF&PACF: p=0 q=0.1,0.1,Rsastmf,ACF&PACF
3,0.1774193548387097,1.6502110958099365,0.09432649612426758,1.5404746532440186,0.010356426239013672,0.0035812854766845703,Fungi,ACF&PACF: p=0 q=0.1,0.1,DictRsast,ACF&PACF
4,0.12903225806451613,1.7708611488342285,0.08882927894592285,1.6648144721984863,0.01146078109741211,0.0038771629333496094,Fungi,ACF&PACF: p=0.1 q=0.1,0.1,Rsastmf,ACF&PACF
5,0.16666666666666666,1.8903353214263916,0.10328459739685059,1.77115797996521,0.010686635971069336,0.0037992000579833984,Fungi,ACF&PACF: p=0.1 q=0.1,0.1,DictRsast,ACF&PACF
