,accuracy,time,cweights_time,fsubsequence_time,tdataset_time,tclassifier_time,dataset_name,classifier_name,range_q,method,len_method
0,0.6476190476190476,39.44323229789734,0.13292264938354492,39.14718246459961,0.1469426155090332,0.01488947868347168,Ham,ACF&PACF: p=0 q=0,0,Rsastmf,ACF&PACF
1,0.7333333333333333,44.15154981613159,0.1407787799835205,43.837342739105225,0.15715551376342773,0.01472926139831543,Ham,ACF&PACF: p=0 q=0,0,DictRsast,ACF&PACF
2,0.7238095238095238,35.083393573760986,0.1309053897857666,34.758002519607544,0.17284131050109863,0.02037668228149414,Ham,ACF&PACF: p=0 q=0.1,0.1,Rsastmf,ACF&PACF
3,0.8095238095238095,42.47289705276489,0.12930774688720703,42.12774896621704,0.18102312088012695,0.03247261047363281,Ham,ACF&PACF: p=0 q=0.1,0.1,DictRsast,ACF&PACF
4,0.7523809523809524,42.922443151474,0.1441023349761963,42.59540414810181,0.16277813911437988,0.015903949737548828,Ham,ACF&PACF: p=0.1 q=0.1,0.1,Rsastmf,ACF&PACF
5,0.6666666666666666,34.14733839035034,0.10550189018249512,33.88056039810181,0.14086461067199707,0.015100479125976562,Ham,ACF&PACF: p=0.1 q=0.1,0.1,DictRsast,ACF&PACF
