,accuracy,time,cweights_time,fsubsequence_time,tdataset_time,tclassifier_time,dataset_name,classifier_name,range_q,method,len_method
0,0.7028571428571428,7.369444131851196,0.09659075736999512,7.196270704269409,0.06746816635131836,0.006445169448852539,ArrowHead,ACF&PACF: p=0 q=0,0,Rsastmf,ACF&PACF
1,0.6971428571428572,5.363198280334473,0.10581779479980469,5.1962127685546875,0.05172991752624512,0.006797313690185547,ArrowHead,ACF&PACF: p=0 q=0,0,DictRsast,ACF&PACF
2,0.6685714285714286,5.2857346534729,0.05863618850708008,5.158118486404419,0.05783700942993164,0.008851289749145508,ArrowHead,ACF&PACF: p=0 q=0.1,0.1,Rsastmf,ACF&PACF
3,0.8228571428571428,5.7238969802856445,0.07227659225463867,5.593597412109375,0.05007433891296387,0.005422353744506836,ArrowHead,ACF&PACF: p=0 q=0.1,0.1,DictRsast,ACF&PACF
4,0.6742857142857143,5.787518501281738,0.07184505462646484,5.647045135498047,0.05820631980895996,0.008087873458862305,ArrowHead,ACF&PACF: p=0.1 q=0.1,0.1,Rsastmf,ACF&PACF
5,0.8285714285714286,7.690675258636475,0.09926295280456543,7.5254552364349365,0.05380511283874512,0.009369134902954102,ArrowHead,ACF&PACF: p=0.1 q=0.1,0.1,DictRsast,ACF&PACF
