,accuracy,time,cweights_time,fsubsequence_time,tdataset_time,tclassifier_time,dataset_name,classifier_name,range_q,method,len_method
0,0.6666666666666666,0.3524930477142334,0.03865861892700195,0.12346482276916504,0.06505370140075684,0.12398695945739746,DistalPhalanxOutlineCorrect,ACF&PACF: p=0 q=0,0,Rsastmf,ACF&PACF
1,0.6884057971014492,0.3388233184814453,0.029761314392089844,0.12316155433654785,0.06305336952209473,0.12183523178100586,DistalPhalanxOutlineCorrect,ACF&PACF: p=0 q=0,0,DictRsast,ACF&PACF
2,0.5434782608695652,0.3188614845275879,0.029671907424926758,0.12140464782714844,0.06380343437194824,0.10303258895874023,DistalPhalanxOutlineCorrect,ACF&PACF: p=0 q=0.1,0.1,Rsastmf,ACF&PACF
3,0.7463768115942029,0.3236567974090576,0.029982805252075195,0.12218809127807617,0.06095314025878906,0.10927152633666992,DistalPhalanxOutlineCorrect,ACF&PACF: p=0 q=0.1,0.1,DictRsast,ACF&PACF
4,0.5471014492753623,0.33487939834594727,0.0300905704498291,0.12201237678527832,0.07100582122802734,0.11065983772277832,DistalPhalanxOutlineCorrect,ACF&PACF: p=0.1 q=0.1,0.1,Rsastmf,ACF&PACF
5,0.7137681159420289,0.37947797775268555,0.038124799728393555,0.12400054931640625,0.08000707626342773,0.13577842712402344,DistalPhalanxOutlineCorrect,ACF&PACF: p=0.1 q=0.1,0.1,DictRsast,ACF&PACF
