,accuracy,time,cweights_time,fsubsequence_time,tdataset_time,tclassifier_time,dataset_name,classifier_name,range_q,method,len_method
0,0.20718232044198895,6310.244998693466,1.404977798461914,6254.59387421608,52.05029559135437,2.1688902378082275,EOGVerticalSignal,ACF&PACF: p=0 q=0,0,Rsastmf,ACF&PACF
1,0.4116022099447514,5734.085734605789,1.3996238708496094,5677.090162038803,53.39431309700012,2.177741050720215,EOGVerticalSignal,ACF&PACF: p=0 q=0,0,DictRsast,ACF&PACF
2,0.20165745856353592,4739.372755527496,0.7446045875549316,4682.654079198837,53.79314875602722,2.1620335578918457,EOGVerticalSignal,ACF&PACF: p=0 q=0.1,0.1,Rsastmf,ACF&PACF
3,0.4005524861878453,5236.510364770889,1.437448501586914,5180.993922948837,51.91739583015442,2.129929542541504,EOGVerticalSignal,ACF&PACF: p=0 q=0.1,0.1,DictRsast,ACF&PACF
4,0.2265193370165746,5272.376059055328,1.4154465198516846,5213.3536586761475,55.334386348724365,2.244460344314575,EOGVerticalSignal,ACF&PACF: p=0.1 q=0.1,0.1,Rsastmf,ACF&PACF
5,0.22375690607734808,4326.910320997238,1.528003215789795,4270.982369184494,52.14215350151062,2.232743501663208,EOGVerticalSignal,ACF&PACF: p=0.1 q=0.1,0.1,DictRsast,ACF&PACF
