,accuracy,time,cweights_time,fsubsequence_time,tdataset_time,tclassifier_time,dataset_name,classifier_name,range_q,method,len_method
0,0.4419318816303741,54.073708057403564,0.2979588508605957,48.0270311832428,4.358161687850952,1.383882999420166,UWaveGestureLibraryX,ACF&PACF: p=0 q=0,0,Rsastmf,ACF&PACF
1,0.34003350083752093,57.638370513916016,0.31982970237731934,51.18948936462402,4.348495960235596,1.7745895385742188,UWaveGestureLibraryX,ACF&PACF: p=0 q=0,0,DictRsast,ACF&PACF
2,0.4332774986041318,60.07509136199951,0.3021361827850342,53.230457067489624,4.777863264083862,1.7571277618408203,UWaveGestureLibraryX,ACF&PACF: p=0 q=0.1,0.1,Rsastmf,ACF&PACF
3,0.4025683975432719,72.89229846000671,0.32045936584472656,65.42224860191345,5.222774505615234,1.919875144958496,UWaveGestureLibraryX,ACF&PACF: p=0 q=0.1,0.1,DictRsast,ACF&PACF
4,0.4508654383026242,60.06264019012451,0.3046867847442627,53.0232310295105,4.910043478012085,1.8174028396606445,UWaveGestureLibraryX,ACF&PACF: p=0.1 q=0.1,0.1,Rsastmf,ACF&PACF
5,0.41178112786152987,38.683589458465576,0.2990458011627197,31.383105754852295,5.114880084991455,1.8787565231323242,UWaveGestureLibraryX,ACF&PACF: p=0.1 q=0.1,0.1,DictRsast,ACF&PACF
