,accuracy,time,cweights_time,fsubsequence_time,tdataset_time,tclassifier_time,dataset_name,classifier_name,range_q,method,len_method
0,0.625,54.741722106933594,0.15956473350524902,54.32918691635132,0.23115110397338867,0.018550872802734375,Herring,ACF&PACF: p=0 q=0,0,Rsastmf,ACF&PACF
1,0.625,57.41601753234863,0.11707520484924316,57.00572419166565,0.26419544219970703,0.0234830379486084,Herring,ACF&PACF: p=0 q=0,0,DictRsast,ACF&PACF
2,0.5625,55.51697635650635,0.11807560920715332,55.10260343551636,0.26616716384887695,0.02543187141418457,Herring,ACF&PACF: p=0 q=0.1,0.1,Rsastmf,ACF&PACF
3,0.5625,54.36405158042908,0.15889477729797363,53.93976879119873,0.242844820022583,0.018388032913208008,Herring,ACF&PACF: p=0 q=0.1,0.1,DictRsast,ACF&PACF
4,0.578125,52.39627742767334,0.11794185638427734,51.984883308410645,0.2687568664550781,0.020032882690429688,Herring,ACF&PACF: p=0.1 q=0.1,0.1,Rsastmf,ACF&PACF
5,0.640625,82.70063042640686,0.11893963813781738,82.30379796028137,0.259676456451416,0.014470577239990234,Herring,ACF&PACF: p=0.1 q=0.1,0.1,DictRsast,ACF&PACF
