,accuracy,time,cweights_time,fsubsequence_time,tdataset_time,tclassifier_time,dataset_name,classifier_name,range_q,method,len_method
0,0.2265193370165746,4906.197362661362,1.5234959125518799,4851.738850593567,50.734625816345215,2.1734778881073,EOGVerticalSignal,ACF&PACF: p=0 q=0,0,Rsastmf,ACF&PACF
1,0.40331491712707185,5423.5692923069,1.5454237461090088,5365.133608341217,54.641066551208496,2.222977876663208,EOGVerticalSignal,ACF&PACF: p=0 q=0,0,DictRsast,ACF&PACF
2,0.21823204419889503,5341.1724717617035,1.5230987071990967,5285.977192878723,51.47690939903259,2.1705620288848877,EOGVerticalSignal,ACF&PACF: p=0 q=0.1,0.1,Rsastmf,ACF&PACF
3,0.40607734806629836,6317.7935671806335,1.512890338897705,6262.74619102478,51.29220914840698,2.216813325881958,EOGVerticalSignal,ACF&PACF: p=0 q=0.1,0.1,DictRsast,ACF&PACF
4,0.21823204419889503,6654.766921043396,1.5307059288024902,6597.7716743946075,53.295817852020264,2.1429443359375,EOGVerticalSignal,ACF&PACF: p=0.1 q=0.1,0.1,Rsastmf,ACF&PACF
5,0.23204419889502761,5629.52034163475,1.5383484363555908,5574.556449651718,51.24464392662048,2.155439853668213,EOGVerticalSignal,ACF&PACF: p=0.1 q=0.1,0.1,DictRsast,ACF&PACF
