,accuracy,time,cweights_time,fsubsequence_time,tdataset_time,tclassifier_time,dataset_name,classifier_name,range_q,method,len_method
0,0.7611111111111111,0.7790513038635254,0.04641914367675781,0.6493349075317383,0.05822873115539551,0.024038314819335938,PowerCons,ACF&PACF: p=0 q=0,0,Rsastmf,ACF&PACF
1,0.7666666666666667,0.9625358581542969,0.0592961311340332,0.816007137298584,0.0641031265258789,0.021470069885253906,PowerCons,ACF&PACF: p=0 q=0,0,DictRsast,ACF&PACF
2,0.8388888888888889,0.9727349281311035,0.06254696846008301,0.8079113960266113,0.07172679901123047,0.028783798217773438,PowerCons,ACF&PACF: p=0 q=0.1,0.1,Rsastmf,ACF&PACF
3,0.8277777777777777,0.8016510009765625,0.07081246376037598,0.6409263610839844,0.06858468055725098,0.019845008850097656,PowerCons,ACF&PACF: p=0 q=0.1,0.1,DictRsast,ACF&PACF
4,0.8,0.7832190990447998,0.04630756378173828,0.6439762115478516,0.06804370880126953,0.023478031158447266,PowerCons,ACF&PACF: p=0.1 q=0.1,0.1,Rsastmf,ACF&PACF
5,0.8833333333333333,0.7993645668029785,0.05070328712463379,0.6515970230102539,0.07465314865112305,0.020859241485595703,PowerCons,ACF&PACF: p=0.1 q=0.1,0.1,DictRsast,ACF&PACF
