,accuracy,time,cweights_time,fsubsequence_time,tdataset_time,tclassifier_time,dataset_name,classifier_name,range_q,method,len_method
0,0.7269076305220884,132.3510127067566,0.2609720230102539,131.43105792999268,0.6275629997253418,0.027196884155273438,InsectEPGRegularTrain,ACF&PACF: p=0 q=0,0,Rsastmf,ACF&PACF
1,0.9919678714859438,136.4013991355896,0.27100658416748047,135.42358899116516,0.667039155960083,0.035384178161621094,InsectEPGRegularTrain,ACF&PACF: p=0 q=0,0,DictRsast,ACF&PACF
2,0.7228915662650602,166.19190526008606,0.27038097381591797,165.20503664016724,0.6856949329376221,0.026061296463012695,InsectEPGRegularTrain,ACF&PACF: p=0 q=0.1,0.1,Rsastmf,ACF&PACF
3,1.0,135.82007217407227,0.24669289588928223,134.86372709274292,0.6790657043457031,0.025879859924316406,InsectEPGRegularTrain,ACF&PACF: p=0 q=0.1,0.1,DictRsast,ACF&PACF
4,0.7389558232931727,179.23272323608398,0.2429215908050537,178.27047777175903,0.6849651336669922,0.029898881912231445,InsectEPGRegularTrain,ACF&PACF: p=0.1 q=0.1,0.1,Rsastmf,ACF&PACF
5,1.0,183.4148724079132,0.2613391876220703,182.39355635643005,0.7256207466125488,0.029664278030395508,InsectEPGRegularTrain,ACF&PACF: p=0.1 q=0.1,0.1,DictRsast,ACF&PACF
