,accuracy,time,cweights_time,fsubsequence_time,tdataset_time,tclassifier_time,dataset_name,classifier_name,range_q,method,len_method
0,0.2659846547314578,16.856821060180664,0.30175065994262695,13.095279455184937,2.522636651992798,0.9267232418060303,Adiac,ACF&PACF: p=0 q=0,0,Rsastmf,ACF&PACF
1,0.37851662404092073,16.860023498535156,0.2987246513366699,13.50925898551941,2.459386110305786,0.5828008651733398,Adiac,ACF&PACF: p=0 q=0,0,DictRsast,ACF&PACF
2,0.2813299232736573,17.26856803894043,0.29994821548461914,13.495139360427856,2.539414167404175,0.9237592220306396,Adiac,ACF&PACF: p=0 q=0.1,0.1,Rsastmf,ACF&PACF
3,0.5191815856777494,16.933223247528076,0.2999386787414551,13.495328187942505,2.5625650882720947,0.5644247531890869,Adiac,ACF&PACF: p=0 q=0.1,0.1,DictRsast,ACF&PACF
4,0.26854219948849106,16.53536319732666,0.22845721244812012,12.968952894210815,2.5287487506866455,0.800208568572998,Adiac,ACF&PACF: p=0.1 q=0.1,0.1,Rsastmf,ACF&PACF
5,0.49872122762148335,16.518330335617065,0.23110628128051758,13.104993104934692,2.597835063934326,0.5745255947113037,Adiac,ACF&PACF: p=0.1 q=0.1,0.1,DictRsast,ACF&PACF
