,accuracy,time,cweights_time,fsubsequence_time,tdataset_time,tclassifier_time,dataset_name,classifier_name,range_q,method,len_method
0,0.6618705035971223,0.34800124168395996,0.03606677055358887,0.1819305419921875,0.05316758155822754,0.07557296752929688,DistalPhalanxOutlineAgeGroup,ACF&PACF: p=0 q=0,0,Rsastmf,ACF&PACF
1,0.7913669064748201,0.3374803066253662,0.030378103256225586,0.18179607391357422,0.05614137649536133,0.06806421279907227,DistalPhalanxOutlineAgeGroup,ACF&PACF: p=0 q=0,0,DictRsast,ACF&PACF
2,0.6834532374100719,0.3609585762023926,0.0402369499206543,0.19275522232055664,0.06360697746276855,0.06293058395385742,DistalPhalanxOutlineAgeGroup,ACF&PACF: p=0 q=0.1,0.1,Rsastmf,ACF&PACF
3,0.8201438848920863,0.3518562316894531,0.03972458839416504,0.19256091117858887,0.05972123146057129,0.058518171310424805,DistalPhalanxOutlineAgeGroup,ACF&PACF: p=0 q=0.1,0.1,DictRsast,ACF&PACF
4,0.6115107913669064,0.3551666736602783,0.03954887390136719,0.19200944900512695,0.06346702575683594,0.05889558792114258,DistalPhalanxOutlineAgeGroup,ACF&PACF: p=0.1 q=0.1,0.1,Rsastmf,ACF&PACF
5,0.762589928057554,0.34672069549560547,0.03002333641052246,0.18245339393615723,0.062093496322631836,0.0710151195526123,DistalPhalanxOutlineAgeGroup,ACF&PACF: p=0.1 q=0.1,0.1,DictRsast,ACF&PACF
