,accuracy,time,cweights_time,fsubsequence_time,tdataset_time,tclassifier_time,dataset_name,classifier_name,range_q,method,len_method
0,0.9666666666666667,75.12194609642029,0.10804939270019531,74.72674250602722,0.2657778263092041,0.017363786697387695,Meat,ACF&PACF: p=0 q=0,0,Rsastmf,ACF&PACF
1,0.95,51.071531534194946,0.10814404487609863,50.670496702194214,0.2652623653411865,0.021134138107299805,Meat,ACF&PACF: p=0 q=0,0,DictRsast,ACF&PACF
2,0.95,51.14454388618469,0.10960197448730469,50.75875544548035,0.2518446445465088,0.018448829650878906,Meat,ACF&PACF: p=0 q=0.1,0.1,Rsastmf,ACF&PACF
3,0.9833333333333333,37.342620849609375,0.1086583137512207,36.93368697166443,0.2756016254425049,0.020934104919433594,Meat,ACF&PACF: p=0 q=0.1,0.1,DictRsast,ACF&PACF
4,0.9833333333333333,58.810327768325806,0.14845943450927734,58.36507773399353,0.2684817314147949,0.022133588790893555,Meat,ACF&PACF: p=0.1 q=0.1,0.1,Rsastmf,ACF&PACF
5,1.0,55.818519830703735,0.14967703819274902,55.35789442062378,0.2858610153198242,0.02172565460205078,Meat,ACF&PACF: p=0.1 q=0.1,0.1,DictRsast,ACF&PACF
