,accuracy,time,cweights_time,fsubsequence_time,tdataset_time,tclassifier_time,dataset_name,classifier_name,range_q,method,len_method
0,0.6468531468531469,1.0282535552978516,0.047890424728393555,0.14682531356811523,0.1748039722442627,0.6546769142150879,PhalangesOutlinesCorrect,ACF&PACF: p=0 q=0,0,Rsastmf,ACF&PACF
1,0.6783216783216783,0.8363473415374756,0.034017324447631836,0.09843277931213379,0.15607666969299316,0.5452530384063721,PhalangesOutlinesCorrect,ACF&PACF: p=0 q=0,0,DictRsast,ACF&PACF
2,0.6142191142191142,0.344728946685791,0.029892444610595703,0.0887601375579834,0.15399551391601562,0.0713186264038086,PhalangesOutlinesCorrect,ACF&PACF: p=0 q=0.1,0.1,Rsastmf,ACF&PACF
3,0.6491841491841492,0.3344686031341553,0.02942514419555664,0.08853745460510254,0.1573340892791748,0.05854058265686035,PhalangesOutlinesCorrect,ACF&PACF: p=0 q=0.1,0.1,DictRsast,ACF&PACF
4,0.6072261072261073,0.35886478424072266,0.04785418510437012,0.09839415550231934,0.1534557342529297,0.058310747146606445,PhalangesOutlinesCorrect,ACF&PACF: p=0.1 q=0.1,0.1,Rsastmf,ACF&PACF
5,0.6701631701631702,0.42385411262512207,0.04808473587036133,0.12413525581359863,0.17330646514892578,0.0773928165435791,PhalangesOutlinesCorrect,ACF&PACF: p=0.1 q=0.1,0.1,DictRsast,ACF&PACF
