,accuracy,time,cweights_time,fsubsequence_time,tdataset_time,tclassifier_time,dataset_name,classifier_name,range_q,method,len_method
0,0.5960526315789474,1.100632905960083,0.0552830696105957,0.7768223285675049,0.1632983684539795,0.10376572608947754,MedicalImages,ACF&PACF: p=0 q=0,0,Rsastmf,ACF&PACF
1,0.5684210526315789,1.4372179508209229,0.06771254539489746,1.0829339027404785,0.15758776664733887,0.12725257873535156,MedicalImages,ACF&PACF: p=0 q=0,0,DictRsast,ACF&PACF
2,0.5539473684210526,1.1374969482421875,0.06746697425842285,0.7735471725463867,0.17224740982055664,0.12258172035217285,MedicalImages,ACF&PACF: p=0 q=0.1,0.1,Rsastmf,ACF&PACF
3,0.5578947368421052,0.8863990306854248,0.042502403259277344,0.5836179256439209,0.1391618251800537,0.11989164352416992,MedicalImages,ACF&PACF: p=0 q=0.1,0.1,DictRsast,ACF&PACF
4,0.5605263157894737,1.4478983879089355,0.06703877449035645,1.0800559520721436,0.17429494857788086,0.12308526039123535,MedicalImages,ACF&PACF: p=0.1 q=0.1,0.1,Rsastmf,ACF&PACF
5,0.5684210526315789,1.136678695678711,0.06474471092224121,0.7690577507019043,0.1667947769165039,0.1345224380493164,MedicalImages,ACF&PACF: p=0.1 q=0.1,0.1,DictRsast,ACF&PACF
