,accuracy,time,cweights_time,fsubsequence_time,tdataset_time,tclassifier_time,dataset_name,classifier_name,range_q,method,len_method
0,0.5023961661341853,0.13660025596618652,0.02340388298034668,0.1022179126739502,0.007850885391235352,0.0023512840270996094,MoteStrain,ACF&PACF: p=0 q=0,0,Rsastmf,ACF&PACF
1,0.6845047923322684,0.13217997550964355,0.02263045310974121,0.09861063957214355,0.007333040237426758,0.0029327869415283203,MoteStrain,ACF&PACF: p=0 q=0,0,DictRsast,ACF&PACF
2,0.49201277955271566,0.13148999214172363,0.02237725257873535,0.09857606887817383,0.0071887969970703125,0.0026428699493408203,MoteStrain,ACF&PACF: p=0 q=0.1,0.1,Rsastmf,ACF&PACF
3,0.8698083067092651,0.1348726749420166,0.023526906967163086,0.10052895545959473,0.007381439208984375,0.0027823448181152344,MoteStrain,ACF&PACF: p=0 q=0.1,0.1,DictRsast,ACF&PACF
4,0.5047923322683706,0.13715100288391113,0.023585796356201172,0.10102462768554688,0.008144378662109375,0.0033555030822753906,MoteStrain,ACF&PACF: p=0.1 q=0.1,0.1,Rsastmf,ACF&PACF
5,0.84185303514377,0.13290166854858398,0.02293992042541504,0.09909605979919434,0.0076446533203125,0.0025663375854492188,MoteStrain,ACF&PACF: p=0.1 q=0.1,0.1,DictRsast,ACF&PACF
