,accuracy,time,cweights_time,fsubsequence_time,tdataset_time,tclassifier_time,dataset_name,classifier_name,range_q,method,len_method
0,0.41025641025641024,37.028743505477905,0.26137208938598633,34.76250433921814,1.5713727474212646,0.42527246475219727,CricketY,ACF&PACF: p=0 q=0,0,Rsastmf,ACF&PACF
1,0.6641025641025641,52.94591689109802,0.18384718894958496,50.26089000701904,2.0556528568267822,0.4411463737487793,CricketY,ACF&PACF: p=0 q=0,0,DictRsast,ACF&PACF
2,0.41794871794871796,62.52596163749695,0.27083277702331543,60.02153301239014,1.9324696063995361,0.29586076736450195,CricketY,ACF&PACF: p=0 q=0.1,0.1,Rsastmf,ACF&PACF
3,0.7692307692307693,74.63375949859619,0.26473021507263184,72.0995876789093,1.9648902416229248,0.29596376419067383,CricketY,ACF&PACF: p=0 q=0.1,0.1,DictRsast,ACF&PACF
4,0.4205128205128205,43.71400761604309,0.14887642860412598,41.463860511779785,1.8003923892974854,0.29337358474731445,CricketY,ACF&PACF: p=0.1 q=0.1,0.1,Rsastmf,ACF&PACF
5,0.6538461538461539,65.15843319892883,0.2559981346130371,62.61170768737793,1.8508250713348389,0.4340345859527588,CricketY,ACF&PACF: p=0.1 q=0.1,0.1,DictRsast,ACF&PACF
