,accuracy,time,cweights_time,fsubsequence_time,tdataset_time,tclassifier_time,dataset_name,classifier_name,range_q,method,len_method
0,0.9285714285714286,9.447712659835815,0.07839035987854004,9.31797480583191,0.0416874885559082,0.0064280033111572266,Coffee,ACF&PACF: p=0 q=0,0,Rsastmf,ACF&PACF
1,0.9285714285714286,9.33096981048584,0.08200407028198242,9.198720455169678,0.0414891242980957,0.005666255950927734,Coffee,ACF&PACF: p=0 q=0,0,DictRsast,ACF&PACF
2,0.8928571428571429,8.117265224456787,0.07674169540405273,7.9889631271362305,0.042296409606933594,0.006139278411865234,Coffee,ACF&PACF: p=0 q=0.1,0.1,Rsastmf,ACF&PACF
3,1.0,9.340121269226074,0.08121752738952637,9.205004930496216,0.04187440872192383,0.007173299789428711,Coffee,ACF&PACF: p=0 q=0.1,0.1,DictRsast,ACF&PACF
4,0.8928571428571429,9.19299578666687,0.08353066444396973,9.052752494812012,0.043137311935424805,0.009162425994873047,Coffee,ACF&PACF: p=0.1 q=0.1,0.1,Rsastmf,ACF&PACF
5,1.0,11.36022400856018,0.10315561294555664,11.205296754837036,0.042383670806884766,0.006020069122314453,Coffee,ACF&PACF: p=0.1 q=0.1,0.1,DictRsast,ACF&PACF
