,accuracy,time,cweights_time,fsubsequence_time,tdataset_time,tclassifier_time,dataset_name,classifier_name,range_q,method,len_method
0,0.9985399091499026,1.7155146598815918,0.09116935729980469,0.931117057800293,0.2829399108886719,0.4090700149536133,Wafer,ACF&PACF: p=0 q=0,0,Rsastmf,ACF&PACF
1,1.0,1.6171774864196777,0.09077644348144531,0.9211814403533936,0.28060317039489746,0.32338571548461914,Wafer,ACF&PACF: p=0 q=0,0,DictRsast,ACF&PACF
2,0.9995133030499675,1.7014241218566895,0.0916435718536377,0.9545760154724121,0.2670865058898926,0.38687729835510254,Wafer,ACF&PACF: p=0 q=0.1,0.1,Rsastmf,ACF&PACF
3,1.0,1.3889687061309814,0.061605215072631836,0.6594586372375488,0.262387752532959,0.40454602241516113,Wafer,ACF&PACF: p=0 q=0.1,0.1,DictRsast,ACF&PACF
4,0.999675535366645,1.6628215312957764,0.08878946304321289,0.9377224445343018,0.29566478729248047,0.33910179138183594,Wafer,ACF&PACF: p=0.1 q=0.1,0.1,Rsastmf,ACF&PACF
5,0.9951330304996755,1.6976275444030762,0.08920931816101074,0.9621200561523438,0.30805444717407227,0.33679819107055664,Wafer,ACF&PACF: p=0.1 q=0.1,0.1,DictRsast,ACF&PACF
