,accuracy,time,cweights_time,fsubsequence_time,tdataset_time,tclassifier_time,dataset_name,classifier_name,range_q,method,len_method
0,0.6320987654320988,65.36869430541992,1.483168363571167,48.549925565719604,10.048553705215454,5.281289100646973,FordB,ACF&PACF: p=0 q=0,0,Rsastmf,ACF&PACF
1,0.7938271604938272,62.36408185958862,1.1044127941131592,45.762317180633545,11.241714715957642,4.248449802398682,FordB,ACF&PACF: p=0 q=0,0,DictRsast,ACF&PACF
2,0.6,66.3541042804718,1.4427688121795654,48.99312949180603,10.687892198562622,5.225208520889282,FordB,ACF&PACF: p=0 q=0.1,0.1,Rsastmf,ACF&PACF
3,0.7308641975308642,64.84792947769165,1.2172465324401855,46.414182901382446,12.046587228775024,5.165153503417969,FordB,ACF&PACF: p=0 q=0.1,0.1,DictRsast,ACF&PACF
4,0.5740740740740741,70.65767455101013,1.4953768253326416,56.2138352394104,8.31965160369873,4.622797012329102,FordB,ACF&PACF: p=0.1 q=0.1,0.1,Rsastmf,ACF&PACF
5,0.774074074074074,72.27726340293884,1.299724817276001,54.486133337020874,11.96098804473877,4.5258002281188965,FordB,ACF&PACF: p=0.1 q=0.1,0.1,DictRsast,ACF&PACF
