,accuracy,time,cweights_time,fsubsequence_time,tdataset_time,tclassifier_time,dataset_name,classifier_name,range_q,method,len_method
0,0.9036231884057971,3119.6798963546753,0.8383724689483643,3115.888365983963,2.9222869873046875,0.0256803035736084,CinCECGTorso,ACF&PACF: p=0 q=0,0,Rsastmf,ACF&PACF
1,0.9420289855072463,2915.6766967773438,0.8369228839874268,2912.3935546875,2.415576696395874,0.024880170822143555,CinCECGTorso,ACF&PACF: p=0 q=0,0,DictRsast,ACF&PACF
2,0.913768115942029,3088.4001524448395,0.8259010314941406,3084.746260881424,2.79815411567688,0.024922609329223633,CinCECGTorso,ACF&PACF: p=0 q=0.1,0.1,Rsastmf,ACF&PACF
3,0.9297101449275362,2991.3053362369537,0.8398289680480957,2987.9175267219543,2.5118484497070312,0.031568288803100586,CinCECGTorso,ACF&PACF: p=0 q=0.1,0.1,DictRsast,ACF&PACF
4,0.9173913043478261,3146.2638387680054,0.8420283794403076,3142.9870948791504,2.404923439025879,0.024679183959960938,CinCECGTorso,ACF&PACF: p=0.1 q=0.1,0.1,Rsastmf,ACF&PACF
5,0.9210144927536232,2965.8092913627625,0.8369698524475098,2961.9465072155,2.9967763423919678,0.024414539337158203,CinCECGTorso,ACF&PACF: p=0.1 q=0.1,0.1,DictRsast,ACF&PACF
