,accuracy,time,cweights_time,fsubsequence_time,tdataset_time,tclassifier_time,dataset_name,classifier_name,range_q,method,len_method
0,0.32967032967032966,75.51601791381836,0.5948419570922852,70.53027200698853,3.5481374263763428,0.8309323787689209,FiftyWords,ACF&PACF: p=0 q=0,0,Rsastmf,ACF&PACF
1,0.27912087912087913,141.84979796409607,0.5930516719818115,137.05636525154114,3.39848256111145,0.790299654006958,FiftyWords,ACF&PACF: p=0 q=0,0,DictRsast,ACF&PACF
2,0.3362637362637363,116.62716722488403,0.6019728183746338,111.18832731246948,3.62960147857666,1.1923880577087402,FiftyWords,ACF&PACF: p=0 q=0.1,0.1,Rsastmf,ACF&PACF
3,0.3648351648351648,83.952308177948,0.5999691486358643,78.97409105300903,3.5084564685821533,0.8483014106750488,FiftyWords,ACF&PACF: p=0 q=0.1,0.1,DictRsast,ACF&PACF
4,0.3120879120879121,120.72324824333191,0.3271615505218506,115.23344922065735,3.992178440093994,1.1565649509429932,FiftyWords,ACF&PACF: p=0.1 q=0.1,0.1,Rsastmf,ACF&PACF
5,0.34945054945054943,62.99059510231018,0.602092981338501,58.29227566719055,3.395928144454956,0.6887872219085693,FiftyWords,ACF&PACF: p=0.1 q=0.1,0.1,DictRsast,ACF&PACF
