,accuracy,time,cweights_time,fsubsequence_time,tdataset_time,tclassifier_time,dataset_name,classifier_name,range_q,method,len_method
0,0.745,1332.971687078476,1.2741477489471436,1310.546467781067,20.74183225631714,0.40142202377319336,SemgHandGenderCh2,ACF&PACF: p=0 q=0,0,Rsastmf,ACF&PACF
1,0.87,1478.6841547489166,1.2771706581115723,1464.5421497821808,12.460740089416504,0.3916618824005127,SemgHandGenderCh2,ACF&PACF: p=0 q=0,0,DictRsast,ACF&PACF
2,0.7416666666666667,1222.1449151039124,1.1199696063995361,1207.7807304859161,12.838992834091187,0.3940122127532959,SemgHandGenderCh2,ACF&PACF: p=0 q=0.1,0.1,Rsastmf,ACF&PACF
3,0.8983333333333333,1245.3155851364136,1.1284441947937012,1223.280122756958,20.542003870010376,0.35737037658691406,SemgHandGenderCh2,ACF&PACF: p=0 q=0.1,0.1,DictRsast,ACF&PACF
4,0.7333333333333333,1525.9790470600128,1.1170189380645752,1499.6823678016663,24.765774488449097,0.4022789001464844,SemgHandGenderCh2,ACF&PACF: p=0.1 q=0.1,0.1,Rsastmf,ACF&PACF
5,0.8633333333333333,1565.2144737243652,1.1152842044830322,1542.8999736309052,20.809990882873535,0.3742105960845947,SemgHandGenderCh2,ACF&PACF: p=0.1 q=0.1,0.1,DictRsast,ACF&PACF
