,accuracy,time,cweights_time,fsubsequence_time,tdataset_time,tclassifier_time,dataset_name,classifier_name,range_q,method,len_method
0,0.8319327731092437,2504.545172929764,0.9036345481872559,2500.207619190216,3.4035964012145996,0.02619624137878418,HouseTwenty,ACF&PACF: p=0 q=0,0,Rsastmf,ACF&PACF
1,0.9747899159663865,3009.230372428894,0.9328899383544922,3005.2377183437347,3.0253021717071533,0.03058457374572754,HouseTwenty,ACF&PACF: p=0 q=0,0,DictRsast,ACF&PACF
2,0.8403361344537815,2614.1296167373657,0.8991189002990723,2610.086949825287,3.11425518989563,0.024436235427856445,HouseTwenty,ACF&PACF: p=0 q=0.1,0.1,Rsastmf,ACF&PACF
3,0.957983193277311,2958.0111820697784,0.9318337440490723,2953.252427339554,3.7880873680114746,0.033007144927978516,HouseTwenty,ACF&PACF: p=0 q=0.1,0.1,DictRsast,ACF&PACF
4,0.8235294117647058,2936.5780420303345,0.9029772281646729,2932.0178484916687,3.628580331802368,0.023558616638183594,HouseTwenty,ACF&PACF: p=0.1 q=0.1,0.1,Rsastmf,ACF&PACF
5,0.8991596638655462,2853.233325242996,0.9039762020111084,2848.899159669876,3.395745038986206,0.028952598571777344,HouseTwenty,ACF&PACF: p=0.1 q=0.1,0.1,DictRsast,ACF&PACF
