,accuracy,time,cweights_time,fsubsequence_time,tdataset_time,tclassifier_time,dataset_name,classifier_name,range_q,method,len_method
0,0.2659846547314578,19.142558813095093,0.29932117462158203,15.549753427505493,2.7153842449188232,0.5701014995574951,Adiac,ACF&PACF: p=0 q=0,0,Rsastmf,ACF&PACF
1,0.40153452685422,19.50661587715149,0.29959654808044434,15.7081618309021,2.420012950897217,1.0689761638641357,Adiac,ACF&PACF: p=0 q=0,0,DictRsast,ACF&PACF
2,0.2608695652173913,18.498414993286133,0.1933739185333252,14.705386400222778,2.5216100215911865,1.0683026313781738,Adiac,ACF&PACF: p=0 q=0.1,0.1,Rsastmf,ACF&PACF
3,0.5089514066496164,19.173405408859253,0.16640043258666992,15.505588293075562,2.509237289428711,0.9845860004425049,Adiac,ACF&PACF: p=0 q=0.1,0.1,DictRsast,ACF&PACF
4,0.2659846547314578,18.016603469848633,0.19714140892028809,14.327242851257324,2.5419676303863525,0.9400742053985596,Adiac,ACF&PACF: p=0.1 q=0.1,0.1,Rsastmf,ACF&PACF
5,0.5089514066496164,19.832684755325317,0.30261993408203125,15.58751130104065,3.0038092136383057,0.9254295825958252,Adiac,ACF&PACF: p=0.1 q=0.1,0.1,DictRsast,ACF&PACF
