,accuracy,time,cweights_time,fsubsequence_time,tdataset_time,tclassifier_time,dataset_name,classifier_name,range_q,method,len_method
0,0.648,240.85920643806458,0.5223989486694336,233.24447917938232,6.662359714508057,0.42475366592407227,RefrigerationDevices,ACF&PACF: p=0 q=0,0,Rsastmf,ACF&PACF
1,0.736,284.8616852760315,0.48242855072021484,275.3533570766449,8.596297264099121,0.42336297035217285,RefrigerationDevices,ACF&PACF: p=0 q=0,0,DictRsast,ACF&PACF
2,0.656,268.7347981929779,0.5115294456481934,261.0910725593567,6.704823017120361,0.41851234436035156,RefrigerationDevices,ACF&PACF: p=0 q=0.1,0.1,Rsastmf,ACF&PACF
3,0.688,274.2107026576996,0.480191707611084,266.08664560317993,7.178791761398315,0.45873475074768066,RefrigerationDevices,ACF&PACF: p=0 q=0.1,0.1,DictRsast,ACF&PACF
4,0.656,283.0534665584564,0.485410213470459,275.93217873573303,6.205823659896851,0.419391393661499,RefrigerationDevices,ACF&PACF: p=0.1 q=0.1,0.1,Rsastmf,ACF&PACF
5,0.6613333333333333,271.37255573272705,0.48028087615966797,262.4266560077667,8.007225036621094,0.4521017074584961,RefrigerationDevices,ACF&PACF: p=0.1 q=0.1,0.1,DictRsast,ACF&PACF
