,accuracy,time,cweights_time,fsubsequence_time,tdataset_time,tclassifier_time,dataset_name,classifier_name,range_q,method,len_method
0,0.30179028132992325,15.807406187057495,0.16661977767944336,11.924140691757202,2.7504682540893555,0.9526910781860352,Adiac,ACF&PACF: p=0 q=0,0,Rsastmf,ACF&PACF
1,0.4117647058823529,15.982008218765259,0.30057430267333984,12.450314283370972,2.5716745853424072,0.640683650970459,Adiac,ACF&PACF: p=0 q=0,0,DictRsast,ACF&PACF
2,0.29923273657289,16.03202772140503,0.30324244499206543,12.063025712966919,2.7194883823394775,0.9276313781738281,Adiac,ACF&PACF: p=0 q=0.1,0.1,Rsastmf,ACF&PACF
3,0.5166240409207161,16.11464786529541,0.30240392684936523,12.192829608917236,2.8023757934570312,0.800156831741333,Adiac,ACF&PACF: p=0 q=0.1,0.1,DictRsast,ACF&PACF
4,0.30179028132992325,15.875355243682861,0.21603965759277344,12.060216426849365,2.6399075984954834,0.9411773681640625,Adiac,ACF&PACF: p=0.1 q=0.1,0.1,Rsastmf,ACF&PACF
5,0.5370843989769821,15.897788763046265,0.16716814041137695,11.971166133880615,2.817697763442993,0.9273011684417725,Adiac,ACF&PACF: p=0.1 q=0.1,0.1,DictRsast,ACF&PACF
