,accuracy,time,cweights_time,fsubsequence_time,tdataset_time,tclassifier_time,dataset_name,classifier_name,range_q,method,len_method
0,0.7581699346405228,8.740678310394287,0.09874463081359863,8.598557472229004,0.037017107009887695,0.0038771629333496094,DiatomSizeReduction,ACF&PACF: p=0 q=0,0,Rsastmf,ACF&PACF
1,0.8856209150326797,15.929085731506348,0.1001431941986084,15.786192893981934,0.03566384315490723,0.004925966262817383,DiatomSizeReduction,ACF&PACF: p=0 q=0,0,DictRsast,ACF&PACF
2,0.7418300653594772,8.11413025856018,0.09848403930664062,7.97372579574585,0.032900333404541016,0.005712270736694336,DiatomSizeReduction,ACF&PACF: p=0 q=0.1,0.1,Rsastmf,ACF&PACF
3,0.8856209150326797,17.17161750793457,0.13353228569030762,16.994588136672974,0.03583168983459473,0.005300045013427734,DiatomSizeReduction,ACF&PACF: p=0 q=0.1,0.1,DictRsast,ACF&PACF
4,0.7222222222222222,17.46695065498352,0.09062051773071289,17.336082696914673,0.032781362533569336,0.004812479019165039,DiatomSizeReduction,ACF&PACF: p=0.1 q=0.1,0.1,Rsastmf,ACF&PACF
5,0.7941176470588235,15.853152990341187,0.09804606437683105,15.709644079208374,0.039295196533203125,0.0036127567291259766,DiatomSizeReduction,ACF&PACF: p=0.1 q=0.1,0.1,DictRsast,ACF&PACF
