,accuracy,time,cweights_time,fsubsequence_time,tdataset_time,tclassifier_time,dataset_name,classifier_name,range_q,method,len_method
0,0.5972222222222222,1.1487300395965576,0.04780316352844238,1.0582480430603027,0.034178972244262695,0.006389141082763672,UMD,ACF&PACF: p=0 q=0,0,Rsastmf,ACF&PACF
1,0.5694444444444444,1.1524066925048828,0.04732918739318848,1.065777063369751,0.03197813034057617,0.005643606185913086,UMD,ACF&PACF: p=0 q=0,0,DictRsast,ACF&PACF
2,0.5694444444444444,1.1614398956298828,0.04898667335510254,1.0635902881622314,0.03959822654724121,0.006092548370361328,UMD,ACF&PACF: p=0 q=0.1,0.1,Rsastmf,ACF&PACF
3,0.8472222222222222,1.4293160438537598,0.05797863006591797,1.3312790393829346,0.030555248260498047,0.007079362869262695,UMD,ACF&PACF: p=0 q=0.1,0.1,DictRsast,ACF&PACF
4,0.5555555555555556,1.074981689453125,0.058216094970703125,0.9737546443939209,0.034693241119384766,0.0064525604248046875,UMD,ACF&PACF: p=0.1 q=0.1,0.1,Rsastmf,ACF&PACF
5,0.8888888888888888,0.8538713455200195,0.035028696060180664,0.7813720703125,0.031812191009521484,0.004668235778808594,UMD,ACF&PACF: p=0.1 q=0.1,0.1,DictRsast,ACF&PACF
