,accuracy,time,cweights_time,fsubsequence_time,tdataset_time,tclassifier_time,dataset_name,classifier_name,range_q,method,len_method
0,0.7,6236.431351184845,1.4015085697174072,6229.091545820236,5.894278526306152,0.030937910079956055,Rock,ACF&PACF: p=0 q=0,0,Rsastmf,ACF&PACF
1,0.64,5712.905102491379,1.3903534412384033,5705.152426958084,6.316676378250122,0.03241729736328125,Rock,ACF&PACF: p=0 q=0,0,DictRsast,ACF&PACF
2,0.68,6109.540220737457,1.0597469806671143,6102.235109806061,6.193398714065552,0.032988548278808594,Rock,ACF&PACF: p=0 q=0.1,0.1,Rsastmf,ACF&PACF
3,0.8,5994.6759712696075,1.4224636554718018,5987.396520376205,5.810402870178223,0.03333425521850586,Rock,ACF&PACF: p=0 q=0.1,0.1,DictRsast,ACF&PACF
4,0.72,6400.035938262939,1.4175753593444824,6392.1913189888,6.3836891651153564,0.030523061752319336,Rock,ACF&PACF: p=0.1 q=0.1,0.1,Rsastmf,ACF&PACF
5,0.68,6450.285700082779,1.4011657238006592,6442.918385505676,5.91134238243103,0.04253816604614258,Rock,ACF&PACF: p=0.1 q=0.1,0.1,DictRsast,ACF&PACF
