,accuracy,time,cweights_time,fsubsequence_time,tdataset_time,tclassifier_time,dataset_name,classifier_name,range_q,method,len_method
0,1.0,2.1577415466308594,0.05583381652832031,1.977583408355713,0.09540557861328125,0.02765941619873047,Plane,ACF&PACF: p=0 q=0,0,Rsastmf,ACF&PACF
1,1.0,2.445556879043579,0.06209540367126465,2.259817600250244,0.09724736213684082,0.024890899658203125,Plane,ACF&PACF: p=0 q=0,0,DictRsast,ACF&PACF
2,1.0,2.4782581329345703,0.055196523666381836,2.30375599861145,0.09636139869689941,0.020909547805786133,Plane,ACF&PACF: p=0 q=0.1,0.1,Rsastmf,ACF&PACF
3,1.0,2.418135404586792,0.07518672943115234,2.2295022010803223,0.09610724449157715,0.015677928924560547,Plane,ACF&PACF: p=0 q=0.1,0.1,DictRsast,ACF&PACF
4,1.0,2.1757726669311523,0.0614011287689209,1.9821512699127197,0.10543704032897949,0.025153636932373047,Plane,ACF&PACF: p=0.1 q=0.1,0.1,Rsastmf,ACF&PACF
5,1.0,1.619847297668457,0.046063899993896484,1.4356029033660889,0.11043429374694824,0.02617359161376953,Plane,ACF&PACF: p=0.1 q=0.1,0.1,DictRsast,ACF&PACF
