,accuracy,time,cweights_time,fsubsequence_time,tdataset_time,tclassifier_time,dataset_name,classifier_name,range_q,method,len_method
0,0.6546762589928058,0.6077139377593994,0.04154253005981445,0.358626127243042,0.10568833351135254,0.09763646125793457,DistalPhalanxTW,ACF&PACF: p=0 q=0,0,Rsastmf,ACF&PACF
1,0.697841726618705,0.6305139064788818,0.03570389747619629,0.359621524810791,0.1263716220855713,0.10549640655517578,DistalPhalanxTW,ACF&PACF: p=0 q=0,0,DictRsast,ACF&PACF
2,0.6474820143884892,0.7617943286895752,0.05074787139892578,0.4608731269836426,0.1418766975402832,0.10369181632995605,DistalPhalanxTW,ACF&PACF: p=0 q=0.1,0.1,Rsastmf,ACF&PACF
3,0.6834532374100719,0.7579970359802246,0.04726719856262207,0.4778478145599365,0.1288752555847168,0.10200333595275879,DistalPhalanxTW,ACF&PACF: p=0 q=0.1,0.1,DictRsast,ACF&PACF
4,0.6690647482014388,0.7595596313476562,0.054000139236450195,0.47768259048461914,0.12270522117614746,0.10131359100341797,DistalPhalanxTW,ACF&PACF: p=0.1 q=0.1,0.1,Rsastmf,ACF&PACF
5,0.6906474820143885,0.7035741806030273,0.05527949333190918,0.36089515686035156,0.14895153045654297,0.13495373725891113,DistalPhalanxTW,ACF&PACF: p=0.1 q=0.1,0.1,DictRsast,ACF&PACF
