,accuracy,time,cweights_time,fsubsequence_time,tdataset_time,tclassifier_time,dataset_name,classifier_name,range_q,method,len_method
0,0.7706666666666667,284.97098660469055,0.4963536262512207,283.06643509864807,1.3015854358673096,0.10508990287780762,SmallKitchenAppliances,ACF&PACF: p=0 q=0,0,Rsastmf,ACF&PACF
1,0.7626666666666667,285.78627729415894,0.47783875465393066,283.6279366016388,1.546534538269043,0.1294255256652832,SmallKitchenAppliances,ACF&PACF: p=0 q=0,0,DictRsast,ACF&PACF
2,0.76,297.4931118488312,0.5207295417785645,295.5144383907318,1.3513474464416504,0.10470890998840332,SmallKitchenAppliances,ACF&PACF: p=0 q=0.1,0.1,Rsastmf,ACF&PACF
3,0.7253333333333334,276.66249346733093,0.47439026832580566,274.61017751693726,1.4829838275909424,0.09328389167785645,SmallKitchenAppliances,ACF&PACF: p=0 q=0.1,0.1,DictRsast,ACF&PACF
4,0.8106666666666666,330.43439626693726,0.5249240398406982,328.0815751552582,1.6830449104309082,0.14313554763793945,SmallKitchenAppliances,ACF&PACF: p=0.1 q=0.1,0.1,Rsastmf,ACF&PACF
5,0.7146666666666667,219.06113839149475,0.4795386791229248,217.26017713546753,1.2369589805603027,0.08060026168823242,SmallKitchenAppliances,ACF&PACF: p=0.1 q=0.1,0.1,DictRsast,ACF&PACF
