,accuracy,time,cweights_time,fsubsequence_time,tdataset_time,tclassifier_time,dataset_name,classifier_name,range_q,method,len_method
0,0.2659846547314578,19.46824884414673,0.3002746105194092,15.602859020233154,2.6121151447296143,0.9468214511871338,Adiac,ACF&PACF: p=0 q=0,0,Rsastmf,ACF&PACF
1,0.3734015345268542,19.327677249908447,0.20462512969970703,15.474128007888794,2.5527801513671875,1.0914013385772705,Adiac,ACF&PACF: p=0 q=0,0,DictRsast,ACF&PACF
2,0.2710997442455243,15.795608520507812,0.16538786888122559,12.41020941734314,2.5112643241882324,0.7012360095977783,Adiac,ACF&PACF: p=0 q=0.1,0.1,Rsastmf,ACF&PACF
3,0.5319693094629157,16.185263872146606,0.1658782958984375,12.405893087387085,2.6563689708709717,0.95062255859375,Adiac,ACF&PACF: p=0 q=0.1,0.1,DictRsast,ACF&PACF
4,0.2659846547314578,15.84418249130249,0.16620278358459473,12.408516645431519,2.6577341556549072,0.6039919853210449,Adiac,ACF&PACF: p=0.1 q=0.1,0.1,Rsastmf,ACF&PACF
5,0.5242966751918159,16.564350128173828,0.16611123085021973,13.139307498931885,2.6933796405792236,0.5580878257751465,Adiac,ACF&PACF: p=0.1 q=0.1,0.1,DictRsast,ACF&PACF
