,accuracy,time,cweights_time,fsubsequence_time,tdataset_time,tclassifier_time,dataset_name,classifier_name,range_q,method,len_method
0,0.5025641025641026,65.46107578277588,0.2683868408203125,62.20519042015076,2.6554484367370605,0.32462644577026367,CricketZ,ACF&PACF: p=0 q=0,0,Rsastmf,ACF&PACF
1,0.6846153846153846,60.31416463851929,0.18995428085327148,57.62924122810364,2.0810952186584473,0.4043445587158203,CricketZ,ACF&PACF: p=0 q=0,0,DictRsast,ACF&PACF
2,0.5102564102564102,80.01263236999512,0.17628073692321777,77.39751291275024,1.9347684383392334,0.4953274726867676,CricketZ,ACF&PACF: p=0 q=0.1,0.1,Rsastmf,ACF&PACF
3,0.7743589743589744,84.12062168121338,0.2741227149963379,80.78786087036133,2.5405588150024414,0.508476734161377,CricketZ,ACF&PACF: p=0 q=0.1,0.1,DictRsast,ACF&PACF
4,0.48717948717948717,43.91359901428223,0.2116718292236328,41.43763542175293,1.9407482147216797,0.3181447982788086,CricketZ,ACF&PACF: p=0.1 q=0.1,0.1,Rsastmf,ACF&PACF
5,0.6358974358974359,51.06417274475098,0.17307496070861816,48.264408588409424,2.0914087295532227,0.5310533046722412,CricketZ,ACF&PACF: p=0.1 q=0.1,0.1,DictRsast,ACF&PACF
